sequence_id,video_filename,split,behavior,gender,label,start_frame_index,end_frame_index,seq_len,valid_frame_count,reused_frame_count,input_reused,source_fps,duration_seconds
seq_train_000001,P1043088_720.mp4,train,Yawning,Female,1,0,45,16,16,0,False,25.0,1.8
seq_train_000002,P1043088_720.mp4,train,Yawning,Female,1,24,69,16,16,0,False,25.0,1.8
seq_train_000003,P1043088_720.mp4,train,Yawning,Female,1,48,93,16,16,0,False,25.0,1.8
seq_train_000004,P1043088_720.mp4,train,Yawning,Female,1,72,117,16,16,0,False,25.0,1.8
seq_train_000005,P1043088_720.mp4,train,Yawning,Female,1,144,189,16,15,1,True,25.0,1.8
seq_train_000006,P1043088_720.mp4,train,Yawning,Female,1,168,213,16,16,0,False,25.0,1.8
seq_train_000007,P1043088_720.mp4,train,Yawning,Female,1,192,237,16,16,0,False,25.0,1.8
seq_train_000008,P1043088_720.mp4,train,Yawning,Female,1,216,261,16,16,0,False,25.0,1.8
seq_train_000009,P1043088_720.mp4,train,Yawning,Female,1,240,285,16,16,0,False,25.0,1.8
seq_train_000010,P1043088_720.mp4,train,Yawning,Female,1,264,309,16,16,0,False,25.0,1.8
seq_train_000011,P1043088_720.mp4,train,Yawning,Female,1,288,333,16,16,0,False,25.0,1.8
seq_train_000012,P1043088_720.mp4,train,Yawning,Female,1,312,357,16,16,0,False,25.0,1.8
seq_train_000013,P1043088_720.mp4,train,Yawning,Female,1,336,381,16,16,0,False,25.0,1.8
seq_train_000014,P1043088_720.mp4,train,Yawning,Female,1,360,405,16,16,0,False,25.0,1.8
seq_train_000015,P1043088_720.mp4,train,Yawning,Female,1,384,429,16,16,0,False,25.0,1.8
seq_train_000016,P1043088_720.mp4,train,Yawning,Female,1,408,453,16,16,0,False,25.0,1.8
seq_train_000017,P1043088_720.mp4,train,Yawning,Female,1,432,477,16,16,0,False,25.0,1.8
seq_train_000018,P1043088_720.mp4,train,Yawning,Female,1,456,501,16,16,0,False,25.0,1.8
seq_train_000019,P1043088_720.mp4,train,Yawning,Female,1,480,525,16,16,0,False,25.0,1.8
seq_train_000020,P1043088_720.mp4,train,Yawning,Female,1,504,549,16,16,0,False,25.0,1.8
seq_train_000021,P1043088_720.mp4,train,Yawning,Female,1,528,573,16,16,0,False,25.0,1.8
seq_train_000022,P1043088_720.mp4,train,Yawning,Female,1,552,597,16,16,0,False,25.0,1.8
seq_train_000023,P1043088_720.mp4,train,Yawning,Female,1,576,621,16,16,0,False,25.0,1.8
seq_train_000024,P1043088_720.mp4,train,Yawning,Female,1,600,645,16,16,0,False,25.0,1.8
seq_train_000025,P1043088_720.mp4,train,Yawning,Female,1,624,669,16,16,0,False,25.0,1.8
seq_train_000026,P1043088_720.mp4,train,Yawning,Female,1,648,693,16,16,0,False,25.0,1.8
seq_train_000027,P1043088_720.mp4,train,Yawning,Female,1,672,717,16,16,0,False,25.0,1.8
seq_train_000028,P1043088_720.mp4,train,Yawning,Female,1,696,741,16,16,0,False,25.0,1.8
seq_train_000029,P1043088_720.mp4,train,Yawning,Female,1,720,765,16,16,0,False,25.0,1.8
seq_train_000030,P1043088_720.mp4,train,Yawning,Female,1,744,789,16,16,0,False,25.0,1.8
seq_train_000031,P1043088_720.mp4,train,Yawning,Female,1,768,813,16,16,0,False,25.0,1.8
seq_train_000032,P1043088_720.mp4,train,Yawning,Female,1,792,837,16,16,0,False,25.0,1.8
seq_train_000033,P1043088_720.mp4,train,Yawning,Female,1,816,861,16,16,0,False,25.0,1.8
seq_train_000034,P1043088_720.mp4,train,Yawning,Female,1,840,885,16,16,0,False,25.0,1.8
seq_train_000035,P1043088_720.mp4,train,Yawning,Female,1,864,909,16,16,0,False,25.0,1.8
seq_train_000036,P1043088_720.mp4,train,Yawning,Female,1,888,933,16,16,0,False,25.0,1.8
seq_train_000037,P1043088_720.mp4,train,Yawning,Female,1,912,957,16,16,0,False,25.0,1.8
seq_train_000038,P1043088_720.mp4,train,Yawning,Female,1,936,981,16,16,0,False,25.0,1.8
seq_train_000039,P1043088_720.mp4,train,Yawning,Female,1,960,1005,16,16,0,False,25.0,1.8
seq_train_000040,P1043088_720.mp4,train,Yawning,Female,1,984,1029,16,16,0,False,25.0,1.8
seq_train_000041,P1043088_720.mp4,train,Yawning,Female,1,1008,1053,16,16,0,False,25.0,1.8
seq_train_000042,P1043088_720.mp4,train,Yawning,Female,1,1032,1077,16,16,0,False,25.0,1.8
seq_train_000043,P1043088_720.mp4,train,Yawning,Female,1,1056,1101,16,16,0,False,25.0,1.8
seq_train_000044,P1043088_720.mp4,train,Yawning,Female,1,1080,1125,16,16,0,False,25.0,1.8
seq_train_000045,P1043088_720.mp4,train,Yawning,Female,1,1104,1149,16,16,0,False,25.0,1.8
seq_train_000046,P1043088_720.mp4,train,Yawning,Female,1,1128,1173,16,16,0,False,25.0,1.8
seq_train_000047,P1043088_720.mp4,train,Yawning,Female,1,1152,1197,16,16,0,False,25.0,1.8
seq_train_000048,P1043088_720.mp4,train,Yawning,Female,1,1176,1221,16,16,0,False,25.0,1.8
seq_train_000049,P1043088_720.mp4,train,Yawning,Female,1,1200,1245,16,16,0,False,25.0,1.8
seq_train_000050,P1043088_720.mp4,train,Yawning,Female,1,1224,1269,16,16,0,False,25.0,1.8
seq_train_000051,P1043088_720.mp4,train,Yawning,Female,1,1248,1293,16,16,0,False,25.0,1.8
seq_train_000052,P1043088_720.mp4,train,Yawning,Female,1,1272,1317,16,16,0,False,25.0,1.8
seq_train_000053,P1043088_720.mp4,train,Yawning,Female,1,1296,1341,16,16,0,False,25.0,1.8
seq_train_000054,P1043088_720.mp4,train,Yawning,Female,1,1320,1365,16,16,0,False,25.0,1.8
seq_train_000055,P1043088_720.mp4,train,Yawning,Female,1,1344,1389,16,16,0,False,25.0,1.8
seq_train_000056,P1043088_720.mp4,train,Yawning,Female,1,1368,1413,16,16,0,False,25.0,1.8
seq_train_000057,P1043088_720.mp4,train,Yawning,Female,1,1392,1437,16,16,0,False,25.0,1.8
seq_train_000058,P1043088_720.mp4,train,Yawning,Female,1,1416,1461,16,16,0,False,25.0,1.8
seq_train_000059,P1043088_720.mp4,train,Yawning,Female,1,1440,1485,16,16,0,False,25.0,1.8
seq_train_000060,P1043088_720.mp4,train,Yawning,Female,1,1464,1509,16,16,0,False,25.0,1.8
seq_train_000061,P1043088_720.mp4,train,Yawning,Female,1,1488,1533,16,16,0,False,25.0,1.8
seq_train_000062,P1043088_720.mp4,train,Yawning,Female,1,1512,1557,16,16,0,False,25.0,1.8
seq_train_000063,P1043088_720.mp4,train,Yawning,Female,1,1536,1581,16,16,0,False,25.0,1.8
seq_train_000064,P1043088_720.mp4,train,Yawning,Female,1,1560,1605,16,16,0,False,25.0,1.8
seq_train_000065,P1043088_720.mp4,train,Yawning,Female,1,1584,1629,16,16,0,False,25.0,1.8
seq_train_000066,P1043088_720.mp4,train,Yawning,Female,1,1608,1653,16,16,0,False,25.0,1.8
seq_train_000067,P1043088_720.mp4,train,Yawning,Female,1,1632,1677,16,16,0,False,25.0,1.8
seq_train_000068,P1043088_720.mp4,train,Yawning,Female,1,1656,1701,16,16,0,False,25.0,1.8
seq_train_000069,P1043088_720.mp4,train,Yawning,Female,1,1680,1725,16,16,0,False,25.0,1.8
seq_train_000070,P1043088_720.mp4,train,Yawning,Female,1,1704,1749,16,16,0,False,25.0,1.8
seq_train_000071,P1043088_720.mp4,train,Yawning,Female,1,1728,1773,16,16,0,False,25.0,1.8
seq_train_000072,P1043088_720.mp4,train,Yawning,Female,1,1752,1797,16,16,0,False,25.0,1.8
seq_train_000073,P1043088_720.mp4,train,Yawning,Female,1,1776,1821,16,16,0,False,25.0,1.8
seq_train_000074,P1043088_720.mp4,train,Yawning,Female,1,1800,1845,16,16,0,False,25.0,1.8
seq_train_000075,P1043088_720.mp4,train,Yawning,Female,1,1824,1869,16,16,0,False,25.0,1.8
seq_train_000076,P1043088_720.mp4,train,Yawning,Female,1,1848,1893,16,16,0,False,25.0,1.8
seq_train_000077,P1043088_720.mp4,train,Yawning,Female,1,1872,1917,16,16,0,False,25.0,1.8
seq_train_000078,P1043088_720.mp4,train,Yawning,Female,1,1896,1941,16,16,0,False,25.0,1.8
seq_train_000079,P1043088_720.mp4,train,Yawning,Female,1,1920,1965,16,16,0,False,25.0,1.8
seq_train_000080,P1043088_720.mp4,train,Yawning,Female,1,1944,1989,16,16,0,False,25.0,1.8
seq_train_000081,P1043088_720.mp4,train,Yawning,Female,1,1968,2013,16,16,0,False,25.0,1.8
seq_train_000082,P1043088_720.mp4,train,Yawning,Female,1,1992,2037,16,16,0,False,25.0,1.8
seq_train_000083,P1043088_720.mp4,train,Yawning,Female,1,2016,2061,16,16,0,False,25.0,1.8
seq_train_000084,P1043088_720.mp4,train,Yawning,Female,1,2040,2085,16,16,0,False,25.0,1.8
seq_train_000085,P1043088_720.mp4,train,Yawning,Female,1,2064,2109,16,16,0,False,25.0,1.8
seq_train_000086,P1043088_720.mp4,train,Yawning,Female,1,2088,2133,16,16,0,False,25.0,1.8
seq_train_000087,P1043088_720.mp4,train,Yawning,Female,1,2112,2157,16,16,0,False,25.0,1.8
seq_train_000088,P1043088_720.mp4,train,Yawning,Female,1,2136,2181,16,16,0,False,25.0,1.8
seq_train_000089,P1043088_720.mp4,train,Yawning,Female,1,2160,2205,16,16,0,False,25.0,1.8
seq_train_000090,P1043088_720.mp4,train,Yawning,Female,1,2184,2229,16,16,0,False,25.0,1.8
seq_train_000091,P1043088_720.mp4,train,Yawning,Female,1,2208,2253,16,16,0,False,25.0,1.8
seq_train_000092,P1043088_720.mp4,train,Yawning,Female,1,2232,2277,16,16,0,False,25.0,1.8
seq_train_000093,P1043088_720.mp4,train,Yawning,Female,1,2256,2301,16,16,0,False,25.0,1.8
seq_train_000094,P1043088_720.mp4,train,Yawning,Female,1,2280,2325,16,16,0,False,25.0,1.8
seq_train_000095,P1043088_720.mp4,train,Yawning,Female,1,2304,2349,16,16,0,False,25.0,1.8
seq_train_000096,P1043088_720.mp4,train,Yawning,Female,1,2328,2373,16,16,0,False,25.0,1.8
seq_train_000097,P1043088_720.mp4,train,Yawning,Female,1,2352,2397,16,16,0,False,25.0,1.8
seq_train_000098,P1043088_720.mp4,train,Yawning,Female,1,2376,2421,16,16,0,False,25.0,1.8
seq_train_000099,P1043088_720.mp4,train,Yawning,Female,1,2400,2445,16,16,0,False,25.0,1.8
seq_train_000100,P1043088_720.mp4,train,Yawning,Female,1,2424,2469,16,16,0,False,25.0,1.8
seq_train_000101,P1043088_720.mp4,train,Yawning,Female,1,2448,2493,16,16,0,False,25.0,1.8
seq_train_000102,P1043088_720.mp4,train,Yawning,Female,1,2472,2517,16,16,0,False,25.0,1.8
seq_train_000103,P1043088_720.mp4,train,Yawning,Female,1,2496,2541,16,16,0,False,25.0,1.8
seq_train_000104,P1043088_720.mp4,train,Yawning,Female,1,2520,2565,16,16,0,False,25.0,1.8
seq_train_000105,P1043088_720.mp4,train,Yawning,Female,1,2544,2589,16,16,0,False,25.0,1.8
seq_train_000106,P1043088_720.mp4,train,Yawning,Female,1,2568,2613,16,16,0,False,25.0,1.8
seq_train_000107,P1043088_720.mp4,train,Yawning,Female,1,2592,2637,16,16,0,False,25.0,1.8
seq_train_000108,P1043088_720.mp4,train,Yawning,Female,1,2616,2661,16,16,0,False,25.0,1.8
seq_train_000109,P1043088_720.mp4,train,Yawning,Female,1,2640,2685,16,16,0,False,25.0,1.8
seq_train_000110,P1043088_720.mp4,train,Yawning,Female,1,2664,2709,16,16,0,False,25.0,1.8
seq_train_000111,P1043088_720.mp4,train,Yawning,Female,1,2688,2733,16,16,0,False,25.0,1.8
seq_train_000112,P1043088_720.mp4,train,Yawning,Female,1,2712,2757,16,16,0,False,25.0,1.8
seq_train_000113,P1043088_720.mp4,train,Yawning,Female,1,2736,2781,16,16,0,False,25.0,1.8
seq_train_000114,P1043088_720.mp4,train,Yawning,Female,1,2760,2805,16,16,0,False,25.0,1.8
seq_train_000115,P1043088_720.mp4,train,Yawning,Female,1,2784,2829,16,16,0,False,25.0,1.8
seq_train_000116,P1043088_720.mp4,train,Yawning,Female,1,2808,2853,16,16,0,False,25.0,1.8
seq_train_000117,P1043088_720.mp4,train,Yawning,Female,1,2832,2877,16,16,0,False,25.0,1.8
seq_train_000118,P1043088_720.mp4,train,Yawning,Female,1,2856,2901,16,16,0,False,25.0,1.8
seq_train_000119,P1043088_720.mp4,train,Yawning,Female,1,2880,2925,16,16,0,False,25.0,1.8
seq_train_000120,P1043088_720.mp4,train,Yawning,Female,1,2904,2949,16,16,0,False,25.0,1.8
seq_train_000121,P1043088_720.mp4,train,Yawning,Female,1,2928,2973,16,16,0,False,25.0,1.8
seq_train_000122,P1043088_720.mp4,train,Yawning,Female,1,2952,2997,16,16,0,False,25.0,1.8
seq_train_000123,P1043088_720.mp4,train,Yawning,Female,1,2976,3021,16,16,0,False,25.0,1.8
seq_train_000124,P1043088_720.mp4,train,Yawning,Female,1,3000,3045,16,16,0,False,25.0,1.8
seq_train_000125,P1043088_720.mp4,train,Yawning,Female,1,3024,3069,16,16,0,False,25.0,1.8
seq_train_000126,P1043088_720.mp4,train,Yawning,Female,1,3048,3093,16,16,0,False,25.0,1.8
seq_train_000127,P1043088_720.mp4,train,Yawning,Female,1,3072,3117,16,16,0,False,25.0,1.8
seq_train_000128,P1043088_720.mp4,train,Yawning,Female,1,3096,3141,16,16,0,False,25.0,1.8
seq_train_000129,P1043088_720.mp4,train,Yawning,Female,1,3120,3165,16,16,0,False,25.0,1.8
seq_train_000130,P1043088_720.mp4,train,Yawning,Female,1,3144,3189,16,13,3,True,25.0,1.8
seq_train_000131,P1043088_720.mp4,train,Yawning,Female,1,3168,3213,16,13,3,True,25.0,1.8
seq_train_000132,P1043088_720.mp4,train,Yawning,Female,1,3192,3237,16,16,0,False,25.0,1.8
seq_train_000133,P1043088_720.mp4,train,Yawning,Female,1,3216,3261,16,16,0,False,25.0,1.8
seq_train_000134,P1043088_720.mp4,train,Yawning,Female,1,3240,3285,16,16,0,False,25.0,1.8
seq_train_000135,P1042792_720.mp4,train,Yawning,Male,1,0,45,16,16,0,False,25.0,1.8
seq_train_000136,P1042792_720.mp4,train,Yawning,Male,1,24,69,16,16,0,False,25.0,1.8
seq_train_000137,P1042792_720.mp4,train,Yawning,Male,1,48,93,16,16,0,False,25.0,1.8
seq_train_000138,P1042792_720.mp4,train,Yawning,Male,1,72,117,16,16,0,False,25.0,1.8
seq_train_000139,P1042792_720.mp4,train,Yawning,Male,1,96,141,16,16,0,False,25.0,1.8
seq_train_000140,P1042792_720.mp4,train,Yawning,Male,1,120,165,16,16,0,False,25.0,1.8
seq_train_000141,P1042792_720.mp4,train,Yawning,Male,1,144,189,16,16,0,False,25.0,1.8
seq_train_000142,P1042792_720.mp4,train,Yawning,Male,1,168,213,16,16,0,False,25.0,1.8
seq_train_000143,P1042792_720.mp4,train,Yawning,Male,1,192,237,16,16,0,False,25.0,1.8
seq_train_000144,P1042792_720.mp4,train,Yawning,Male,1,216,261,16,16,0,False,25.0,1.8
seq_train_000145,P1042792_720.mp4,train,Yawning,Male,1,240,285,16,16,0,False,25.0,1.8
seq_train_000146,P1042792_720.mp4,train,Yawning,Male,1,264,309,16,16,0,False,25.0,1.8
seq_train_000147,P1042792_720.mp4,train,Yawning,Male,1,288,333,16,16,0,False,25.0,1.8
seq_train_000148,P1042792_720.mp4,train,Yawning,Male,1,312,357,16,16,0,False,25.0,1.8
seq_train_000149,P1042792_720.mp4,train,Yawning,Male,1,336,381,16,16,0,False,25.0,1.8
seq_train_000150,P1042792_720.mp4,train,Yawning,Male,1,360,405,16,16,0,False,25.0,1.8
seq_train_000151,P1042792_720.mp4,train,Yawning,Male,1,384,429,16,16,0,False,25.0,1.8
seq_train_000152,P1042792_720.mp4,train,Yawning,Male,1,408,453,16,16,0,False,25.0,1.8
seq_train_000153,P1042792_720.mp4,train,Yawning,Male,1,432,477,16,16,0,False,25.0,1.8
seq_train_000154,P1042792_720.mp4,train,Yawning,Male,1,456,501,16,16,0,False,25.0,1.8
seq_train_000155,P1042792_720.mp4,train,Yawning,Male,1,480,525,16,16,0,False,25.0,1.8
seq_train_000156,P1042792_720.mp4,train,Yawning,Male,1,504,549,16,16,0,False,25.0,1.8
seq_train_000157,P1042792_720.mp4,train,Yawning,Male,1,528,573,16,16,0,False,25.0,1.8
seq_train_000158,P1042792_720.mp4,train,Yawning,Male,1,552,597,16,16,0,False,25.0,1.8
seq_train_000159,P1042792_720.mp4,train,Yawning,Male,1,576,621,16,16,0,False,25.0,1.8
seq_train_000160,P1042792_720.mp4,train,Yawning,Male,1,600,645,16,16,0,False,25.0,1.8
seq_train_000161,P1042792_720.mp4,train,Yawning,Male,1,624,669,16,16,0,False,25.0,1.8
seq_train_000162,P1042792_720.mp4,train,Yawning,Male,1,648,693,16,16,0,False,25.0,1.8
seq_train_000163,P1042792_720.mp4,train,Yawning,Male,1,672,717,16,16,0,False,25.0,1.8
seq_train_000164,P1042792_720.mp4,train,Yawning,Male,1,696,741,16,16,0,False,25.0,1.8
seq_train_000165,P1042792_720.mp4,train,Yawning,Male,1,720,765,16,16,0,False,25.0,1.8
seq_train_000166,P1042792_720.mp4,train,Yawning,Male,1,744,789,16,16,0,False,25.0,1.8
seq_train_000167,P1042792_720.mp4,train,Yawning,Male,1,768,813,16,16,0,False,25.0,1.8
seq_train_000168,P1042792_720.mp4,train,Yawning,Male,1,792,837,16,16,0,False,25.0,1.8
seq_train_000169,P1042792_720.mp4,train,Yawning,Male,1,816,861,16,16,0,False,25.0,1.8
seq_train_000170,P1042792_720.mp4,train,Yawning,Male,1,840,885,16,16,0,False,25.0,1.8
seq_train_000171,P1042792_720.mp4,train,Yawning,Male,1,864,909,16,16,0,False,25.0,1.8
seq_train_000172,P1042792_720.mp4,train,Yawning,Male,1,888,933,16,16,0,False,25.0,1.8
seq_train_000173,P1042792_720.mp4,train,Yawning,Male,1,912,957,16,16,0,False,25.0,1.8
seq_train_000174,P1042792_720.mp4,train,Yawning,Male,1,936,981,16,16,0,False,25.0,1.8
seq_train_000175,P1042792_720.mp4,train,Yawning,Male,1,960,1005,16,16,0,False,25.0,1.8
seq_train_000176,P1042792_720.mp4,train,Yawning,Male,1,984,1029,16,16,0,False,25.0,1.8
seq_train_000177,P1042792_720.mp4,train,Yawning,Male,1,1008,1053,16,16,0,False,25.0,1.8
seq_train_000178,P1042792_720.mp4,train,Yawning,Male,1,1032,1077,16,16,0,False,25.0,1.8
seq_train_000179,P1042792_720.mp4,train,Yawning,Male,1,1056,1101,16,16,0,False,25.0,1.8
seq_train_000180,P1042792_720.mp4,train,Yawning,Male,1,1080,1125,16,16,0,False,25.0,1.8
seq_train_000181,P1042792_720.mp4,train,Yawning,Male,1,1104,1149,16,16,0,False,25.0,1.8
seq_train_000182,P1042792_720.mp4,train,Yawning,Male,1,1128,1173,16,16,0,False,25.0,1.8
seq_train_000183,P1042792_720.mp4,train,Yawning,Male,1,1152,1197,16,14,2,True,25.0,1.8
seq_train_000184,P1042763_720.mp4,train,Yawning,Male,1,0,45,16,16,0,False,25.0,1.8
seq_train_000185,P1042763_720.mp4,train,Yawning,Male,1,24,69,16,16,0,False,25.0,1.8
seq_train_000186,P1042763_720.mp4,train,Yawning,Male,1,48,93,16,16,0,False,25.0,1.8
seq_train_000187,P1042763_720.mp4,train,Yawning,Male,1,72,117,16,16,0,False,25.0,1.8
seq_train_000188,P1042763_720.mp4,train,Yawning,Male,1,96,141,16,16,0,False,25.0,1.8
seq_train_000189,P1042763_720.mp4,train,Yawning,Male,1,120,165,16,16,0,False,25.0,1.8
seq_train_000190,P1042763_720.mp4,train,Yawning,Male,1,144,189,16,16,0,False,25.0,1.8
seq_train_000191,P1042763_720.mp4,train,Yawning,Male,1,168,213,16,16,0,False,25.0,1.8
seq_train_000192,P1042763_720.mp4,train,Yawning,Male,1,192,237,16,16,0,False,25.0,1.8
seq_train_000193,P1042763_720.mp4,train,Yawning,Male,1,216,261,16,16,0,False,25.0,1.8
seq_train_000194,P1042763_720.mp4,train,Yawning,Male,1,240,285,16,16,0,False,25.0,1.8
seq_train_000195,P1042763_720.mp4,train,Yawning,Male,1,264,309,16,16,0,False,25.0,1.8
seq_train_000196,P1042763_720.mp4,train,Yawning,Male,1,288,333,16,16,0,False,25.0,1.8
seq_train_000197,P1042763_720.mp4,train,Yawning,Male,1,312,357,16,16,0,False,25.0,1.8
seq_train_000198,P1042763_720.mp4,train,Yawning,Male,1,336,381,16,16,0,False,25.0,1.8
seq_train_000199,P1042763_720.mp4,train,Yawning,Male,1,360,405,16,16,0,False,25.0,1.8
seq_train_000200,P1042763_720.mp4,train,Yawning,Male,1,384,429,16,16,0,False,25.0,1.8
seq_train_000201,P1042763_720.mp4,train,Yawning,Male,1,408,453,16,16,0,False,25.0,1.8
seq_train_000202,P1042763_720.mp4,train,Yawning,Male,1,432,477,16,16,0,False,25.0,1.8
seq_train_000203,P1042763_720.mp4,train,Yawning,Male,1,456,501,16,16,0,False,25.0,1.8
seq_train_000204,P1042763_720.mp4,train,Yawning,Male,1,480,525,16,16,0,False,25.0,1.8
seq_train_000205,P1042763_720.mp4,train,Yawning,Male,1,504,549,16,16,0,False,25.0,1.8
seq_train_000206,P1042763_720.mp4,train,Yawning,Male,1,528,573,16,16,0,False,25.0,1.8
seq_train_000207,P1042763_720.mp4,train,Yawning,Male,1,552,597,16,16,0,False,25.0,1.8
seq_train_000208,P1042763_720.mp4,train,Yawning,Male,1,576,621,16,16,0,False,25.0,1.8
seq_train_000209,P1042763_720.mp4,train,Yawning,Male,1,600,645,16,16,0,False,25.0,1.8
seq_train_000210,P1042763_720.mp4,train,Yawning,Male,1,624,669,16,16,0,False,25.0,1.8
seq_train_000211,P1042763_720.mp4,train,Yawning,Male,1,648,693,16,16,0,False,25.0,1.8
seq_train_000212,P1042763_720.mp4,train,Yawning,Male,1,672,717,16,16,0,False,25.0,1.8
seq_train_000213,P1042763_720.mp4,train,Yawning,Male,1,696,741,16,16,0,False,25.0,1.8
seq_train_000214,P1042763_720.mp4,train,Yawning,Male,1,720,765,16,16,0,False,25.0,1.8
seq_train_000215,P1042763_720.mp4,train,Yawning,Male,1,744,789,16,16,0,False,25.0,1.8
seq_train_000216,P1042763_720.mp4,train,Yawning,Male,1,768,813,16,16,0,False,25.0,1.8
seq_train_000217,P1042748_720.mp4,train,Yawning,Male,1,0,45,16,16,0,False,25.0,1.8
seq_train_000218,P1042748_720.mp4,train,Yawning,Male,1,24,69,16,16,0,False,25.0,1.8
seq_train_000219,P1042748_720.mp4,train,Yawning,Male,1,48,93,16,16,0,False,25.0,1.8
seq_train_000220,P1042748_720.mp4,train,Yawning,Male,1,72,117,16,16,0,False,25.0,1.8
seq_train_000221,P1042748_720.mp4,train,Yawning,Male,1,96,141,16,16,0,False,25.0,1.8
seq_train_000222,P1042748_720.mp4,train,Yawning,Male,1,120,165,16,16,0,False,25.0,1.8
seq_train_000223,P1042748_720.mp4,train,Yawning,Male,1,144,189,16,16,0,False,25.0,1.8
seq_train_000224,P1042748_720.mp4,train,Yawning,Male,1,168,213,16,16,0,False,25.0,1.8
seq_train_000225,P1042748_720.mp4,train,Yawning,Male,1,192,237,16,16,0,False,25.0,1.8
seq_train_000226,P1042748_720.mp4,train,Yawning,Male,1,216,261,16,16,0,False,25.0,1.8
seq_train_000227,P1042748_720.mp4,train,Yawning,Male,1,240,285,16,16,0,False,25.0,1.8
seq_train_000228,P1042748_720.mp4,train,Yawning,Male,1,264,309,16,16,0,False,25.0,1.8
seq_train_000229,P1042748_720.mp4,train,Yawning,Male,1,288,333,16,16,0,False,25.0,1.8
seq_train_000230,P1042748_720.mp4,train,Yawning,Male,1,312,357,16,16,0,False,25.0,1.8
seq_train_000231,P1042748_720.mp4,train,Yawning,Male,1,336,381,16,16,0,False,25.0,1.8
seq_train_000232,P1042748_720.mp4,train,Yawning,Male,1,360,405,16,16,0,False,25.0,1.8
seq_train_000233,P1042748_720.mp4,train,Yawning,Male,1,384,429,16,16,0,False,25.0,1.8
seq_train_000234,P1042748_720.mp4,train,Yawning,Male,1,408,453,16,16,0,False,25.0,1.8
seq_train_000235,P1042748_720.mp4,train,Yawning,Male,1,432,477,16,16,0,False,25.0,1.8
seq_train_000236,P1042748_720.mp4,train,Yawning,Male,1,456,501,16,16,0,False,25.0,1.8
seq_train_000237,P1042748_720.mp4,train,Yawning,Male,1,480,525,16,16,0,False,25.0,1.8
seq_train_000238,P1042748_720.mp4,train,Yawning,Male,1,504,549,16,16,0,False,25.0,1.8
seq_train_000239,P1042748_720.mp4,train,Yawning,Male,1,528,573,16,16,0,False,25.0,1.8
seq_train_000240,P1042748_720.mp4,train,Yawning,Male,1,552,597,16,16,0,False,25.0,1.8
seq_train_000241,P1042748_720.mp4,train,Yawning,Male,1,576,621,16,16,0,False,25.0,1.8
seq_train_000242,P1042748_720.mp4,train,Yawning,Male,1,600,645,16,16,0,False,25.0,1.8
seq_train_000243,P1042748_720.mp4,train,Yawning,Male,1,624,669,16,16,0,False,25.0,1.8
seq_train_000244,P1042748_720.mp4,train,Yawning,Male,1,648,693,16,16,0,False,25.0,1.8
seq_train_000245,P1042748_720.mp4,train,Yawning,Male,1,672,717,16,16,0,False,25.0,1.8
seq_train_000246,P1042748_720.mp4,train,Yawning,Male,1,696,741,16,16,0,False,25.0,1.8
seq_train_000247,P1042748_720.mp4,train,Yawning,Male,1,720,765,16,16,0,False,25.0,1.8
seq_train_000248,P1042748_720.mp4,train,Yawning,Male,1,744,789,16,16,0,False,25.0,1.8
seq_train_000249,P1042748_720.mp4,train,Yawning,Male,1,768,813,16,16,0,False,25.0,1.8
seq_train_000250,P1042748_720.mp4,train,Yawning,Male,1,792,837,16,16,0,False,25.0,1.8
seq_train_000251,P1042748_720.mp4,train,Yawning,Male,1,816,861,16,16,0,False,25.0,1.8
seq_train_000252,P1042748_720.mp4,train,Yawning,Male,1,840,885,16,16,0,False,25.0,1.8
seq_train_000253,P1042748_720.mp4,train,Yawning,Male,1,864,909,16,16,0,False,25.0,1.8
seq_train_000254,P1042748_720.mp4,train,Yawning,Male,1,888,933,16,16,0,False,25.0,1.8
seq_train_000255,P1042748_720.mp4,train,Yawning,Male,1,912,957,16,16,0,False,25.0,1.8
seq_train_000256,P1042748_720.mp4,train,Yawning,Male,1,936,981,16,16,0,False,25.0,1.8
seq_train_000257,P1042748_720.mp4,train,Yawning,Male,1,960,1005,16,16,0,False,25.0,1.8
seq_train_000258,P1042748_720.mp4,train,Yawning,Male,1,984,1029,16,16,0,False,25.0,1.8
seq_train_000259,P1042748_720.mp4,train,Yawning,Male,1,1008,1053,16,16,0,False,25.0,1.8
seq_train_000260,P1042748_720.mp4,train,Yawning,Male,1,1032,1077,16,16,0,False,25.0,1.8
seq_train_000261,P1042748_720.mp4,train,Yawning,Male,1,1056,1101,16,16,0,False,25.0,1.8
seq_train_000262,P1042748_720.mp4,train,Yawning,Male,1,1080,1125,16,16,0,False,25.0,1.8
seq_train_000263,P1042748_720.mp4,train,Yawning,Male,1,1104,1149,16,16,0,False,25.0,1.8
seq_train_000264,P1042748_720.mp4,train,Yawning,Male,1,1128,1173,16,16,0,False,25.0,1.8
seq_train_000265,P1042748_720.mp4,train,Yawning,Male,1,1152,1197,16,16,0,False,25.0,1.8
seq_train_000266,P1042748_720.mp4,train,Yawning,Male,1,1176,1221,16,16,0,False,25.0,1.8
seq_train_000267,P1042748_720.mp4,train,Yawning,Male,1,1200,1245,16,16,0,False,25.0,1.8
seq_train_000268,P1042748_720.mp4,train,Yawning,Male,1,1224,1269,16,16,0,False,25.0,1.8
seq_train_000269,P1042748_720.mp4,train,Yawning,Male,1,1248,1293,16,16,0,False,25.0,1.8
seq_train_000270,P1042748_720.mp4,train,Yawning,Male,1,1272,1317,16,16,0,False,25.0,1.8
seq_train_000271,P1042773_720.mp4,train,Yawning,Male,1,72,117,16,13,3,True,25.0,1.8
seq_train_000272,P1042773_720.mp4,train,Yawning,Male,1,96,141,16,16,0,False,25.0,1.8
seq_train_000273,P1042773_720.mp4,train,Yawning,Male,1,120,165,16,16,0,False,25.0,1.8
seq_train_000274,P1042773_720.mp4,train,Yawning,Male,1,144,189,16,13,3,True,25.0,1.8
seq_train_000275,P1042773_720.mp4,train,Yawning,Male,1,168,213,16,13,3,True,25.0,1.8
seq_train_000276,P1042773_720.mp4,train,Yawning,Male,1,192,237,16,16,0,False,25.0,1.8
seq_train_000277,P1042773_720.mp4,train,Yawning,Male,1,216,261,16,16,0,False,25.0,1.8
seq_train_000278,P1042773_720.mp4,train,Yawning,Male,1,240,285,16,16,0,False,25.0,1.8
seq_train_000279,P1042773_720.mp4,train,Yawning,Male,1,264,309,16,16,0,False,25.0,1.8
seq_train_000280,P1042773_720.mp4,train,Yawning,Male,1,288,333,16,16,0,False,25.0,1.8
seq_train_000281,P1042773_720.mp4,train,Yawning,Male,1,312,357,16,16,0,False,25.0,1.8
seq_train_000282,P1042773_720.mp4,train,Yawning,Male,1,336,381,16,16,0,False,25.0,1.8
seq_train_000283,P1042773_720.mp4,train,Yawning,Male,1,360,405,16,16,0,False,25.0,1.8
seq_train_000284,P1042773_720.mp4,train,Yawning,Male,1,384,429,16,16,0,False,25.0,1.8
seq_train_000285,P1042773_720.mp4,train,Yawning,Male,1,408,453,16,16,0,False,25.0,1.8
seq_train_000286,P1042773_720.mp4,train,Yawning,Male,1,432,477,16,16,0,False,25.0,1.8
seq_train_000287,P1042773_720.mp4,train,Yawning,Male,1,456,501,16,16,0,False,25.0,1.8
seq_train_000288,P1042773_720.mp4,train,Yawning,Male,1,480,525,16,16,0,False,25.0,1.8
seq_train_000289,P1042773_720.mp4,train,Yawning,Male,1,504,549,16,16,0,False,25.0,1.8
seq_train_000290,P1042773_720.mp4,train,Yawning,Male,1,528,573,16,16,0,False,25.0,1.8
seq_train_000291,P1042773_720.mp4,train,Yawning,Male,1,552,597,16,15,1,True,25.0,1.8
seq_train_000292,P1042773_720.mp4,train,Yawning,Male,1,600,645,16,13,3,True,25.0,1.8
seq_train_000293,P1042773_720.mp4,train,Yawning,Male,1,624,669,16,16,0,False,25.0,1.8
seq_train_000294,P1042773_720.mp4,train,Yawning,Male,1,648,693,16,16,0,False,25.0,1.8
seq_train_000295,P1042773_720.mp4,train,Yawning,Male,1,672,717,16,16,0,False,25.0,1.8
seq_train_000296,P1042773_720.mp4,train,Yawning,Male,1,696,741,16,16,0,False,25.0,1.8
seq_train_000297,P1042773_720.mp4,train,Yawning,Male,1,720,765,16,16,0,False,25.0,1.8
seq_train_000298,P1042773_720.mp4,train,Yawning,Male,1,744,789,16,16,0,False,25.0,1.8
seq_train_000299,P1042773_720.mp4,train,Yawning,Male,1,768,813,16,16,0,False,25.0,1.8
seq_train_000300,P1042773_720.mp4,train,Yawning,Male,1,792,837,16,16,0,False,25.0,1.8
seq_train_000301,P1042773_720.mp4,train,Yawning,Male,1,816,861,16,16,0,False,25.0,1.8
seq_train_000302,P1042773_720.mp4,train,Yawning,Male,1,840,885,16,16,0,False,25.0,1.8
seq_train_000303,P1042773_720.mp4,train,Yawning,Male,1,864,909,16,16,0,False,25.0,1.8
seq_train_000304,P1042773_720.mp4,train,Yawning,Male,1,888,933,16,16,0,False,25.0,1.8
seq_train_000305,P1042773_720.mp4,train,Yawning,Male,1,912,957,16,16,0,False,25.0,1.8
seq_train_000306,P1042773_720.mp4,train,Yawning,Male,1,936,981,16,16,0,False,25.0,1.8
seq_train_000307,P1043065_720.mp4,train,Yawning,Female,1,0,45,16,16,0,False,25.0,1.8
seq_train_000308,P1043065_720.mp4,train,Yawning,Female,1,24,69,16,16,0,False,25.0,1.8
seq_train_000309,P1043065_720.mp4,train,Yawning,Female,1,48,93,16,16,0,False,25.0,1.8
seq_train_000310,P1043065_720.mp4,train,Yawning,Female,1,72,117,16,16,0,False,25.0,1.8
seq_train_000311,P1043065_720.mp4,train,Yawning,Female,1,96,141,16,13,3,True,25.0,1.8
seq_train_000312,P1043065_720.mp4,train,Yawning,Female,1,120,165,16,13,3,True,25.0,1.8
seq_train_000313,P1043065_720.mp4,train,Yawning,Female,1,144,189,16,16,0,False,25.0,1.8
seq_train_000314,P1043065_720.mp4,train,Yawning,Female,1,168,213,16,16,0,False,25.0,1.8
seq_train_000315,P1043065_720.mp4,train,Yawning,Female,1,192,237,16,16,0,False,25.0,1.8
seq_train_000316,P1043065_720.mp4,train,Yawning,Female,1,216,261,16,16,0,False,25.0,1.8
seq_train_000317,P1043065_720.mp4,train,Yawning,Female,1,240,285,16,16,0,False,25.0,1.8
seq_train_000318,P1043065_720.mp4,train,Yawning,Female,1,264,309,16,16,0,False,25.0,1.8
seq_train_000319,P1043065_720.mp4,train,Yawning,Female,1,288,333,16,15,1,True,25.0,1.8
seq_train_000320,P1043065_720.mp4,train,Yawning,Female,1,312,357,16,15,1,True,25.0,1.8
seq_train_000321,P1043065_720.mp4,train,Yawning,Female,1,336,381,16,16,0,False,25.0,1.8
seq_train_000322,P1043065_720.mp4,train,Yawning,Female,1,360,405,16,16,0,False,25.0,1.8
seq_train_000323,P1043065_720.mp4,train,Yawning,Female,1,384,429,16,16,0,False,25.0,1.8
seq_train_000324,P1043065_720.mp4,train,Yawning,Female,1,408,453,16,16,0,False,25.0,1.8
seq_train_000325,P1043065_720.mp4,train,Yawning,Female,1,432,477,16,16,0,False,25.0,1.8
seq_train_000326,P1043065_720.mp4,train,Yawning,Female,1,456,501,16,16,0,False,25.0,1.8
seq_train_000327,P1043065_720.mp4,train,Yawning,Female,1,480,525,16,16,0,False,25.0,1.8
seq_train_000328,P1043065_720.mp4,train,Yawning,Female,1,504,549,16,16,0,False,25.0,1.8
seq_train_000329,P1043065_720.mp4,train,Yawning,Female,1,528,573,16,16,0,False,25.0,1.8
seq_train_000330,P1043065_720.mp4,train,Yawning,Female,1,552,597,16,16,0,False,25.0,1.8
seq_train_000331,P1042797_720.mp4,train,Microsleep,Male,1,0,45,16,16,0,False,25.0,1.8
seq_train_000332,P1042797_720.mp4,train,Microsleep,Male,1,24,69,16,16,0,False,25.0,1.8
seq_train_000333,P1042797_720.mp4,train,Microsleep,Male,1,48,93,16,16,0,False,25.0,1.8
seq_train_000334,P1042797_720.mp4,train,Microsleep,Male,1,72,117,16,16,0,False,25.0,1.8
seq_train_000335,P1042797_720.mp4,train,Microsleep,Male,1,96,141,16,16,0,False,25.0,1.8
seq_train_000336,P1042797_720.mp4,train,Microsleep,Male,1,120,165,16,16,0,False,25.0,1.8
seq_train_000337,P1042797_720.mp4,train,Microsleep,Male,1,144,189,16,16,0,False,25.0,1.8
seq_train_000338,P1042797_720.mp4,train,Microsleep,Male,1,168,213,16,16,0,False,25.0,1.8
seq_train_000339,P1042797_720.mp4,train,Microsleep,Male,1,192,237,16,16,0,False,25.0,1.8
seq_train_000340,P1042797_720.mp4,train,Microsleep,Male,1,216,261,16,16,0,False,25.0,1.8
seq_train_000341,P1042797_720.mp4,train,Microsleep,Male,1,240,285,16,16,0,False,25.0,1.8
seq_train_000342,P1042797_720.mp4,train,Microsleep,Male,1,264,309,16,16,0,False,25.0,1.8
seq_train_000343,P1042797_720.mp4,train,Microsleep,Male,1,288,333,16,16,0,False,25.0,1.8
seq_train_000344,P1042797_720.mp4,train,Microsleep,Male,1,312,357,16,16,0,False,25.0,1.8
seq_train_000345,P1042797_720.mp4,train,Microsleep,Male,1,336,381,16,15,1,True,25.0,1.8
seq_train_000346,P1042797_720.mp4,train,Microsleep,Male,1,360,405,16,15,1,True,25.0,1.8
seq_train_000347,P1042797_720.mp4,train,Microsleep,Male,1,384,429,16,16,0,False,25.0,1.8
seq_train_000348,P1042797_720.mp4,train,Microsleep,Male,1,408,453,16,16,0,False,25.0,1.8
seq_train_000349,P1042797_720.mp4,train,Microsleep,Male,1,432,477,16,16,0,False,25.0,1.8
seq_train_000350,P1042797_720.mp4,train,Microsleep,Male,1,456,501,16,16,0,False,25.0,1.8
seq_train_000351,P1042797_720.mp4,train,Microsleep,Male,1,480,525,16,16,0,False,25.0,1.8
seq_train_000352,P1042797_720.mp4,train,Microsleep,Male,1,504,549,16,16,0,False,25.0,1.8
seq_train_000353,P1042797_720.mp4,train,Microsleep,Male,1,528,573,16,15,1,True,25.0,1.8
seq_train_000354,P1042797_720.mp4,train,Microsleep,Male,1,576,621,16,13,3,True,25.0,1.8
seq_train_000355,P1042797_720.mp4,train,Microsleep,Male,1,600,645,16,16,0,False,25.0,1.8
seq_train_000356,P1042797_720.mp4,train,Microsleep,Male,1,624,669,16,16,0,False,25.0,1.8
seq_train_000357,P1042797_720.mp4,train,Microsleep,Male,1,648,693,16,16,0,False,25.0,1.8
seq_train_000358,P1042797_720.mp4,train,Microsleep,Male,1,672,717,16,16,0,False,25.0,1.8
seq_train_000359,P1042797_720.mp4,train,Microsleep,Male,1,696,741,16,16,0,False,25.0,1.8
seq_train_000360,P1042797_720.mp4,train,Microsleep,Male,1,720,765,16,16,0,False,25.0,1.8
seq_train_000361,P1042797_720.mp4,train,Microsleep,Male,1,744,789,16,16,0,False,25.0,1.8
seq_train_000362,P1042797_720.mp4,train,Microsleep,Male,1,768,813,16,16,0,False,25.0,1.8
seq_train_000363,P1042797_720.mp4,train,Microsleep,Male,1,792,837,16,16,0,False,25.0,1.8
seq_train_000364,P1042797_720.mp4,train,Microsleep,Male,1,816,861,16,16,0,False,25.0,1.8
seq_train_000365,P1042797_720.mp4,train,Microsleep,Male,1,840,885,16,16,0,False,25.0,1.8
seq_train_000366,P1042797_720.mp4,train,Microsleep,Male,1,864,909,16,16,0,False,25.0,1.8
seq_train_000367,P1042797_720.mp4,train,Microsleep,Male,1,888,933,16,16,0,False,25.0,1.8
seq_train_000368,P1042797_720.mp4,train,Microsleep,Male,1,912,957,16,16,0,False,25.0,1.8
seq_train_000369,P1042797_720.mp4,train,Microsleep,Male,1,936,981,16,16,0,False,25.0,1.8
seq_train_000370,P1042797_720.mp4,train,Microsleep,Male,1,960,1005,16,16,0,False,25.0,1.8
seq_train_000371,P1042797_720.mp4,train,Microsleep,Male,1,984,1029,16,16,0,False,25.0,1.8
seq_train_000372,P1042797_720.mp4,train,Microsleep,Male,1,1008,1053,16,16,0,False,25.0,1.8
seq_train_000373,P1042797_720.mp4,train,Microsleep,Male,1,1032,1077,16,16,0,False,25.0,1.8
seq_train_000374,P1042797_720.mp4,train,Microsleep,Male,1,1056,1101,16,16,0,False,25.0,1.8
seq_train_000375,P1042797_720.mp4,train,Microsleep,Male,1,1080,1125,16,16,0,False,25.0,1.8
seq_train_000376,P1042797_720.mp4,train,Microsleep,Male,1,1104,1149,16,16,0,False,25.0,1.8
seq_train_000377,P1042797_720.mp4,train,Microsleep,Male,1,1128,1173,16,16,0,False,25.0,1.8
seq_train_000378,P1042797_720.mp4,train,Microsleep,Male,1,1152,1197,16,16,0,False,25.0,1.8
seq_train_000379,P1042797_720.mp4,train,Microsleep,Male,1,1176,1221,16,16,0,False,25.0,1.8
seq_train_000380,P1042797_720.mp4,train,Microsleep,Male,1,1200,1245,16,16,0,False,25.0,1.8
seq_train_000381,P1042797_720.mp4,train,Microsleep,Male,1,1224,1269,16,16,0,False,25.0,1.8
seq_train_000382,P1042797_720.mp4,train,Microsleep,Male,1,1248,1293,16,16,0,False,25.0,1.8
seq_train_000383,P1042797_720.mp4,train,Microsleep,Male,1,1272,1317,16,16,0,False,25.0,1.8
seq_train_000384,P1042797_720.mp4,train,Microsleep,Male,1,1296,1341,16,16,0,False,25.0,1.8
seq_train_000385,P1042797_720.mp4,train,Microsleep,Male,1,1320,1365,16,16,0,False,25.0,1.8
seq_train_000386,P1042797_720.mp4,train,Microsleep,Male,1,1344,1389,16,16,0,False,25.0,1.8
seq_train_000387,P1042797_720.mp4,train,Microsleep,Male,1,1368,1413,16,16,0,False,25.0,1.8
seq_train_000388,P1042797_720.mp4,train,Microsleep,Male,1,1392,1437,16,16,0,False,25.0,1.8
seq_train_000389,P1042797_720.mp4,train,Microsleep,Male,1,1416,1461,16,16,0,False,25.0,1.8
seq_train_000390,P1042797_720.mp4,train,Microsleep,Male,1,1440,1485,16,16,0,False,25.0,1.8
seq_train_000391,P1042797_720.mp4,train,Microsleep,Male,1,1464,1509,16,16,0,False,25.0,1.8
seq_train_000392,P1042797_720.mp4,train,Microsleep,Male,1,1488,1533,16,16,0,False,25.0,1.8
seq_train_000393,P1042797_720.mp4,train,Microsleep,Male,1,1512,1557,16,16,0,False,25.0,1.8
seq_train_000394,P1042797_720.mp4,train,Microsleep,Male,1,1536,1581,16,16,0,False,25.0,1.8
seq_train_000395,P1042797_720.mp4,train,Microsleep,Male,1,1560,1605,16,16,0,False,25.0,1.8
seq_train_000396,P1042797_720.mp4,train,Microsleep,Male,1,1584,1629,16,16,0,False,25.0,1.8
seq_train_000397,P1042797_720.mp4,train,Microsleep,Male,1,1608,1653,16,16,0,False,25.0,1.8
seq_train_000398,P1042797_720.mp4,train,Microsleep,Male,1,1632,1677,16,16,0,False,25.0,1.8
seq_train_000399,P1042797_720.mp4,train,Microsleep,Male,1,1656,1701,16,16,0,False,25.0,1.8
seq_train_000400,P1042797_720.mp4,train,Microsleep,Male,1,1680,1725,16,16,0,False,25.0,1.8
seq_train_000401,P1042797_720.mp4,train,Microsleep,Male,1,1704,1749,16,16,0,False,25.0,1.8
seq_train_000402,P1042797_720.mp4,train,Microsleep,Male,1,1728,1773,16,16,0,False,25.0,1.8
seq_train_000403,P1042797_720.mp4,train,Microsleep,Male,1,1752,1797,16,16,0,False,25.0,1.8
seq_train_000404,P1042797_720.mp4,train,Microsleep,Male,1,1776,1821,16,16,0,False,25.0,1.8
seq_train_000405,P1042797_720.mp4,train,Microsleep,Male,1,1800,1845,16,16,0,False,25.0,1.8
seq_train_000406,P1042797_720.mp4,train,Microsleep,Male,1,1824,1869,16,16,0,False,25.0,1.8
seq_train_000407,P1042797_720.mp4,train,Microsleep,Male,1,1848,1893,16,16,0,False,25.0,1.8
seq_train_000408,P1042797_720.mp4,train,Microsleep,Male,1,1872,1917,16,16,0,False,25.0,1.8
seq_train_000409,P1042797_720.mp4,train,Microsleep,Male,1,1896,1941,16,16,0,False,25.0,1.8
seq_train_000410,P1042797_720.mp4,train,Microsleep,Male,1,1920,1965,16,16,0,False,25.0,1.8
seq_train_000411,P1042797_720.mp4,train,Microsleep,Male,1,1944,1989,16,16,0,False,25.0,1.8
seq_train_000412,P1042797_720.mp4,train,Microsleep,Male,1,1968,2013,16,16,0,False,25.0,1.8
seq_train_000413,P1042797_720.mp4,train,Microsleep,Male,1,1992,2037,16,16,0,False,25.0,1.8
seq_train_000414,P1042797_720.mp4,train,Microsleep,Male,1,2016,2061,16,16,0,False,25.0,1.8
seq_train_000415,P1042797_720.mp4,train,Microsleep,Male,1,2040,2085,16,16,0,False,25.0,1.8
seq_train_000416,P1042797_720.mp4,train,Microsleep,Male,1,2064,2109,16,16,0,False,25.0,1.8
seq_train_000417,P1042797_720.mp4,train,Microsleep,Male,1,2088,2133,16,16,0,False,25.0,1.8
seq_train_000418,P1042797_720.mp4,train,Microsleep,Male,1,2112,2157,16,16,0,False,25.0,1.8
seq_train_000419,P1042797_720.mp4,train,Microsleep,Male,1,2136,2181,16,16,0,False,25.0,1.8
seq_train_000420,P1042797_720.mp4,train,Microsleep,Male,1,2160,2205,16,16,0,False,25.0,1.8
seq_train_000421,P1042797_720.mp4,train,Microsleep,Male,1,2184,2229,16,16,0,False,25.0,1.8
seq_train_000422,P1042797_720.mp4,train,Microsleep,Male,1,2208,2253,16,16,0,False,25.0,1.8
seq_train_000423,P1042797_720.mp4,train,Microsleep,Male,1,2232,2277,16,16,0,False,25.0,1.8
seq_train_000424,P1042797_720.mp4,train,Microsleep,Male,1,2256,2301,16,16,0,False,25.0,1.8
seq_train_000425,P1042797_720.mp4,train,Microsleep,Male,1,2280,2325,16,16,0,False,25.0,1.8
seq_train_000426,P1042797_720.mp4,train,Microsleep,Male,1,2304,2349,16,16,0,False,25.0,1.8
seq_train_000427,P1042797_720.mp4,train,Microsleep,Male,1,2328,2373,16,15,1,True,25.0,1.8
seq_train_000428,P1042797_720.mp4,train,Microsleep,Male,1,2352,2397,16,15,1,True,25.0,1.8
seq_train_000429,P1042797_720.mp4,train,Microsleep,Male,1,2376,2421,16,16,0,False,25.0,1.8
seq_train_000430,P1042797_720.mp4,train,Microsleep,Male,1,2400,2445,16,16,0,False,25.0,1.8
seq_train_000431,P1042797_720.mp4,train,Microsleep,Male,1,2424,2469,16,16,0,False,25.0,1.8
seq_train_000432,P1042797_720.mp4,train,Microsleep,Male,1,2448,2493,16,16,0,False,25.0,1.8
seq_train_000433,P1042797_720.mp4,train,Microsleep,Male,1,2472,2517,16,16,0,False,25.0,1.8
seq_train_000434,P1042797_720.mp4,train,Microsleep,Male,1,2496,2541,16,16,0,False,25.0,1.8
seq_train_000435,P1042797_720.mp4,train,Microsleep,Male,1,2520,2565,16,16,0,False,25.0,1.8
seq_train_000436,P1042797_720.mp4,train,Microsleep,Male,1,2544,2589,16,16,0,False,25.0,1.8
seq_train_000437,P1042797_720.mp4,train,Microsleep,Male,1,2568,2613,16,16,0,False,25.0,1.8
seq_train_000438,P1042797_720.mp4,train,Microsleep,Male,1,2592,2637,16,16,0,False,25.0,1.8
seq_train_000439,P1042797_720.mp4,train,Microsleep,Male,1,2616,2661,16,16,0,False,25.0,1.8
seq_train_000440,P1042797_720.mp4,train,Microsleep,Male,1,2640,2685,16,16,0,False,25.0,1.8
seq_train_000441,P1042797_720.mp4,train,Microsleep,Male,1,2664,2709,16,16,0,False,25.0,1.8
seq_train_000442,P1042797_720.mp4,train,Microsleep,Male,1,2688,2733,16,16,0,False,25.0,1.8
seq_train_000443,P1042797_720.mp4,train,Microsleep,Male,1,2712,2757,16,16,0,False,25.0,1.8
seq_train_000444,P1042797_720.mp4,train,Microsleep,Male,1,2736,2781,16,16,0,False,25.0,1.8
seq_train_000445,P1042797_720.mp4,train,Microsleep,Male,1,2760,2805,16,16,0,False,25.0,1.8
seq_train_000446,P1042797_720.mp4,train,Microsleep,Male,1,2784,2829,16,16,0,False,25.0,1.8
seq_train_000447,P1042797_720.mp4,train,Microsleep,Male,1,2808,2853,16,16,0,False,25.0,1.8
seq_train_000448,P1042797_720.mp4,train,Microsleep,Male,1,2832,2877,16,16,0,False,25.0,1.8
seq_train_000449,P1042797_720.mp4,train,Microsleep,Male,1,2856,2901,16,16,0,False,25.0,1.8
seq_train_000450,P1042797_720.mp4,train,Microsleep,Male,1,2880,2925,16,16,0,False,25.0,1.8
seq_train_000451,P1042797_720.mp4,train,Microsleep,Male,1,2904,2949,16,16,0,False,25.0,1.8
seq_train_000452,P1042797_720.mp4,train,Microsleep,Male,1,2928,2973,16,16,0,False,25.0,1.8
seq_train_000453,P1042797_720.mp4,train,Microsleep,Male,1,2952,2997,16,16,0,False,25.0,1.8
seq_train_000454,P1042797_720.mp4,train,Microsleep,Male,1,2976,3021,16,16,0,False,25.0,1.8
seq_train_000455,P1042797_720.mp4,train,Microsleep,Male,1,3000,3045,16,16,0,False,25.0,1.8
seq_train_000456,P1042797_720.mp4,train,Microsleep,Male,1,3024,3069,16,16,0,False,25.0,1.8
seq_train_000457,P1042797_720.mp4,train,Microsleep,Male,1,3048,3093,16,16,0,False,25.0,1.8
seq_train_000458,P1042797_720.mp4,train,Microsleep,Male,1,3072,3117,16,16,0,False,25.0,1.8
seq_train_000459,P1042797_720.mp4,train,Microsleep,Male,1,3096,3141,16,16,0,False,25.0,1.8
seq_train_000460,P1043086_720.mp4,train,Yawning,Female,1,0,45,16,16,0,False,25.0,1.8
seq_train_000461,P1043086_720.mp4,train,Yawning,Female,1,24,69,16,16,0,False,25.0,1.8
seq_train_000462,P1043086_720.mp4,train,Yawning,Female,1,48,93,16,16,0,False,25.0,1.8
seq_train_000463,P1043086_720.mp4,train,Yawning,Female,1,72,117,16,16,0,False,25.0,1.8
seq_train_000464,P1043086_720.mp4,train,Yawning,Female,1,96,141,16,16,0,False,25.0,1.8
seq_train_000465,P1043086_720.mp4,train,Yawning,Female,1,120,165,16,16,0,False,25.0,1.8
seq_train_000466,P1043086_720.mp4,train,Yawning,Female,1,144,189,16,16,0,False,25.0,1.8
seq_train_000467,P1043086_720.mp4,train,Yawning,Female,1,168,213,16,16,0,False,25.0,1.8
seq_train_000468,P1043086_720.mp4,train,Yawning,Female,1,192,237,16,16,0,False,25.0,1.8
seq_train_000469,P1043086_720.mp4,train,Yawning,Female,1,216,261,16,16,0,False,25.0,1.8
seq_train_000470,P1043086_720.mp4,train,Yawning,Female,1,240,285,16,16,0,False,25.0,1.8
seq_train_000471,P1043086_720.mp4,train,Yawning,Female,1,264,309,16,16,0,False,25.0,1.8
seq_train_000472,P1043086_720.mp4,train,Yawning,Female,1,288,333,16,16,0,False,25.0,1.8
seq_train_000473,P1043086_720.mp4,train,Yawning,Female,1,312,357,16,16,0,False,25.0,1.8
seq_train_000474,P1043086_720.mp4,train,Yawning,Female,1,336,381,16,16,0,False,25.0,1.8
seq_train_000475,P1043086_720.mp4,train,Yawning,Female,1,360,405,16,16,0,False,25.0,1.8
seq_train_000476,P1043086_720.mp4,train,Yawning,Female,1,384,429,16,16,0,False,25.0,1.8
seq_train_000477,P1043086_720.mp4,train,Yawning,Female,1,408,453,16,16,0,False,25.0,1.8
seq_train_000478,P1043086_720.mp4,train,Yawning,Female,1,432,477,16,16,0,False,25.0,1.8
seq_train_000479,P1043086_720.mp4,train,Yawning,Female,1,456,501,16,16,0,False,25.0,1.8
seq_train_000480,P1043086_720.mp4,train,Yawning,Female,1,480,525,16,16,0,False,25.0,1.8
seq_train_000481,P1043086_720.mp4,train,Yawning,Female,1,504,549,16,16,0,False,25.0,1.8
seq_train_000482,P1043086_720.mp4,train,Yawning,Female,1,528,573,16,16,0,False,25.0,1.8
seq_train_000483,P1043086_720.mp4,train,Yawning,Female,1,552,597,16,16,0,False,25.0,1.8
seq_train_000484,P1043086_720.mp4,train,Yawning,Female,1,576,621,16,16,0,False,25.0,1.8
seq_train_000485,P1043082_720.mp4,train,Yawning,Female,1,0,45,16,16,0,False,25.0,1.8
seq_train_000486,P1043082_720.mp4,train,Yawning,Female,1,24,69,16,16,0,False,25.0,1.8
seq_train_000487,P1043082_720.mp4,train,Yawning,Female,1,48,93,16,16,0,False,25.0,1.8
seq_train_000488,P1043082_720.mp4,train,Yawning,Female,1,72,117,16,16,0,False,25.0,1.8
seq_train_000489,P1043082_720.mp4,train,Yawning,Female,1,96,141,16,16,0,False,25.0,1.8
seq_train_000490,P1043082_720.mp4,train,Yawning,Female,1,120,165,16,16,0,False,25.0,1.8
seq_train_000491,P1043082_720.mp4,train,Yawning,Female,1,144,189,16,16,0,False,25.0,1.8
seq_train_000492,P1043082_720.mp4,train,Yawning,Female,1,168,213,16,16,0,False,25.0,1.8
seq_train_000493,P1043082_720.mp4,train,Yawning,Female,1,192,237,16,16,0,False,25.0,1.8
seq_train_000494,P1043082_720.mp4,train,Yawning,Female,1,216,261,16,16,0,False,25.0,1.8
seq_train_000495,P1043082_720.mp4,train,Yawning,Female,1,240,285,16,16,0,False,25.0,1.8
seq_train_000496,P1043082_720.mp4,train,Yawning,Female,1,264,309,16,16,0,False,25.0,1.8
seq_train_000497,P1043082_720.mp4,train,Yawning,Female,1,288,333,16,16,0,False,25.0,1.8
seq_train_000498,P1043082_720.mp4,train,Yawning,Female,1,312,357,16,16,0,False,25.0,1.8
seq_train_000499,P1043082_720.mp4,train,Yawning,Female,1,336,381,16,16,0,False,25.0,1.8
seq_train_000500,P1043082_720.mp4,train,Yawning,Female,1,360,405,16,16,0,False,25.0,1.8
seq_train_000501,P1043082_720.mp4,train,Yawning,Female,1,384,429,16,16,0,False,25.0,1.8
seq_train_000502,P1043082_720.mp4,train,Yawning,Female,1,408,453,16,16,0,False,25.0,1.8
seq_train_000503,P1043082_720.mp4,train,Yawning,Female,1,432,477,16,16,0,False,25.0,1.8
seq_train_000504,P1043082_720.mp4,train,Yawning,Female,1,456,501,16,16,0,False,25.0,1.8
seq_train_000505,P1043082_720.mp4,train,Yawning,Female,1,480,525,16,16,0,False,25.0,1.8
seq_train_000506,P1043082_720.mp4,train,Yawning,Female,1,504,549,16,16,0,False,25.0,1.8
seq_train_000507,P1043082_720.mp4,train,Yawning,Female,1,528,573,16,16,0,False,25.0,1.8
seq_train_000508,P1043105_720.mp4,train,Yawning,Female,1,0,45,16,16,0,False,25.0,1.8
seq_train_000509,P1043105_720.mp4,train,Yawning,Female,1,24,69,16,16,0,False,25.0,1.8
seq_train_000510,P1043105_720.mp4,train,Yawning,Female,1,48,93,16,16,0,False,25.0,1.8
seq_train_000511,P1043105_720.mp4,train,Yawning,Female,1,72,117,16,16,0,False,25.0,1.8
seq_train_000512,P1043105_720.mp4,train,Yawning,Female,1,96,141,16,16,0,False,25.0,1.8
seq_train_000513,P1043105_720.mp4,train,Yawning,Female,1,120,165,16,16,0,False,25.0,1.8
seq_train_000514,P1043105_720.mp4,train,Yawning,Female,1,144,189,16,16,0,False,25.0,1.8
seq_train_000515,P1043105_720.mp4,train,Yawning,Female,1,168,213,16,16,0,False,25.0,1.8
seq_train_000516,P1043105_720.mp4,train,Yawning,Female,1,192,237,16,16,0,False,25.0,1.8
seq_train_000517,P1043105_720.mp4,train,Yawning,Female,1,216,261,16,16,0,False,25.0,1.8
seq_train_000518,P1043105_720.mp4,train,Yawning,Female,1,240,285,16,16,0,False,25.0,1.8
seq_train_000519,P1043105_720.mp4,train,Yawning,Female,1,264,309,16,16,0,False,25.0,1.8
seq_train_000520,P1043105_720.mp4,train,Yawning,Female,1,288,333,16,16,0,False,25.0,1.8
seq_train_000521,P1043105_720.mp4,train,Yawning,Female,1,312,357,16,16,0,False,25.0,1.8
seq_train_000522,P1043105_720.mp4,train,Yawning,Female,1,336,381,16,16,0,False,25.0,1.8
seq_train_000523,P1043105_720.mp4,train,Yawning,Female,1,360,405,16,16,0,False,25.0,1.8
seq_train_000524,P1043105_720.mp4,train,Yawning,Female,1,384,429,16,16,0,False,25.0,1.8
seq_train_000525,P1043105_720.mp4,train,Yawning,Female,1,408,453,16,16,0,False,25.0,1.8
seq_train_000526,P1043105_720.mp4,train,Yawning,Female,1,432,477,16,16,0,False,25.0,1.8
seq_train_000527,P1042780_720.mp4,train,Yawning,Female,1,48,93,16,16,0,False,25.0,1.8
seq_train_000528,P1042780_720.mp4,train,Yawning,Female,1,72,117,16,16,0,False,25.0,1.8
seq_train_000529,P1042780_720.mp4,train,Yawning,Female,1,96,141,16,16,0,False,25.0,1.8
seq_train_000530,P1042780_720.mp4,train,Yawning,Female,1,120,165,16,16,0,False,25.0,1.8
seq_train_000531,P1042780_720.mp4,train,Yawning,Female,1,144,189,16,16,0,False,25.0,1.8
seq_train_000532,P1042780_720.mp4,train,Yawning,Female,1,168,213,16,16,0,False,25.0,1.8
seq_train_000533,P1042780_720.mp4,train,Yawning,Female,1,192,237,16,16,0,False,25.0,1.8
seq_train_000534,P1042780_720.mp4,train,Yawning,Female,1,216,261,16,16,0,False,25.0,1.8
seq_train_000535,P1042780_720.mp4,train,Yawning,Female,1,240,285,16,16,0,False,25.0,1.8
seq_train_000536,P1042780_720.mp4,train,Yawning,Female,1,264,309,16,16,0,False,25.0,1.8
seq_train_000537,P1042780_720.mp4,train,Yawning,Female,1,288,333,16,16,0,False,25.0,1.8
seq_train_000538,P1042780_720.mp4,train,Yawning,Female,1,312,357,16,16,0,False,25.0,1.8
seq_train_000539,P1042780_720.mp4,train,Yawning,Female,1,336,381,16,16,0,False,25.0,1.8
seq_train_000540,P1042780_720.mp4,train,Yawning,Female,1,360,405,16,16,0,False,25.0,1.8
seq_train_000541,P1042780_720.mp4,train,Yawning,Female,1,384,429,16,16,0,False,25.0,1.8
seq_train_000542,P1042780_720.mp4,train,Yawning,Female,1,408,453,16,16,0,False,25.0,1.8
seq_train_000543,P1042780_720.mp4,train,Yawning,Female,1,432,477,16,16,0,False,25.0,1.8
seq_train_000544,P1042780_720.mp4,train,Yawning,Female,1,456,501,16,16,0,False,25.0,1.8
seq_train_000545,P1042780_720.mp4,train,Yawning,Female,1,480,525,16,15,1,True,25.0,1.8
seq_train_000546,P1042780_720.mp4,train,Yawning,Female,1,504,549,16,15,1,True,25.0,1.8
seq_train_000547,P1042780_720.mp4,train,Yawning,Female,1,528,573,16,16,0,False,25.0,1.8
seq_train_000548,P1042780_720.mp4,train,Yawning,Female,1,552,597,16,16,0,False,25.0,1.8
seq_train_000549,P1042780_720.mp4,train,Yawning,Female,1,576,621,16,16,0,False,25.0,1.8
seq_train_000550,P1042780_720.mp4,train,Yawning,Female,1,600,645,16,16,0,False,25.0,1.8
seq_train_000551,P1042780_720.mp4,train,Yawning,Female,1,624,669,16,16,0,False,25.0,1.8
seq_train_000552,P1042780_720.mp4,train,Yawning,Female,1,648,693,16,15,1,True,25.0,1.8
seq_train_000553,P1042780_720.mp4,train,Yawning,Female,1,672,717,16,15,1,True,25.0,1.8
seq_train_000554,P1042780_720.mp4,train,Yawning,Female,1,696,741,16,16,0,False,25.0,1.8
seq_train_000555,P1042780_720.mp4,train,Yawning,Female,1,720,765,16,16,0,False,25.0,1.8
seq_train_000556,P1042780_720.mp4,train,Yawning,Female,1,744,789,16,16,0,False,25.0,1.8
seq_train_000557,P1042780_720.mp4,train,Yawning,Female,1,768,813,16,16,0,False,25.0,1.8
seq_train_000558,P1042780_720.mp4,train,Yawning,Female,1,792,837,16,16,0,False,25.0,1.8
seq_train_000559,P1042780_720.mp4,train,Yawning,Female,1,816,861,16,16,0,False,25.0,1.8
seq_train_000560,P1042780_720.mp4,train,Yawning,Female,1,840,885,16,16,0,False,25.0,1.8
seq_train_000561,P1042780_720.mp4,train,Yawning,Female,1,864,909,16,16,0,False,25.0,1.8
seq_train_000562,P1042780_720.mp4,train,Yawning,Female,1,888,933,16,16,0,False,25.0,1.8
seq_train_000563,P1042780_720.mp4,train,Yawning,Female,1,912,957,16,16,0,False,25.0,1.8
seq_train_000564,P1042780_720.mp4,train,Yawning,Female,1,936,981,16,16,0,False,25.0,1.8
seq_train_000565,P1042780_720.mp4,train,Yawning,Female,1,960,1005,16,16,0,False,25.0,1.8
seq_train_000566,P1042761_720.mp4,train,Yawning,Male,1,24,69,16,13,3,True,25.0,1.8
seq_train_000567,P1042761_720.mp4,train,Yawning,Male,1,48,93,16,16,0,False,25.0,1.8
seq_train_000568,P1042761_720.mp4,train,Yawning,Male,1,72,117,16,16,0,False,25.0,1.8
seq_train_000569,P1042761_720.mp4,train,Yawning,Male,1,96,141,16,16,0,False,25.0,1.8
seq_train_000570,P1042761_720.mp4,train,Yawning,Male,1,120,165,16,16,0,False,25.0,1.8
seq_train_000571,P1042761_720.mp4,train,Yawning,Male,1,144,189,16,16,0,False,25.0,1.8
seq_train_000572,P1042761_720.mp4,train,Yawning,Male,1,168,213,16,16,0,False,25.0,1.8
seq_train_000573,P1042761_720.mp4,train,Yawning,Male,1,192,237,16,16,0,False,25.0,1.8
seq_train_000574,P1042761_720.mp4,train,Yawning,Male,1,216,261,16,16,0,False,25.0,1.8
seq_train_000575,P1042761_720.mp4,train,Yawning,Male,1,240,285,16,16,0,False,25.0,1.8
seq_train_000576,P1042761_720.mp4,train,Yawning,Male,1,264,309,16,16,0,False,25.0,1.8
seq_train_000577,P1042761_720.mp4,train,Yawning,Male,1,288,333,16,16,0,False,25.0,1.8
seq_train_000578,P1042761_720.mp4,train,Yawning,Male,1,312,357,16,16,0,False,25.0,1.8
seq_train_000579,P1042761_720.mp4,train,Yawning,Male,1,336,381,16,16,0,False,25.0,1.8
seq_train_000580,P1042761_720.mp4,train,Yawning,Male,1,360,405,16,16,0,False,25.0,1.8
seq_train_000581,P1042761_720.mp4,train,Yawning,Male,1,384,429,16,16,0,False,25.0,1.8
seq_train_000582,P1042761_720.mp4,train,Yawning,Male,1,408,453,16,16,0,False,25.0,1.8
seq_train_000583,P1042761_720.mp4,train,Yawning,Male,1,432,477,16,16,0,False,25.0,1.8
seq_train_000584,P1042761_720.mp4,train,Yawning,Male,1,456,501,16,16,0,False,25.0,1.8
seq_train_000585,P1042761_720.mp4,train,Yawning,Male,1,480,525,16,16,0,False,25.0,1.8
seq_train_000586,P1042761_720.mp4,train,Yawning,Male,1,504,549,16,16,0,False,25.0,1.8
seq_train_000587,P1042761_720.mp4,train,Yawning,Male,1,528,573,16,16,0,False,25.0,1.8
seq_train_000588,P1042761_720.mp4,train,Yawning,Male,1,552,597,16,16,0,False,25.0,1.8
seq_train_000589,P1042761_720.mp4,train,Yawning,Male,1,576,621,16,16,0,False,25.0,1.8
seq_train_000590,P1042761_720.mp4,train,Yawning,Male,1,600,645,16,16,0,False,25.0,1.8
seq_train_000591,P1042761_720.mp4,train,Yawning,Male,1,624,669,16,16,0,False,25.0,1.8
seq_train_000592,P1042761_720.mp4,train,Yawning,Male,1,648,693,16,16,0,False,25.0,1.8
seq_train_000593,P1042761_720.mp4,train,Yawning,Male,1,672,717,16,16,0,False,25.0,1.8
seq_train_000594,P1042761_720.mp4,train,Yawning,Male,1,696,741,16,16,0,False,25.0,1.8
seq_train_000595,P1043109_720.mp4,train,Yawning,Female,1,0,45,16,16,0,False,25.0,1.8
seq_train_000596,P1043109_720.mp4,train,Yawning,Female,1,24,69,16,16,0,False,25.0,1.8
seq_train_000597,P1043109_720.mp4,train,Yawning,Female,1,48,93,16,16,0,False,25.0,1.8
seq_train_000598,P1043109_720.mp4,train,Yawning,Female,1,72,117,16,16,0,False,25.0,1.8
seq_train_000599,P1043109_720.mp4,train,Yawning,Female,1,96,141,16,16,0,False,25.0,1.8
seq_train_000600,P1043109_720.mp4,train,Yawning,Female,1,120,165,16,16,0,False,25.0,1.8
seq_train_000601,P1043109_720.mp4,train,Yawning,Female,1,144,189,16,16,0,False,25.0,1.8
seq_train_000602,P1043109_720.mp4,train,Yawning,Female,1,168,213,16,16,0,False,25.0,1.8
seq_train_000603,P1043109_720.mp4,train,Yawning,Female,1,192,237,16,16,0,False,25.0,1.8
seq_train_000604,P1043109_720.mp4,train,Yawning,Female,1,216,261,16,16,0,False,25.0,1.8
seq_train_000605,P1043109_720.mp4,train,Yawning,Female,1,240,285,16,16,0,False,25.0,1.8
seq_train_000606,P1043109_720.mp4,train,Yawning,Female,1,264,309,16,16,0,False,25.0,1.8
seq_train_000607,P1043109_720.mp4,train,Yawning,Female,1,288,333,16,16,0,False,25.0,1.8
seq_train_000608,P1043109_720.mp4,train,Yawning,Female,1,312,357,16,16,0,False,25.0,1.8
seq_train_000609,P1043109_720.mp4,train,Yawning,Female,1,336,381,16,16,0,False,25.0,1.8
seq_train_000610,P1043109_720.mp4,train,Yawning,Female,1,360,405,16,16,0,False,25.0,1.8
seq_train_000611,P1043109_720.mp4,train,Yawning,Female,1,384,429,16,16,0,False,25.0,1.8
seq_train_000612,P1043109_720.mp4,train,Yawning,Female,1,408,453,16,16,0,False,25.0,1.8
seq_train_000613,P1043109_720.mp4,train,Yawning,Female,1,432,477,16,16,0,False,25.0,1.8
seq_train_000614,P1043109_720.mp4,train,Yawning,Female,1,456,501,16,16,0,False,25.0,1.8
seq_train_000615,P1043109_720.mp4,train,Yawning,Female,1,480,525,16,16,0,False,25.0,1.8
seq_train_000616,P1043109_720.mp4,train,Yawning,Female,1,504,549,16,16,0,False,25.0,1.8
seq_train_000617,P1043109_720.mp4,train,Yawning,Female,1,528,573,16,16,0,False,25.0,1.8
seq_train_000618,P1043109_720.mp4,train,Yawning,Female,1,552,597,16,16,0,False,25.0,1.8
seq_train_000619,P1043109_720.mp4,train,Yawning,Female,1,576,621,16,16,0,False,25.0,1.8
seq_train_000620,P1043109_720.mp4,train,Yawning,Female,1,600,645,16,16,0,False,25.0,1.8
seq_train_000621,P1043109_720.mp4,train,Yawning,Female,1,624,669,16,16,0,False,25.0,1.8
seq_train_000622,P1043079_720.mp4,train,Yawning,Male,1,0,45,16,16,0,False,25.0,1.8
seq_train_000623,P1043079_720.mp4,train,Yawning,Male,1,24,69,16,16,0,False,25.0,1.8
seq_train_000624,P1043079_720.mp4,train,Yawning,Male,1,48,93,16,16,0,False,25.0,1.8
seq_train_000625,P1043079_720.mp4,train,Yawning,Male,1,72,117,16,16,0,False,25.0,1.8
seq_train_000626,P1043079_720.mp4,train,Yawning,Male,1,96,141,16,16,0,False,25.0,1.8
seq_train_000627,P1043079_720.mp4,train,Yawning,Male,1,120,165,16,16,0,False,25.0,1.8
seq_train_000628,P1043079_720.mp4,train,Yawning,Male,1,144,189,16,16,0,False,25.0,1.8
seq_train_000629,P1043079_720.mp4,train,Yawning,Male,1,168,213,16,16,0,False,25.0,1.8
seq_train_000630,P1043079_720.mp4,train,Yawning,Male,1,192,237,16,16,0,False,25.0,1.8
seq_train_000631,P1043079_720.mp4,train,Yawning,Male,1,216,261,16,16,0,False,25.0,1.8
seq_train_000632,P1043079_720.mp4,train,Yawning,Male,1,240,285,16,16,0,False,25.0,1.8
seq_train_000633,P1043079_720.mp4,train,Yawning,Male,1,264,309,16,16,0,False,25.0,1.8
seq_train_000634,P1043079_720.mp4,train,Yawning,Male,1,288,333,16,16,0,False,25.0,1.8
seq_train_000635,P1043079_720.mp4,train,Yawning,Male,1,312,357,16,16,0,False,25.0,1.8
seq_train_000636,P1043079_720.mp4,train,Yawning,Male,1,336,381,16,16,0,False,25.0,1.8
seq_train_000637,P1043079_720.mp4,train,Yawning,Male,1,360,405,16,16,0,False,25.0,1.8
seq_train_000638,P1043079_720.mp4,train,Yawning,Male,1,384,429,16,16,0,False,25.0,1.8
seq_train_000639,P1043079_720.mp4,train,Yawning,Male,1,408,453,16,16,0,False,25.0,1.8
seq_train_000640,P1043079_720.mp4,train,Yawning,Male,1,432,477,16,16,0,False,25.0,1.8
seq_train_000641,P1043079_720.mp4,train,Yawning,Male,1,456,501,16,16,0,False,25.0,1.8
seq_train_000642,P1043079_720.mp4,train,Yawning,Male,1,480,525,16,16,0,False,25.0,1.8
seq_train_000643,P1043079_720.mp4,train,Yawning,Male,1,504,549,16,16,0,False,25.0,1.8
seq_train_000644,P1043079_720.mp4,train,Yawning,Male,1,528,573,16,16,0,False,25.0,1.8
seq_train_000645,P1042749_720.mp4,train,Yawning,Male,1,0,45,16,16,0,False,24.0,1.875
seq_train_000646,P1042749_720.mp4,train,Yawning,Male,1,24,69,16,14,2,True,24.0,1.875
seq_train_000647,P1042749_720.mp4,train,Yawning,Male,1,72,117,16,13,3,True,24.0,1.875
seq_train_000648,P1042749_720.mp4,train,Yawning,Male,1,96,141,16,16,0,False,24.0,1.875
seq_train_000649,P1042749_720.mp4,train,Yawning,Male,1,120,165,16,16,0,False,24.0,1.875
seq_train_000650,P1042749_720.mp4,train,Yawning,Male,1,144,189,16,16,0,False,24.0,1.875
seq_train_000651,P1042749_720.mp4,train,Yawning,Male,1,168,213,16,16,0,False,24.0,1.875
seq_train_000652,P1042749_720.mp4,train,Yawning,Male,1,192,237,16,16,0,False,24.0,1.875
seq_train_000653,P1042749_720.mp4,train,Yawning,Male,1,216,261,16,16,0,False,24.0,1.875
seq_train_000654,P1042749_720.mp4,train,Yawning,Male,1,240,285,16,14,2,True,24.0,1.875
seq_train_000655,P1042749_720.mp4,train,Yawning,Male,1,264,309,16,14,2,True,24.0,1.875
seq_train_000656,P1042749_720.mp4,train,Yawning,Male,1,288,333,16,16,0,False,24.0,1.875
seq_train_000657,P1042749_720.mp4,train,Yawning,Male,1,312,357,16,16,0,False,24.0,1.875
seq_train_000658,P1042749_720.mp4,train,Yawning,Male,1,336,381,16,16,0,False,24.0,1.875
seq_train_000659,P1042749_720.mp4,train,Yawning,Male,1,360,405,16,16,0,False,24.0,1.875
seq_train_000660,P1042749_720.mp4,train,Yawning,Male,1,384,429,16,16,0,False,24.0,1.875
seq_train_000661,P1042749_720.mp4,train,Yawning,Male,1,408,453,16,16,0,False,24.0,1.875
seq_train_000662,P1042749_720.mp4,train,Yawning,Male,1,432,477,16,16,0,False,24.0,1.875
seq_train_000663,P1042749_720.mp4,train,Yawning,Male,1,456,501,16,16,0,False,24.0,1.875
seq_train_000664,P1042749_720.mp4,train,Yawning,Male,1,480,525,16,16,0,False,24.0,1.875
seq_train_000665,P1042749_720.mp4,train,Yawning,Male,1,504,549,16,16,0,False,24.0,1.875
seq_train_000666,P1042749_720.mp4,train,Yawning,Male,1,528,573,16,16,0,False,24.0,1.875
seq_train_000667,P1042749_720.mp4,train,Yawning,Male,1,552,597,16,16,0,False,24.0,1.875
seq_train_000668,P1042749_720.mp4,train,Yawning,Male,1,576,621,16,16,0,False,24.0,1.875
seq_train_000669,P1042749_720.mp4,train,Yawning,Male,1,600,645,16,16,0,False,24.0,1.875
seq_train_000670,P1042749_720.mp4,train,Yawning,Male,1,624,669,16,16,0,False,24.0,1.875
seq_train_000671,P1042749_720.mp4,train,Yawning,Male,1,648,693,16,16,0,False,24.0,1.875
seq_train_000672,P1042749_720.mp4,train,Yawning,Male,1,672,717,16,16,0,False,24.0,1.875
seq_train_000673,P1042749_720.mp4,train,Yawning,Male,1,696,741,16,16,0,False,24.0,1.875
seq_train_000674,P1042749_720.mp4,train,Yawning,Male,1,720,765,16,16,0,False,24.0,1.875
seq_train_000675,P1042749_720.mp4,train,Yawning,Male,1,744,789,16,16,0,False,24.0,1.875
seq_train_000676,P1042755_720.mp4,train,Yawning,Male,1,0,45,16,16,0,False,25.0,1.8
seq_train_000677,P1042755_720.mp4,train,Yawning,Male,1,24,69,16,16,0,False,25.0,1.8
seq_train_000678,P1042755_720.mp4,train,Yawning,Male,1,48,93,16,16,0,False,25.0,1.8
seq_train_000679,P1042755_720.mp4,train,Yawning,Male,1,72,117,16,16,0,False,25.0,1.8
seq_train_000680,P1042755_720.mp4,train,Yawning,Male,1,96,141,16,16,0,False,25.0,1.8
seq_train_000681,P1042755_720.mp4,train,Yawning,Male,1,120,165,16,16,0,False,25.0,1.8
seq_train_000682,P1042755_720.mp4,train,Yawning,Male,1,144,189,16,13,3,True,25.0,1.8
seq_train_000683,P1042755_720.mp4,train,Yawning,Male,1,168,213,16,13,3,True,25.0,1.8
seq_train_000684,P1042755_720.mp4,train,Yawning,Male,1,192,237,16,16,0,False,25.0,1.8
seq_train_000685,P1042755_720.mp4,train,Yawning,Male,1,216,261,16,16,0,False,25.0,1.8
seq_train_000686,P1042755_720.mp4,train,Yawning,Male,1,240,285,16,16,0,False,25.0,1.8
seq_train_000687,P1042755_720.mp4,train,Yawning,Male,1,264,309,16,16,0,False,25.0,1.8
seq_train_000688,P1042755_720.mp4,train,Yawning,Male,1,288,333,16,16,0,False,25.0,1.8
seq_train_000689,P1042755_720.mp4,train,Yawning,Male,1,312,357,16,16,0,False,25.0,1.8
seq_train_000690,P1042755_720.mp4,train,Yawning,Male,1,336,381,16,16,0,False,25.0,1.8
seq_train_000691,P1042755_720.mp4,train,Yawning,Male,1,360,405,16,16,0,False,25.0,1.8
seq_train_000692,P1042755_720.mp4,train,Yawning,Male,1,384,429,16,16,0,False,25.0,1.8
seq_train_000693,P1042755_720.mp4,train,Yawning,Male,1,408,453,16,16,0,False,25.0,1.8
seq_train_000694,P1042755_720.mp4,train,Yawning,Male,1,432,477,16,16,0,False,25.0,1.8
seq_train_000695,P1042755_720.mp4,train,Yawning,Male,1,456,501,16,15,1,True,25.0,1.8
seq_train_000696,P1042755_720.mp4,train,Yawning,Male,1,480,525,16,15,1,True,25.0,1.8
seq_train_000697,P1042755_720.mp4,train,Yawning,Male,1,504,549,16,16,0,False,25.0,1.8
seq_train_000698,P1042755_720.mp4,train,Yawning,Male,1,528,573,16,16,0,False,25.0,1.8
seq_train_000699,P1042755_720.mp4,train,Yawning,Male,1,552,597,16,16,0,False,25.0,1.8
seq_train_000700,P1042755_720.mp4,train,Yawning,Male,1,576,621,16,16,0,False,25.0,1.8
seq_train_000701,P1042755_720.mp4,train,Yawning,Male,1,600,645,16,16,0,False,25.0,1.8
seq_train_000702,P1042755_720.mp4,train,Yawning,Male,1,624,669,16,16,0,False,25.0,1.8
seq_train_000703,P1042755_720.mp4,train,Yawning,Male,1,648,693,16,16,0,False,25.0,1.8
seq_train_000704,P1042755_720.mp4,train,Yawning,Male,1,672,717,16,16,0,False,25.0,1.8
seq_train_000705,P1042755_720.mp4,train,Yawning,Male,1,696,741,16,16,0,False,25.0,1.8
seq_train_000706,P1042755_720.mp4,train,Yawning,Male,1,720,765,16,16,0,False,25.0,1.8
seq_train_000707,P1042755_720.mp4,train,Yawning,Male,1,744,789,16,16,0,False,25.0,1.8
seq_train_000708,P1042755_720.mp4,train,Yawning,Male,1,768,813,16,16,0,False,25.0,1.8
seq_train_000709,P1042755_720.mp4,train,Yawning,Male,1,792,837,16,16,0,False,25.0,1.8
seq_train_000710,P1042755_720.mp4,train,Yawning,Male,1,816,861,16,16,0,False,25.0,1.8
seq_train_000711,P1042755_720.mp4,train,Yawning,Male,1,840,885,16,16,0,False,25.0,1.8
seq_train_000712,P1042755_720.mp4,train,Yawning,Male,1,864,909,16,16,0,False,25.0,1.8
seq_train_000713,P1042755_720.mp4,train,Yawning,Male,1,888,933,16,16,0,False,25.0,1.8
seq_train_000714,P1042755_720.mp4,train,Yawning,Male,1,912,957,16,16,0,False,25.0,1.8
seq_train_000715,P1042755_720.mp4,train,Yawning,Male,1,936,981,16,16,0,False,25.0,1.8
seq_train_000716,P1042788_720.mp4,train,Yawning,Female,1,0,45,16,16,0,False,25.0,1.8
seq_train_000717,P1042788_720.mp4,train,Yawning,Female,1,24,69,16,16,0,False,25.0,1.8
seq_train_000718,P1042788_720.mp4,train,Yawning,Female,1,48,93,16,16,0,False,25.0,1.8
seq_train_000719,P1042788_720.mp4,train,Yawning,Female,1,72,117,16,16,0,False,25.0,1.8
seq_train_000720,P1042788_720.mp4,train,Yawning,Female,1,96,141,16,16,0,False,25.0,1.8
seq_train_000721,P1042788_720.mp4,train,Yawning,Female,1,120,165,16,16,0,False,25.0,1.8
seq_train_000722,P1042788_720.mp4,train,Yawning,Female,1,144,189,16,16,0,False,25.0,1.8
seq_train_000723,P1042788_720.mp4,train,Yawning,Female,1,168,213,16,16,0,False,25.0,1.8
seq_train_000724,P1042788_720.mp4,train,Yawning,Female,1,192,237,16,16,0,False,25.0,1.8
seq_train_000725,P1042788_720.mp4,train,Yawning,Female,1,216,261,16,16,0,False,25.0,1.8
seq_train_000726,P1042788_720.mp4,train,Yawning,Female,1,240,285,16,16,0,False,25.0,1.8
seq_train_000727,P1042788_720.mp4,train,Yawning,Female,1,264,309,16,16,0,False,25.0,1.8
seq_train_000728,P1042788_720.mp4,train,Yawning,Female,1,288,333,16,16,0,False,25.0,1.8
seq_train_000729,P1042788_720.mp4,train,Yawning,Female,1,312,357,16,16,0,False,25.0,1.8
seq_train_000730,P1042788_720.mp4,train,Yawning,Female,1,336,381,16,16,0,False,25.0,1.8
seq_train_000731,P1042788_720.mp4,train,Yawning,Female,1,360,405,16,16,0,False,25.0,1.8
seq_train_000732,P1042788_720.mp4,train,Yawning,Female,1,384,429,16,16,0,False,25.0,1.8
seq_train_000733,P1042788_720.mp4,train,Yawning,Female,1,408,453,16,16,0,False,25.0,1.8
seq_train_000734,P1042788_720.mp4,train,Yawning,Female,1,432,477,16,15,1,True,25.0,1.8
seq_train_000735,P1042788_720.mp4,train,Yawning,Female,1,456,501,16,15,1,True,25.0,1.8
seq_train_000736,P1042788_720.mp4,train,Yawning,Female,1,480,525,16,16,0,False,25.0,1.8
seq_train_000737,P1042788_720.mp4,train,Yawning,Female,1,504,549,16,16,0,False,25.0,1.8
seq_train_000738,P1042788_720.mp4,train,Yawning,Female,1,528,573,16,16,0,False,25.0,1.8
seq_train_000739,P1042788_720.mp4,train,Yawning,Female,1,552,597,16,15,1,True,25.0,1.8
seq_train_000740,P1042788_720.mp4,train,Yawning,Female,1,576,621,16,15,1,True,25.0,1.8
seq_train_000741,P1042788_720.mp4,train,Yawning,Female,1,600,645,16,16,0,False,25.0,1.8
seq_train_000742,P1042788_720.mp4,train,Yawning,Female,1,624,669,16,16,0,False,25.0,1.8
seq_train_000743,P1042788_720.mp4,train,Yawning,Female,1,648,693,16,16,0,False,25.0,1.8
seq_train_000744,P1042788_720.mp4,train,Yawning,Female,1,672,717,16,16,0,False,25.0,1.8
seq_train_000745,P1042788_720.mp4,train,Yawning,Female,1,696,741,16,16,0,False,25.0,1.8
seq_train_000746,P1042788_720.mp4,train,Yawning,Female,1,720,765,16,16,0,False,25.0,1.8
seq_train_000747,P1042788_720.mp4,train,Yawning,Female,1,744,789,16,16,0,False,25.0,1.8
seq_train_000748,P1042788_720.mp4,train,Yawning,Female,1,768,813,16,16,0,False,25.0,1.8
seq_train_000749,P1042788_720.mp4,train,Yawning,Female,1,792,837,16,16,0,False,25.0,1.8
seq_train_000750,P1042788_720.mp4,train,Yawning,Female,1,816,861,16,16,0,False,25.0,1.8
seq_train_000751,P1042788_720.mp4,train,Yawning,Female,1,840,885,16,16,0,False,25.0,1.8
seq_train_000752,P1042788_720.mp4,train,Yawning,Female,1,864,909,16,16,0,False,25.0,1.8
seq_train_000753,P1042788_720.mp4,train,Yawning,Female,1,888,933,16,16,0,False,25.0,1.8
seq_train_000754,P1042788_720.mp4,train,Yawning,Female,1,912,957,16,16,0,False,25.0,1.8
seq_train_000755,P1042788_720.mp4,train,Yawning,Female,1,936,981,16,16,0,False,25.0,1.8
seq_train_000756,P1042788_720.mp4,train,Yawning,Female,1,960,1005,16,16,0,False,25.0,1.8
seq_train_000757,P1042774_720.mp4,train,Yawning,Male,1,0,45,16,16,0,False,25.0,1.8
seq_train_000758,P1042774_720.mp4,train,Yawning,Male,1,24,69,16,16,0,False,25.0,1.8
seq_train_000759,P1042774_720.mp4,train,Yawning,Male,1,48,93,16,16,0,False,25.0,1.8
seq_train_000760,P1042774_720.mp4,train,Yawning,Male,1,72,117,16,16,0,False,25.0,1.8
seq_train_000761,P1042774_720.mp4,train,Yawning,Male,1,96,141,16,16,0,False,25.0,1.8
seq_train_000762,P1042774_720.mp4,train,Yawning,Male,1,120,165,16,16,0,False,25.0,1.8
seq_train_000763,P1042774_720.mp4,train,Yawning,Male,1,144,189,16,16,0,False,25.0,1.8
seq_train_000764,P1042774_720.mp4,train,Yawning,Male,1,168,213,16,16,0,False,25.0,1.8
seq_train_000765,P1042774_720.mp4,train,Yawning,Male,1,192,237,16,16,0,False,25.0,1.8
seq_train_000766,P1042774_720.mp4,train,Yawning,Male,1,216,261,16,16,0,False,25.0,1.8
seq_train_000767,P1042774_720.mp4,train,Yawning,Male,1,240,285,16,16,0,False,25.0,1.8
seq_train_000768,P1042774_720.mp4,train,Yawning,Male,1,264,309,16,16,0,False,25.0,1.8
seq_train_000769,P1042774_720.mp4,train,Yawning,Male,1,288,333,16,16,0,False,25.0,1.8
seq_train_000770,P1042774_720.mp4,train,Yawning,Male,1,312,357,16,16,0,False,25.0,1.8
seq_train_000771,P1042774_720.mp4,train,Yawning,Male,1,336,381,16,16,0,False,25.0,1.8
seq_train_000772,P1042774_720.mp4,train,Yawning,Male,1,360,405,16,16,0,False,25.0,1.8
seq_train_000773,P1042774_720.mp4,train,Yawning,Male,1,384,429,16,16,0,False,25.0,1.8
seq_train_000774,P1042774_720.mp4,train,Yawning,Male,1,408,453,16,16,0,False,25.0,1.8
seq_train_000775,P1042774_720.mp4,train,Yawning,Male,1,432,477,16,16,0,False,25.0,1.8
seq_train_000776,P1042774_720.mp4,train,Yawning,Male,1,456,501,16,16,0,False,25.0,1.8
seq_train_000777,P1042774_720.mp4,train,Yawning,Male,1,480,525,16,16,0,False,25.0,1.8
seq_train_000778,P1042774_720.mp4,train,Yawning,Male,1,504,549,16,16,0,False,25.0,1.8
seq_train_000779,P1042774_720.mp4,train,Yawning,Male,1,528,573,16,16,0,False,25.0,1.8
seq_train_000780,P1042774_720.mp4,train,Yawning,Male,1,552,597,16,16,0,False,25.0,1.8
seq_train_000781,P1042774_720.mp4,train,Yawning,Male,1,576,621,16,16,0,False,25.0,1.8
seq_train_000782,P1042774_720.mp4,train,Yawning,Male,1,600,645,16,16,0,False,25.0,1.8
seq_train_000783,P1042774_720.mp4,train,Yawning,Male,1,624,669,16,16,0,False,25.0,1.8
seq_train_000784,P1042774_720.mp4,train,Yawning,Male,1,648,693,16,16,0,False,25.0,1.8
seq_train_000785,P1043076_720.mp4,train,Yawning,Male,1,0,45,16,16,0,False,25.0,1.8
seq_train_000786,P1043076_720.mp4,train,Yawning,Male,1,24,69,16,16,0,False,25.0,1.8
seq_train_000787,P1043076_720.mp4,train,Yawning,Male,1,48,93,16,16,0,False,25.0,1.8
seq_train_000788,P1043076_720.mp4,train,Yawning,Male,1,72,117,16,16,0,False,25.0,1.8
seq_train_000789,P1043076_720.mp4,train,Yawning,Male,1,96,141,16,16,0,False,25.0,1.8
seq_train_000790,P1043076_720.mp4,train,Yawning,Male,1,120,165,16,16,0,False,25.0,1.8
seq_train_000791,P1043076_720.mp4,train,Yawning,Male,1,144,189,16,16,0,False,25.0,1.8
seq_train_000792,P1043076_720.mp4,train,Yawning,Male,1,168,213,16,16,0,False,25.0,1.8
seq_train_000793,P1043076_720.mp4,train,Yawning,Male,1,192,237,16,16,0,False,25.0,1.8
seq_train_000794,P1043076_720.mp4,train,Yawning,Male,1,216,261,16,16,0,False,25.0,1.8
seq_train_000795,P1043076_720.mp4,train,Yawning,Male,1,240,285,16,16,0,False,25.0,1.8
seq_train_000796,P1043076_720.mp4,train,Yawning,Male,1,264,309,16,16,0,False,25.0,1.8
seq_train_000797,P1043076_720.mp4,train,Yawning,Male,1,288,333,16,16,0,False,25.0,1.8
seq_train_000798,P1043076_720.mp4,train,Yawning,Male,1,312,357,16,16,0,False,25.0,1.8
seq_train_000799,P1043076_720.mp4,train,Yawning,Male,1,336,381,16,16,0,False,25.0,1.8
seq_train_000800,P1043076_720.mp4,train,Yawning,Male,1,360,405,16,16,0,False,25.0,1.8
seq_train_000801,P1043076_720.mp4,train,Yawning,Male,1,384,429,16,16,0,False,25.0,1.8
seq_train_000802,P1043076_720.mp4,train,Yawning,Male,1,408,453,16,16,0,False,25.0,1.8
seq_train_000803,P1043076_720.mp4,train,Yawning,Male,1,432,477,16,16,0,False,25.0,1.8
seq_train_000804,P1043076_720.mp4,train,Yawning,Male,1,456,501,16,16,0,False,25.0,1.8
seq_train_000805,P1043076_720.mp4,train,Yawning,Male,1,480,525,16,16,0,False,25.0,1.8
seq_train_000806,P1043076_720.mp4,train,Yawning,Male,1,504,549,16,16,0,False,25.0,1.8
seq_train_000807,P1043076_720.mp4,train,Yawning,Male,1,528,573,16,16,0,False,25.0,1.8
seq_train_000808,P1043076_720.mp4,train,Yawning,Male,1,552,597,16,16,0,False,25.0,1.8
seq_train_000809,P1043076_720.mp4,train,Yawning,Male,1,576,621,16,16,0,False,25.0,1.8
seq_train_000810,P1043076_720.mp4,train,Yawning,Male,1,600,645,16,16,0,False,25.0,1.8
seq_train_000811,P1043076_720.mp4,train,Yawning,Male,1,624,669,16,16,0,False,25.0,1.8
seq_train_000812,P1043076_720.mp4,train,Yawning,Male,1,648,693,16,16,0,False,25.0,1.8
seq_train_000813,P1043076_720.mp4,train,Yawning,Male,1,672,717,16,16,0,False,25.0,1.8
seq_train_000814,P1043092_720.mp4,train,Yawning,Female,1,0,45,16,16,0,False,25.0,1.8
seq_train_000815,P1043092_720.mp4,train,Yawning,Female,1,24,69,16,16,0,False,25.0,1.8
seq_train_000816,P1043092_720.mp4,train,Yawning,Female,1,48,93,16,16,0,False,25.0,1.8
seq_train_000817,P1043092_720.mp4,train,Yawning,Female,1,72,117,16,16,0,False,25.0,1.8
seq_train_000818,P1043092_720.mp4,train,Yawning,Female,1,96,141,16,16,0,False,25.0,1.8
seq_train_000819,P1043092_720.mp4,train,Yawning,Female,1,120,165,16,16,0,False,25.0,1.8
seq_train_000820,P1043092_720.mp4,train,Yawning,Female,1,144,189,16,16,0,False,25.0,1.8
seq_train_000821,P1043092_720.mp4,train,Yawning,Female,1,168,213,16,16,0,False,25.0,1.8
seq_train_000822,P1043092_720.mp4,train,Yawning,Female,1,192,237,16,16,0,False,25.0,1.8
seq_train_000823,P1043092_720.mp4,train,Yawning,Female,1,216,261,16,16,0,False,25.0,1.8
seq_train_000824,P1043092_720.mp4,train,Yawning,Female,1,240,285,16,16,0,False,25.0,1.8
seq_train_000825,P1043092_720.mp4,train,Yawning,Female,1,264,309,16,16,0,False,25.0,1.8
seq_train_000826,P1043092_720.mp4,train,Yawning,Female,1,288,333,16,16,0,False,25.0,1.8
seq_train_000827,P1043092_720.mp4,train,Yawning,Female,1,312,357,16,16,0,False,25.0,1.8
seq_train_000828,P1043092_720.mp4,train,Yawning,Female,1,336,381,16,16,0,False,25.0,1.8
seq_train_000829,P1043092_720.mp4,train,Yawning,Female,1,360,405,16,16,0,False,25.0,1.8
seq_train_000830,P1043092_720.mp4,train,Yawning,Female,1,384,429,16,16,0,False,25.0,1.8
seq_train_000831,P1043092_720.mp4,train,Yawning,Female,1,408,453,16,16,0,False,25.0,1.8
seq_train_000832,P1043092_720.mp4,train,Yawning,Female,1,432,477,16,16,0,False,25.0,1.8
seq_train_000833,P1043092_720.mp4,train,Yawning,Female,1,456,501,16,16,0,False,25.0,1.8
seq_train_000834,P1043092_720.mp4,train,Yawning,Female,1,480,525,16,16,0,False,25.0,1.8
seq_train_000835,P1043092_720.mp4,train,Yawning,Female,1,504,549,16,16,0,False,25.0,1.8
seq_train_000836,P1043092_720.mp4,train,Yawning,Female,1,528,573,16,16,0,False,25.0,1.8
seq_train_000837,P1043092_720.mp4,train,Yawning,Female,1,552,597,16,16,0,False,25.0,1.8
seq_train_000838,P1043092_720.mp4,train,Yawning,Female,1,576,621,16,16,0,False,25.0,1.8
seq_train_000839,P1043092_720.mp4,train,Yawning,Female,1,600,645,16,16,0,False,25.0,1.8
seq_train_000840,P1043092_720.mp4,train,Yawning,Female,1,624,669,16,16,0,False,25.0,1.8
seq_train_000841,P1043092_720.mp4,train,Yawning,Female,1,648,693,16,16,0,False,25.0,1.8
seq_train_000842,P1043092_720.mp4,train,Yawning,Female,1,672,717,16,16,0,False,25.0,1.8
seq_train_000843,P1043092_720.mp4,train,Yawning,Female,1,696,741,16,16,0,False,25.0,1.8
seq_train_000844,P1043092_720.mp4,train,Yawning,Female,1,720,765,16,16,0,False,25.0,1.8
seq_train_000845,P1043092_720.mp4,train,Yawning,Female,1,744,789,16,16,0,False,25.0,1.8
seq_train_000846,P1043092_720.mp4,train,Yawning,Female,1,768,813,16,16,0,False,25.0,1.8
seq_train_000847,P1043092_720.mp4,train,Yawning,Female,1,792,837,16,16,0,False,25.0,1.8
seq_train_000848,P1043092_720.mp4,train,Yawning,Female,1,816,861,16,16,0,False,25.0,1.8
seq_train_000849,P1043092_720.mp4,train,Yawning,Female,1,840,885,16,16,0,False,25.0,1.8
seq_train_000850,P1043092_720.mp4,train,Yawning,Female,1,864,909,16,16,0,False,25.0,1.8
seq_train_000851,P1043062_720.mp4,train,Yawning,Female,1,0,45,16,16,0,False,25.0,1.8
seq_train_000852,P1043062_720.mp4,train,Yawning,Female,1,24,69,16,16,0,False,25.0,1.8
seq_train_000853,P1043062_720.mp4,train,Yawning,Female,1,48,93,16,16,0,False,25.0,1.8
seq_train_000854,P1043062_720.mp4,train,Yawning,Female,1,72,117,16,16,0,False,25.0,1.8
seq_train_000855,P1043062_720.mp4,train,Yawning,Female,1,96,141,16,16,0,False,25.0,1.8
seq_train_000856,P1043062_720.mp4,train,Yawning,Female,1,120,165,16,16,0,False,25.0,1.8
seq_train_000857,P1043062_720.mp4,train,Yawning,Female,1,144,189,16,16,0,False,25.0,1.8
seq_train_000858,P1043062_720.mp4,train,Yawning,Female,1,168,213,16,16,0,False,25.0,1.8
seq_train_000859,P1043062_720.mp4,train,Yawning,Female,1,192,237,16,16,0,False,25.0,1.8
seq_train_000860,P1043062_720.mp4,train,Yawning,Female,1,216,261,16,16,0,False,25.0,1.8
seq_train_000861,P1043062_720.mp4,train,Yawning,Female,1,240,285,16,16,0,False,25.0,1.8
seq_train_000862,P1043062_720.mp4,train,Yawning,Female,1,264,309,16,16,0,False,25.0,1.8
seq_train_000863,P1043062_720.mp4,train,Yawning,Female,1,288,333,16,16,0,False,25.0,1.8
seq_train_000864,P1043062_720.mp4,train,Yawning,Female,1,312,357,16,16,0,False,25.0,1.8
seq_train_000865,P1043062_720.mp4,train,Yawning,Female,1,336,381,16,16,0,False,25.0,1.8
seq_train_000866,P1043062_720.mp4,train,Yawning,Female,1,360,405,16,16,0,False,25.0,1.8
seq_train_000867,P1043062_720.mp4,train,Yawning,Female,1,384,429,16,16,0,False,25.0,1.8
seq_train_000868,P1043062_720.mp4,train,Yawning,Female,1,408,453,16,16,0,False,25.0,1.8
seq_train_000869,P1043062_720.mp4,train,Yawning,Female,1,432,477,16,16,0,False,25.0,1.8
seq_train_000870,P1043062_720.mp4,train,Yawning,Female,1,456,501,16,16,0,False,25.0,1.8
seq_train_000871,P1043062_720.mp4,train,Yawning,Female,1,480,525,16,16,0,False,25.0,1.8
seq_train_000872,P1043062_720.mp4,train,Yawning,Female,1,504,549,16,16,0,False,25.0,1.8
seq_train_000873,P1043062_720.mp4,train,Yawning,Female,1,528,573,16,16,0,False,25.0,1.8
seq_train_000874,P1043062_720.mp4,train,Yawning,Female,1,552,597,16,16,0,False,25.0,1.8
seq_train_000875,P1043062_720.mp4,train,Yawning,Female,1,576,621,16,16,0,False,25.0,1.8
seq_train_000876,P1043062_720.mp4,train,Yawning,Female,1,600,645,16,16,0,False,25.0,1.8
seq_train_000877,P1043062_720.mp4,train,Yawning,Female,1,624,669,16,16,0,False,25.0,1.8
seq_train_000878,P1043062_720.mp4,train,Yawning,Female,1,648,693,16,16,0,False,25.0,1.8
seq_train_000879,P1043062_720.mp4,train,Yawning,Female,1,672,717,16,16,0,False,25.0,1.8
seq_train_000880,P1043064_720.mp4,train,Yawning,Female,1,0,45,16,16,0,False,25.0,1.8
seq_train_000881,P1043064_720.mp4,train,Yawning,Female,1,24,69,16,16,0,False,25.0,1.8
seq_train_000882,P1043064_720.mp4,train,Yawning,Female,1,48,93,16,16,0,False,25.0,1.8
seq_train_000883,P1043064_720.mp4,train,Yawning,Female,1,72,117,16,16,0,False,25.0,1.8
seq_train_000884,P1043064_720.mp4,train,Yawning,Female,1,96,141,16,14,2,True,25.0,1.8
seq_train_000885,P1043064_720.mp4,train,Yawning,Female,1,120,165,16,14,2,True,25.0,1.8
seq_train_000886,P1043064_720.mp4,train,Yawning,Female,1,144,189,16,16,0,False,25.0,1.8
seq_train_000887,P1043064_720.mp4,train,Yawning,Female,1,168,213,16,16,0,False,25.0,1.8
seq_train_000888,P1043064_720.mp4,train,Yawning,Female,1,192,237,16,16,0,False,25.0,1.8
seq_train_000889,P1043064_720.mp4,train,Yawning,Female,1,216,261,16,16,0,False,25.0,1.8
seq_train_000890,P1043064_720.mp4,train,Yawning,Female,1,240,285,16,16,0,False,25.0,1.8
seq_train_000891,P1043064_720.mp4,train,Yawning,Female,1,264,309,16,16,0,False,25.0,1.8
seq_train_000892,P1043064_720.mp4,train,Yawning,Female,1,288,333,16,16,0,False,25.0,1.8
seq_train_000893,P1043064_720.mp4,train,Yawning,Female,1,312,357,16,16,0,False,25.0,1.8
seq_train_000894,P1043064_720.mp4,train,Yawning,Female,1,336,381,16,16,0,False,25.0,1.8
seq_train_000895,P1043064_720.mp4,train,Yawning,Female,1,360,405,16,16,0,False,25.0,1.8
seq_train_000896,P1043064_720.mp4,train,Yawning,Female,1,384,429,16,14,2,True,25.0,1.8
seq_train_000897,P1043064_720.mp4,train,Yawning,Female,1,408,453,16,14,2,True,25.0,1.8
seq_train_000898,P1043064_720.mp4,train,Yawning,Female,1,432,477,16,16,0,False,25.0,1.8
seq_train_000899,P1043064_720.mp4,train,Yawning,Female,1,456,501,16,16,0,False,25.0,1.8
seq_train_000900,P1043064_720.mp4,train,Yawning,Female,1,480,525,16,16,0,False,25.0,1.8
seq_train_000901,P1043064_720.mp4,train,Yawning,Female,1,504,549,16,16,0,False,25.0,1.8
seq_train_000902,P1042781_720.mp4,train,Yawning,Male,1,0,45,16,16,0,False,25.0,1.8
seq_train_000903,P1042781_720.mp4,train,Yawning,Male,1,24,69,16,16,0,False,25.0,1.8
seq_train_000904,P1042781_720.mp4,train,Yawning,Male,1,48,93,16,16,0,False,25.0,1.8
seq_train_000905,P1042781_720.mp4,train,Yawning,Male,1,72,117,16,16,0,False,25.0,1.8
seq_train_000906,P1042781_720.mp4,train,Yawning,Male,1,96,141,16,13,3,True,25.0,1.8
seq_train_000907,P1042781_720.mp4,train,Yawning,Male,1,144,189,16,15,1,True,25.0,1.8
seq_train_000908,P1042781_720.mp4,train,Yawning,Male,1,168,213,16,16,0,False,25.0,1.8
seq_train_000909,P1042781_720.mp4,train,Yawning,Male,1,192,237,16,16,0,False,25.0,1.8
seq_train_000910,P1042781_720.mp4,train,Yawning,Male,1,216,261,16,16,0,False,25.0,1.8
seq_train_000911,P1042781_720.mp4,train,Yawning,Male,1,240,285,16,16,0,False,25.0,1.8
seq_train_000912,P1042781_720.mp4,train,Yawning,Male,1,264,309,16,16,0,False,25.0,1.8
seq_train_000913,P1042781_720.mp4,train,Yawning,Male,1,288,333,16,16,0,False,25.0,1.8
seq_train_000914,P1042781_720.mp4,train,Yawning,Male,1,312,357,16,16,0,False,25.0,1.8
seq_train_000915,P1042781_720.mp4,train,Yawning,Male,1,336,381,16,16,0,False,25.0,1.8
seq_train_000916,P1042781_720.mp4,train,Yawning,Male,1,360,405,16,16,0,False,25.0,1.8
seq_train_000917,P1042781_720.mp4,train,Yawning,Male,1,384,429,16,16,0,False,25.0,1.8
seq_train_000918,P1042781_720.mp4,train,Yawning,Male,1,408,453,16,16,0,False,25.0,1.8
seq_train_000919,P1042781_720.mp4,train,Yawning,Male,1,432,477,16,16,0,False,25.0,1.8
seq_train_000920,P1042781_720.mp4,train,Yawning,Male,1,456,501,16,16,0,False,25.0,1.8
seq_train_000921,P1042781_720.mp4,train,Yawning,Male,1,480,525,16,16,0,False,25.0,1.8
seq_train_000922,P1042781_720.mp4,train,Yawning,Male,1,504,549,16,16,0,False,25.0,1.8
seq_train_000923,P1042781_720.mp4,train,Yawning,Male,1,528,573,16,16,0,False,25.0,1.8
seq_train_000924,P1042781_720.mp4,train,Yawning,Male,1,552,597,16,16,0,False,25.0,1.8
seq_train_000925,P1042781_720.mp4,train,Yawning,Male,1,576,621,16,16,0,False,25.0,1.8
seq_train_000926,P1042781_720.mp4,train,Yawning,Male,1,600,645,16,16,0,False,25.0,1.8
seq_train_000927,P1042781_720.mp4,train,Yawning,Male,1,624,669,16,16,0,False,25.0,1.8
seq_train_000928,P1042781_720.mp4,train,Yawning,Male,1,648,693,16,16,0,False,25.0,1.8
seq_train_000929,P1042781_720.mp4,train,Yawning,Male,1,672,717,16,16,0,False,25.0,1.8
seq_train_000930,P1042781_720.mp4,train,Yawning,Male,1,696,741,16,16,0,False,25.0,1.8
seq_train_000931,P1042781_720.mp4,train,Yawning,Male,1,720,765,16,16,0,False,25.0,1.8
seq_train_000932,P1042781_720.mp4,train,Yawning,Male,1,744,789,16,16,0,False,25.0,1.8
seq_train_000933,P1042781_720.mp4,train,Yawning,Male,1,768,813,16,16,0,False,25.0,1.8
seq_train_000934,P1042781_720.mp4,train,Yawning,Male,1,792,837,16,16,0,False,25.0,1.8
seq_train_000935,P1042781_720.mp4,train,Yawning,Male,1,816,861,16,16,0,False,25.0,1.8
seq_train_000936,P1042781_720.mp4,train,Yawning,Male,1,840,885,16,16,0,False,25.0,1.8
seq_train_000937,P1042781_720.mp4,train,Yawning,Male,1,864,909,16,16,0,False,25.0,1.8
seq_train_000938,P1042781_720.mp4,train,Yawning,Male,1,888,933,16,16,0,False,25.0,1.8
seq_train_000939,P1042781_720.mp4,train,Yawning,Male,1,912,957,16,16,0,False,25.0,1.8
seq_train_000940,P1042781_720.mp4,train,Yawning,Male,1,936,981,16,16,0,False,25.0,1.8
seq_train_000941,P1043101_720.mp4,train,Yawning,Female,1,0,45,16,16,0,False,25.0,1.8
seq_train_000942,P1043101_720.mp4,train,Yawning,Female,1,24,69,16,16,0,False,25.0,1.8
seq_train_000943,P1043101_720.mp4,train,Yawning,Female,1,48,93,16,16,0,False,25.0,1.8
seq_train_000944,P1043101_720.mp4,train,Yawning,Female,1,72,117,16,16,0,False,25.0,1.8
seq_train_000945,P1043101_720.mp4,train,Yawning,Female,1,96,141,16,16,0,False,25.0,1.8
seq_train_000946,P1043101_720.mp4,train,Yawning,Female,1,120,165,16,16,0,False,25.0,1.8
seq_train_000947,P1043101_720.mp4,train,Yawning,Female,1,144,189,16,16,0,False,25.0,1.8
seq_train_000948,P1043101_720.mp4,train,Yawning,Female,1,168,213,16,16,0,False,25.0,1.8
seq_train_000949,P1043101_720.mp4,train,Yawning,Female,1,192,237,16,16,0,False,25.0,1.8
seq_train_000950,P1043101_720.mp4,train,Yawning,Female,1,216,261,16,16,0,False,25.0,1.8
seq_train_000951,P1043101_720.mp4,train,Yawning,Female,1,240,285,16,16,0,False,25.0,1.8
seq_train_000952,P1043101_720.mp4,train,Yawning,Female,1,264,309,16,16,0,False,25.0,1.8
seq_train_000953,P1043101_720.mp4,train,Yawning,Female,1,288,333,16,16,0,False,25.0,1.8
seq_train_000954,P1043101_720.mp4,train,Yawning,Female,1,312,357,16,16,0,False,25.0,1.8
seq_train_000955,P1043101_720.mp4,train,Yawning,Female,1,336,381,16,16,0,False,25.0,1.8
seq_train_000956,P1043101_720.mp4,train,Yawning,Female,1,360,405,16,16,0,False,25.0,1.8
seq_train_000957,P1043101_720.mp4,train,Yawning,Female,1,384,429,16,16,0,False,25.0,1.8
seq_train_000958,P1043101_720.mp4,train,Yawning,Female,1,408,453,16,16,0,False,25.0,1.8
seq_train_000959,P1043101_720.mp4,train,Yawning,Female,1,432,477,16,16,0,False,25.0,1.8
seq_train_000960,P1043101_720.mp4,train,Yawning,Female,1,456,501,16,16,0,False,25.0,1.8
seq_train_000961,P1043101_720.mp4,train,Yawning,Female,1,480,525,16,16,0,False,25.0,1.8
seq_train_000962,P1043101_720.mp4,train,Yawning,Female,1,504,549,16,16,0,False,25.0,1.8
seq_train_000963,P1043101_720.mp4,train,Yawning,Female,1,528,573,16,16,0,False,25.0,1.8
seq_train_000964,P1043101_720.mp4,train,Yawning,Female,1,552,597,16,16,0,False,25.0,1.8
seq_train_000965,P1043101_720.mp4,train,Yawning,Female,1,576,621,16,16,0,False,25.0,1.8
seq_train_000966,P1043101_720.mp4,train,Yawning,Female,1,600,645,16,16,0,False,25.0,1.8
seq_train_000967,P1043101_720.mp4,train,Yawning,Female,1,624,669,16,16,0,False,25.0,1.8
seq_train_000968,P1043101_720.mp4,train,Yawning,Female,1,648,693,16,16,0,False,25.0,1.8
seq_train_000969,P1043101_720.mp4,train,Yawning,Female,1,672,717,16,16,0,False,25.0,1.8
seq_train_000970,P1043101_720.mp4,train,Yawning,Female,1,696,741,16,16,0,False,25.0,1.8
seq_train_000971,P1043101_720.mp4,train,Yawning,Female,1,720,765,16,16,0,False,25.0,1.8
seq_train_000972,P1043101_720.mp4,train,Yawning,Female,1,744,789,16,16,0,False,25.0,1.8
seq_train_000973,P1042752_720.mp4,train,Yawning,Male,1,0,45,16,16,0,False,25.0,1.8
seq_train_000974,P1042752_720.mp4,train,Yawning,Male,1,24,69,16,16,0,False,25.0,1.8
seq_train_000975,P1042752_720.mp4,train,Yawning,Male,1,48,93,16,16,0,False,25.0,1.8
seq_train_000976,P1042752_720.mp4,train,Yawning,Male,1,72,117,16,16,0,False,25.0,1.8
seq_train_000977,P1042752_720.mp4,train,Yawning,Male,1,96,141,16,16,0,False,25.0,1.8
seq_train_000978,P1042752_720.mp4,train,Yawning,Male,1,120,165,16,16,0,False,25.0,1.8
seq_train_000979,P1042752_720.mp4,train,Yawning,Male,1,144,189,16,16,0,False,25.0,1.8
seq_train_000980,P1042752_720.mp4,train,Yawning,Male,1,168,213,16,16,0,False,25.0,1.8
seq_train_000981,P1042752_720.mp4,train,Yawning,Male,1,192,237,16,16,0,False,25.0,1.8
seq_train_000982,P1042752_720.mp4,train,Yawning,Male,1,216,261,16,16,0,False,25.0,1.8
seq_train_000983,P1042752_720.mp4,train,Yawning,Male,1,240,285,16,16,0,False,25.0,1.8
seq_train_000984,P1042752_720.mp4,train,Yawning,Male,1,264,309,16,16,0,False,25.0,1.8
seq_train_000985,P1042752_720.mp4,train,Yawning,Male,1,288,333,16,16,0,False,25.0,1.8
seq_train_000986,P1042752_720.mp4,train,Yawning,Male,1,312,357,16,16,0,False,25.0,1.8
seq_train_000987,P1042752_720.mp4,train,Yawning,Male,1,336,381,16,16,0,False,25.0,1.8
seq_train_000988,P1042752_720.mp4,train,Yawning,Male,1,360,405,16,16,0,False,25.0,1.8
seq_train_000989,P1042752_720.mp4,train,Yawning,Male,1,384,429,16,16,0,False,25.0,1.8
seq_train_000990,P1042752_720.mp4,train,Yawning,Male,1,408,453,16,16,0,False,25.0,1.8
seq_train_000991,P1042752_720.mp4,train,Yawning,Male,1,432,477,16,16,0,False,25.0,1.8
seq_train_000992,P1042752_720.mp4,train,Yawning,Male,1,456,501,16,16,0,False,25.0,1.8
seq_train_000993,P1042752_720.mp4,train,Yawning,Male,1,480,525,16,15,1,True,25.0,1.8
seq_train_000994,P1042752_720.mp4,train,Yawning,Male,1,504,549,16,15,1,True,25.0,1.8
seq_train_000995,P1042752_720.mp4,train,Yawning,Male,1,528,573,16,16,0,False,25.0,1.8
seq_train_000996,P1042752_720.mp4,train,Yawning,Male,1,552,597,16,16,0,False,25.0,1.8
seq_train_000997,P1042752_720.mp4,train,Yawning,Male,1,576,621,16,16,0,False,25.0,1.8
seq_train_000998,P1042752_720.mp4,train,Yawning,Male,1,600,645,16,16,0,False,25.0,1.8
seq_train_000999,P1042752_720.mp4,train,Yawning,Male,1,624,669,16,16,0,False,25.0,1.8
seq_train_001000,P1042752_720.mp4,train,Yawning,Male,1,648,693,16,16,0,False,25.0,1.8
seq_train_001001,P1042752_720.mp4,train,Yawning,Male,1,672,717,16,16,0,False,25.0,1.8
seq_train_001002,P1042752_720.mp4,train,Yawning,Male,1,696,741,16,16,0,False,25.0,1.8
seq_train_001003,P1042752_720.mp4,train,Yawning,Male,1,720,765,16,16,0,False,25.0,1.8
seq_train_001004,P1042752_720.mp4,train,Yawning,Male,1,744,789,16,16,0,False,25.0,1.8
seq_train_001005,P1042752_720.mp4,train,Yawning,Male,1,768,813,16,16,0,False,25.0,1.8
seq_train_001006,P1042752_720.mp4,train,Yawning,Male,1,792,837,16,16,0,False,25.0,1.8
seq_train_001007,P1042752_720.mp4,train,Yawning,Male,1,816,861,16,16,0,False,25.0,1.8
seq_train_001008,P1042752_720.mp4,train,Yawning,Male,1,840,885,16,16,0,False,25.0,1.8
seq_train_001009,P1042752_720.mp4,train,Yawning,Male,1,864,909,16,16,0,False,25.0,1.8
seq_train_001010,P1042752_720.mp4,train,Yawning,Male,1,888,933,16,16,0,False,25.0,1.8
seq_train_001011,P1042752_720.mp4,train,Yawning,Male,1,912,957,16,16,0,False,25.0,1.8
seq_train_001012,P1042752_720.mp4,train,Yawning,Male,1,936,981,16,15,1,True,25.0,1.8
seq_train_001013,P1042752_720.mp4,train,Yawning,Male,1,960,1005,16,15,1,True,25.0,1.8
seq_train_001014,P1042752_720.mp4,train,Yawning,Male,1,984,1029,16,16,0,False,25.0,1.8
seq_train_001015,P1042752_720.mp4,train,Yawning,Male,1,1008,1053,16,16,0,False,25.0,1.8
seq_train_001016,P1042752_720.mp4,train,Yawning,Male,1,1032,1077,16,16,0,False,25.0,1.8
seq_train_001017,P1042752_720.mp4,train,Yawning,Male,1,1056,1101,16,16,0,False,25.0,1.8
seq_train_001018,P1043078_720.mp4,train,Yawning,Male,1,0,45,16,16,0,False,25.0,1.8
seq_train_001019,P1043078_720.mp4,train,Yawning,Male,1,24,69,16,16,0,False,25.0,1.8
seq_train_001020,P1043078_720.mp4,train,Yawning,Male,1,48,93,16,16,0,False,25.0,1.8
seq_train_001021,P1043078_720.mp4,train,Yawning,Male,1,72,117,16,16,0,False,25.0,1.8
seq_train_001022,P1043078_720.mp4,train,Yawning,Male,1,96,141,16,16,0,False,25.0,1.8
seq_train_001023,P1043078_720.mp4,train,Yawning,Male,1,120,165,16,16,0,False,25.0,1.8
seq_train_001024,P1043078_720.mp4,train,Yawning,Male,1,144,189,16,16,0,False,25.0,1.8
seq_train_001025,P1043078_720.mp4,train,Yawning,Male,1,168,213,16,16,0,False,25.0,1.8
seq_train_001026,P1043078_720.mp4,train,Yawning,Male,1,192,237,16,16,0,False,25.0,1.8
seq_train_001027,P1043078_720.mp4,train,Yawning,Male,1,216,261,16,16,0,False,25.0,1.8
seq_train_001028,P1043078_720.mp4,train,Yawning,Male,1,240,285,16,16,0,False,25.0,1.8
seq_train_001029,P1043078_720.mp4,train,Yawning,Male,1,264,309,16,16,0,False,25.0,1.8
seq_train_001030,P1043078_720.mp4,train,Yawning,Male,1,288,333,16,16,0,False,25.0,1.8
seq_train_001031,P1043078_720.mp4,train,Yawning,Male,1,312,357,16,16,0,False,25.0,1.8
seq_train_001032,P1043078_720.mp4,train,Yawning,Male,1,336,381,16,16,0,False,25.0,1.8
seq_train_001033,P1043078_720.mp4,train,Yawning,Male,1,360,405,16,16,0,False,25.0,1.8
seq_train_001034,P1043078_720.mp4,train,Yawning,Male,1,384,429,16,16,0,False,25.0,1.8
seq_train_001035,P1043078_720.mp4,train,Yawning,Male,1,408,453,16,16,0,False,25.0,1.8
seq_train_001036,P1043078_720.mp4,train,Yawning,Male,1,432,477,16,16,0,False,25.0,1.8
seq_train_001037,P1043078_720.mp4,train,Yawning,Male,1,456,501,16,16,0,False,25.0,1.8
seq_train_001038,P1043078_720.mp4,train,Yawning,Male,1,480,525,16,16,0,False,25.0,1.8
seq_train_001039,P1043078_720.mp4,train,Yawning,Male,1,504,549,16,16,0,False,25.0,1.8
seq_train_001040,P1043078_720.mp4,train,Yawning,Male,1,528,573,16,16,0,False,25.0,1.8
seq_train_001041,P1042793_720.mp4,train,Microsleep,Male,1,0,45,16,16,0,False,25.0,1.8
seq_train_001042,P1042793_720.mp4,train,Microsleep,Male,1,24,69,16,16,0,False,25.0,1.8
seq_train_001043,P1042793_720.mp4,train,Microsleep,Male,1,48,93,16,16,0,False,25.0,1.8
seq_train_001044,P1042793_720.mp4,train,Microsleep,Male,1,72,117,16,16,0,False,25.0,1.8
seq_train_001045,P1042793_720.mp4,train,Microsleep,Male,1,96,141,16,16,0,False,25.0,1.8
seq_train_001046,P1042793_720.mp4,train,Microsleep,Male,1,120,165,16,16,0,False,25.0,1.8
seq_train_001047,P1042793_720.mp4,train,Microsleep,Male,1,144,189,16,16,0,False,25.0,1.8
seq_train_001048,P1042793_720.mp4,train,Microsleep,Male,1,168,213,16,16,0,False,25.0,1.8
seq_train_001049,P1042793_720.mp4,train,Microsleep,Male,1,192,237,16,16,0,False,25.0,1.8
seq_train_001050,P1042793_720.mp4,train,Microsleep,Male,1,216,261,16,16,0,False,25.0,1.8
seq_train_001051,P1042793_720.mp4,train,Microsleep,Male,1,240,285,16,16,0,False,25.0,1.8
seq_train_001052,P1042793_720.mp4,train,Microsleep,Male,1,264,309,16,16,0,False,25.0,1.8
seq_train_001053,P1042793_720.mp4,train,Microsleep,Male,1,288,333,16,16,0,False,25.0,1.8
seq_train_001054,P1042793_720.mp4,train,Microsleep,Male,1,312,357,16,16,0,False,25.0,1.8
seq_train_001055,P1042793_720.mp4,train,Microsleep,Male,1,336,381,16,16,0,False,25.0,1.8
seq_train_001056,P1042793_720.mp4,train,Microsleep,Male,1,360,405,16,16,0,False,25.0,1.8
seq_train_001057,P1042793_720.mp4,train,Microsleep,Male,1,384,429,16,16,0,False,25.0,1.8
seq_train_001058,P1042793_720.mp4,train,Microsleep,Male,1,408,453,16,16,0,False,25.0,1.8
seq_train_001059,P1042793_720.mp4,train,Microsleep,Male,1,432,477,16,16,0,False,25.0,1.8
seq_train_001060,P1042793_720.mp4,train,Microsleep,Male,1,456,501,16,16,0,False,25.0,1.8
seq_train_001061,P1042793_720.mp4,train,Microsleep,Male,1,480,525,16,16,0,False,25.0,1.8
seq_train_001062,P1042793_720.mp4,train,Microsleep,Male,1,504,549,16,16,0,False,25.0,1.8
seq_train_001063,P1042793_720.mp4,train,Microsleep,Male,1,528,573,16,16,0,False,25.0,1.8
seq_train_001064,P1042793_720.mp4,train,Microsleep,Male,1,552,597,16,16,0,False,25.0,1.8
seq_train_001065,P1042793_720.mp4,train,Microsleep,Male,1,576,621,16,16,0,False,25.0,1.8
seq_train_001066,P1042793_720.mp4,train,Microsleep,Male,1,600,645,16,16,0,False,25.0,1.8
seq_train_001067,P1042793_720.mp4,train,Microsleep,Male,1,624,669,16,16,0,False,25.0,1.8
seq_train_001068,P1042793_720.mp4,train,Microsleep,Male,1,648,693,16,16,0,False,25.0,1.8
seq_train_001069,P1042793_720.mp4,train,Microsleep,Male,1,672,717,16,16,0,False,25.0,1.8
seq_train_001070,P1042793_720.mp4,train,Microsleep,Male,1,696,741,16,16,0,False,25.0,1.8
seq_train_001071,P1042793_720.mp4,train,Microsleep,Male,1,720,765,16,16,0,False,25.0,1.8
seq_train_001072,P1042793_720.mp4,train,Microsleep,Male,1,744,789,16,16,0,False,25.0,1.8
seq_train_001073,P1042793_720.mp4,train,Microsleep,Male,1,768,813,16,16,0,False,25.0,1.8
seq_train_001074,P1042793_720.mp4,train,Microsleep,Male,1,792,837,16,16,0,False,25.0,1.8
seq_train_001075,P1042793_720.mp4,train,Microsleep,Male,1,816,861,16,16,0,False,25.0,1.8
seq_train_001076,P1042793_720.mp4,train,Microsleep,Male,1,840,885,16,16,0,False,25.0,1.8
seq_train_001077,P1042793_720.mp4,train,Microsleep,Male,1,864,909,16,16,0,False,25.0,1.8
seq_train_001078,P1042793_720.mp4,train,Microsleep,Male,1,888,933,16,16,0,False,25.0,1.8
seq_train_001079,P1042793_720.mp4,train,Microsleep,Male,1,912,957,16,16,0,False,25.0,1.8
seq_train_001080,P1042793_720.mp4,train,Microsleep,Male,1,936,981,16,16,0,False,25.0,1.8
seq_train_001081,P1042793_720.mp4,train,Microsleep,Male,1,960,1005,16,16,0,False,25.0,1.8
seq_train_001082,P1042793_720.mp4,train,Microsleep,Male,1,984,1029,16,16,0,False,25.0,1.8
seq_train_001083,P1042793_720.mp4,train,Microsleep,Male,1,1008,1053,16,16,0,False,25.0,1.8
seq_train_001084,P1042793_720.mp4,train,Microsleep,Male,1,1032,1077,16,16,0,False,25.0,1.8
seq_train_001085,P1042793_720.mp4,train,Microsleep,Male,1,1056,1101,16,16,0,False,25.0,1.8
seq_train_001086,P1042793_720.mp4,train,Microsleep,Male,1,1080,1125,16,16,0,False,25.0,1.8
seq_train_001087,P1042793_720.mp4,train,Microsleep,Male,1,1104,1149,16,16,0,False,25.0,1.8
seq_train_001088,P1042793_720.mp4,train,Microsleep,Male,1,1128,1173,16,16,0,False,25.0,1.8
seq_train_001089,P1042793_720.mp4,train,Microsleep,Male,1,1152,1197,16,16,0,False,25.0,1.8
seq_train_001090,P1042793_720.mp4,train,Microsleep,Male,1,1176,1221,16,16,0,False,25.0,1.8
seq_train_001091,P1042793_720.mp4,train,Microsleep,Male,1,1200,1245,16,16,0,False,25.0,1.8
seq_train_001092,P1042793_720.mp4,train,Microsleep,Male,1,1224,1269,16,16,0,False,25.0,1.8
seq_train_001093,P1042793_720.mp4,train,Microsleep,Male,1,1248,1293,16,16,0,False,25.0,1.8
seq_train_001094,P1042793_720.mp4,train,Microsleep,Male,1,1272,1317,16,16,0,False,25.0,1.8
seq_train_001095,P1042793_720.mp4,train,Microsleep,Male,1,1296,1341,16,16,0,False,25.0,1.8
seq_train_001096,P1042793_720.mp4,train,Microsleep,Male,1,1320,1365,16,16,0,False,25.0,1.8
seq_train_001097,P1042793_720.mp4,train,Microsleep,Male,1,1344,1389,16,16,0,False,25.0,1.8
seq_train_001098,P1042793_720.mp4,train,Microsleep,Male,1,1368,1413,16,16,0,False,25.0,1.8
seq_train_001099,P1042793_720.mp4,train,Microsleep,Male,1,1392,1437,16,16,0,False,25.0,1.8
seq_train_001100,P1042793_720.mp4,train,Microsleep,Male,1,1416,1461,16,16,0,False,25.0,1.8
seq_train_001101,P1042793_720.mp4,train,Microsleep,Male,1,1440,1485,16,16,0,False,25.0,1.8
seq_train_001102,P1042793_720.mp4,train,Microsleep,Male,1,1464,1509,16,16,0,False,25.0,1.8
seq_train_001103,P1042793_720.mp4,train,Microsleep,Male,1,1488,1533,16,16,0,False,25.0,1.8
seq_train_001104,P1042793_720.mp4,train,Microsleep,Male,1,1512,1557,16,16,0,False,25.0,1.8
seq_train_001105,P1042793_720.mp4,train,Microsleep,Male,1,1536,1581,16,16,0,False,25.0,1.8
seq_train_001106,P1042793_720.mp4,train,Microsleep,Male,1,1560,1605,16,16,0,False,25.0,1.8
seq_train_001107,P1042793_720.mp4,train,Microsleep,Male,1,1584,1629,16,16,0,False,25.0,1.8
seq_train_001108,P1042793_720.mp4,train,Microsleep,Male,1,1608,1653,16,16,0,False,25.0,1.8
seq_train_001109,P1042793_720.mp4,train,Microsleep,Male,1,1632,1677,16,16,0,False,25.0,1.8
seq_train_001110,P1042793_720.mp4,train,Microsleep,Male,1,1656,1701,16,16,0,False,25.0,1.8
seq_train_001111,P1042793_720.mp4,train,Microsleep,Male,1,1680,1725,16,16,0,False,25.0,1.8
seq_train_001112,P1042793_720.mp4,train,Microsleep,Male,1,1704,1749,16,16,0,False,25.0,1.8
seq_train_001113,P1042793_720.mp4,train,Microsleep,Male,1,1728,1773,16,15,1,True,25.0,1.8
seq_train_001114,P1042793_720.mp4,train,Microsleep,Male,1,1752,1797,16,15,1,True,25.0,1.8
seq_train_001115,P1042793_720.mp4,train,Microsleep,Male,1,1776,1821,16,16,0,False,25.0,1.8
seq_train_001116,P1042793_720.mp4,train,Microsleep,Male,1,1800,1845,16,16,0,False,25.0,1.8
seq_train_001117,P1042793_720.mp4,train,Microsleep,Male,1,1824,1869,16,16,0,False,25.0,1.8
seq_train_001118,P1042793_720.mp4,train,Microsleep,Male,1,1848,1893,16,16,0,False,25.0,1.8
seq_train_001119,P1042793_720.mp4,train,Microsleep,Male,1,1872,1917,16,16,0,False,25.0,1.8
seq_train_001120,P1042793_720.mp4,train,Microsleep,Male,1,1896,1941,16,16,0,False,25.0,1.8
seq_train_001121,P1042793_720.mp4,train,Microsleep,Male,1,1920,1965,16,16,0,False,25.0,1.8
seq_train_001122,P1042793_720.mp4,train,Microsleep,Male,1,1944,1989,16,16,0,False,25.0,1.8
seq_train_001123,P1042793_720.mp4,train,Microsleep,Male,1,1968,2013,16,15,1,True,25.0,1.8
seq_train_001124,P1042793_720.mp4,train,Microsleep,Male,1,1992,2037,16,15,1,True,25.0,1.8
seq_train_001125,P1042793_720.mp4,train,Microsleep,Male,1,2016,2061,16,16,0,False,25.0,1.8
seq_train_001126,P1042793_720.mp4,train,Microsleep,Male,1,2040,2085,16,16,0,False,25.0,1.8
seq_train_001127,P1042793_720.mp4,train,Microsleep,Male,1,2064,2109,16,16,0,False,25.0,1.8
seq_train_001128,P1042793_720.mp4,train,Microsleep,Male,1,2088,2133,16,16,0,False,25.0,1.8
seq_train_001129,P1042793_720.mp4,train,Microsleep,Male,1,2112,2157,16,16,0,False,25.0,1.8
seq_train_001130,P1042793_720.mp4,train,Microsleep,Male,1,2136,2181,16,16,0,False,25.0,1.8
seq_train_001131,P1042793_720.mp4,train,Microsleep,Male,1,2160,2205,16,16,0,False,25.0,1.8
seq_train_001132,P1042793_720.mp4,train,Microsleep,Male,1,2184,2229,16,16,0,False,25.0,1.8
seq_train_001133,P1042793_720.mp4,train,Microsleep,Male,1,2208,2253,16,16,0,False,25.0,1.8
seq_train_001134,P1042793_720.mp4,train,Microsleep,Male,1,2232,2277,16,16,0,False,25.0,1.8
seq_train_001135,P1042793_720.mp4,train,Microsleep,Male,1,2256,2301,16,13,3,True,25.0,1.8
seq_train_001136,P1042793_720.mp4,train,Microsleep,Male,1,2280,2325,16,13,3,True,25.0,1.8
seq_train_001137,P1042793_720.mp4,train,Microsleep,Male,1,2304,2349,16,16,0,False,25.0,1.8
seq_train_001138,P1042793_720.mp4,train,Microsleep,Male,1,2328,2373,16,16,0,False,25.0,1.8
seq_train_001139,P1042793_720.mp4,train,Microsleep,Male,1,2352,2397,16,16,0,False,25.0,1.8
seq_train_001140,P1042793_720.mp4,train,Microsleep,Male,1,2376,2421,16,16,0,False,25.0,1.8
seq_train_001141,P1042793_720.mp4,train,Microsleep,Male,1,2400,2445,16,16,0,False,25.0,1.8
seq_train_001142,P1042793_720.mp4,train,Microsleep,Male,1,2424,2469,16,16,0,False,25.0,1.8
seq_train_001143,P1042793_720.mp4,train,Microsleep,Male,1,2448,2493,16,16,0,False,25.0,1.8
seq_train_001144,P1042793_720.mp4,train,Microsleep,Male,1,2472,2517,16,16,0,False,25.0,1.8
seq_train_001145,P1042793_720.mp4,train,Microsleep,Male,1,2544,2589,16,16,0,False,25.0,1.8
seq_train_001146,P1042793_720.mp4,train,Microsleep,Male,1,2568,2613,16,16,0,False,25.0,1.8
seq_train_001147,P1042793_720.mp4,train,Microsleep,Male,1,2592,2637,16,16,0,False,25.0,1.8
seq_train_001148,P1042793_720.mp4,train,Microsleep,Male,1,2616,2661,16,16,0,False,25.0,1.8
seq_train_001149,P1042793_720.mp4,train,Microsleep,Male,1,2640,2685,16,16,0,False,25.0,1.8
seq_train_001150,P1042793_720.mp4,train,Microsleep,Male,1,2664,2709,16,16,0,False,25.0,1.8
seq_train_001151,P1042793_720.mp4,train,Microsleep,Male,1,2736,2781,16,16,0,False,25.0,1.8
seq_train_001152,P1042793_720.mp4,train,Microsleep,Male,1,2760,2805,16,16,0,False,25.0,1.8
seq_train_001153,P1042793_720.mp4,train,Microsleep,Male,1,2784,2829,16,16,0,False,25.0,1.8
seq_train_001154,P1042793_720.mp4,train,Microsleep,Male,1,2808,2853,16,16,0,False,25.0,1.8
seq_train_001155,P1042793_720.mp4,train,Microsleep,Male,1,2832,2877,16,16,0,False,25.0,1.8
seq_train_001156,P1042793_720.mp4,train,Microsleep,Male,1,2856,2901,16,16,0,False,25.0,1.8
seq_train_001157,P1042793_720.mp4,train,Microsleep,Male,1,2880,2925,16,14,2,True,25.0,1.8
seq_train_001158,P1042793_720.mp4,train,Microsleep,Male,1,2904,2949,16,14,2,True,25.0,1.8
seq_train_001159,P1042793_720.mp4,train,Microsleep,Male,1,2928,2973,16,16,0,False,25.0,1.8
seq_train_001160,P1042793_720.mp4,train,Microsleep,Male,1,2952,2997,16,16,0,False,25.0,1.8
seq_train_001161,P1042793_720.mp4,train,Microsleep,Male,1,2976,3021,16,16,0,False,25.0,1.8
seq_train_001162,P1042793_720.mp4,train,Microsleep,Male,1,3000,3045,16,16,0,False,25.0,1.8
seq_train_001163,P1042793_720.mp4,train,Microsleep,Male,1,3024,3069,16,16,0,False,25.0,1.8
seq_train_001164,P1042793_720.mp4,train,Microsleep,Male,1,3048,3093,16,16,0,False,25.0,1.8
seq_train_001165,P1042793_720.mp4,train,Microsleep,Male,1,3072,3117,16,16,0,False,25.0,1.8
seq_train_001166,P1042791_720.mp4,train,Yawning,Female,1,0,45,16,16,0,False,25.0,1.8
seq_train_001167,P1042791_720.mp4,train,Yawning,Female,1,24,69,16,16,0,False,25.0,1.8
seq_train_001168,P1042791_720.mp4,train,Yawning,Female,1,48,93,16,15,1,True,25.0,1.8
seq_train_001169,P1042791_720.mp4,train,Yawning,Female,1,72,117,16,15,1,True,25.0,1.8
seq_train_001170,P1042791_720.mp4,train,Yawning,Female,1,96,141,16,16,0,False,25.0,1.8
seq_train_001171,P1042791_720.mp4,train,Yawning,Female,1,120,165,16,16,0,False,25.0,1.8
seq_train_001172,P1042791_720.mp4,train,Yawning,Female,1,144,189,16,16,0,False,25.0,1.8
seq_train_001173,P1042791_720.mp4,train,Yawning,Female,1,168,213,16,16,0,False,25.0,1.8
seq_train_001174,P1042791_720.mp4,train,Yawning,Female,1,192,237,16,16,0,False,25.0,1.8
seq_train_001175,P1042791_720.mp4,train,Yawning,Female,1,216,261,16,16,0,False,25.0,1.8
seq_train_001176,P1042791_720.mp4,train,Yawning,Female,1,240,285,16,16,0,False,25.0,1.8
seq_train_001177,P1042791_720.mp4,train,Yawning,Female,1,264,309,16,16,0,False,25.0,1.8
seq_train_001178,P1042791_720.mp4,train,Yawning,Female,1,288,333,16,16,0,False,25.0,1.8
seq_train_001179,P1042791_720.mp4,train,Yawning,Female,1,312,357,16,16,0,False,25.0,1.8
seq_train_001180,P1042791_720.mp4,train,Yawning,Female,1,336,381,16,16,0,False,25.0,1.8
seq_train_001181,P1042791_720.mp4,train,Yawning,Female,1,360,405,16,16,0,False,25.0,1.8
seq_train_001182,P1042791_720.mp4,train,Yawning,Female,1,384,429,16,16,0,False,25.0,1.8
seq_train_001183,P1042791_720.mp4,train,Yawning,Female,1,408,453,16,16,0,False,25.0,1.8
seq_train_001184,P1042791_720.mp4,train,Yawning,Female,1,432,477,16,16,0,False,25.0,1.8
seq_train_001185,P1042791_720.mp4,train,Yawning,Female,1,456,501,16,16,0,False,25.0,1.8
seq_train_001186,P1042791_720.mp4,train,Yawning,Female,1,480,525,16,16,0,False,25.0,1.8
seq_train_001187,P1042791_720.mp4,train,Yawning,Female,1,504,549,16,15,1,True,25.0,1.8
seq_train_001188,P1042791_720.mp4,train,Yawning,Female,1,528,573,16,15,1,True,25.0,1.8
seq_train_001189,P1042791_720.mp4,train,Yawning,Female,1,552,597,16,14,2,True,25.0,1.8
seq_train_001190,P1042791_720.mp4,train,Yawning,Female,1,576,621,16,14,2,True,25.0,1.8
seq_train_001191,P1042791_720.mp4,train,Yawning,Female,1,600,645,16,13,3,True,25.0,1.8
seq_train_001192,P1043104_720.mp4,train,Yawning,Female,1,0,45,16,16,0,False,25.0,1.8
seq_train_001193,P1043104_720.mp4,train,Yawning,Female,1,24,69,16,16,0,False,25.0,1.8
seq_train_001194,P1043104_720.mp4,train,Yawning,Female,1,48,93,16,16,0,False,25.0,1.8
seq_train_001195,P1043104_720.mp4,train,Yawning,Female,1,72,117,16,16,0,False,25.0,1.8
seq_train_001196,P1043104_720.mp4,train,Yawning,Female,1,96,141,16,16,0,False,25.0,1.8
seq_train_001197,P1043104_720.mp4,train,Yawning,Female,1,120,165,16,16,0,False,25.0,1.8
seq_train_001198,P1043104_720.mp4,train,Yawning,Female,1,144,189,16,16,0,False,25.0,1.8
seq_train_001199,P1043104_720.mp4,train,Yawning,Female,1,168,213,16,16,0,False,25.0,1.8
seq_train_001200,P1043104_720.mp4,train,Yawning,Female,1,192,237,16,16,0,False,25.0,1.8
seq_train_001201,P1043104_720.mp4,train,Yawning,Female,1,216,261,16,16,0,False,25.0,1.8
seq_train_001202,P1043104_720.mp4,train,Yawning,Female,1,240,285,16,16,0,False,25.0,1.8
seq_train_001203,P1043104_720.mp4,train,Yawning,Female,1,264,309,16,16,0,False,25.0,1.8
seq_train_001204,P1043104_720.mp4,train,Yawning,Female,1,288,333,16,16,0,False,25.0,1.8
seq_train_001205,P1043104_720.mp4,train,Yawning,Female,1,312,357,16,16,0,False,25.0,1.8
seq_train_001206,P1043104_720.mp4,train,Yawning,Female,1,336,381,16,16,0,False,25.0,1.8
seq_train_001207,P1043104_720.mp4,train,Yawning,Female,1,360,405,16,16,0,False,25.0,1.8
seq_train_001208,P1043104_720.mp4,train,Yawning,Female,1,384,429,16,16,0,False,25.0,1.8
seq_train_001209,P1043104_720.mp4,train,Yawning,Female,1,408,453,16,16,0,False,25.0,1.8
seq_train_001210,P1043104_720.mp4,train,Yawning,Female,1,432,477,16,16,0,False,25.0,1.8
seq_train_001211,P1043104_720.mp4,train,Yawning,Female,1,456,501,16,16,0,False,25.0,1.8
seq_train_001212,P1043104_720.mp4,train,Yawning,Female,1,480,525,16,16,0,False,25.0,1.8
seq_train_001213,P1043104_720.mp4,train,Yawning,Female,1,504,549,16,16,0,False,25.0,1.8
seq_train_001214,P1043104_720.mp4,train,Yawning,Female,1,528,573,16,16,0,False,25.0,1.8
seq_train_001215,P1042759_720.mp4,train,Yawning,Male,1,0,45,16,16,0,False,25.0,1.8
seq_train_001216,P1042759_720.mp4,train,Yawning,Male,1,24,69,16,16,0,False,25.0,1.8
seq_train_001217,P1042759_720.mp4,train,Yawning,Male,1,48,93,16,16,0,False,25.0,1.8
seq_train_001218,P1042759_720.mp4,train,Yawning,Male,1,72,117,16,16,0,False,25.0,1.8
seq_train_001219,P1042759_720.mp4,train,Yawning,Male,1,96,141,16,16,0,False,25.0,1.8
seq_train_001220,P1042759_720.mp4,train,Yawning,Male,1,120,165,16,16,0,False,25.0,1.8
seq_train_001221,P1042759_720.mp4,train,Yawning,Male,1,144,189,16,16,0,False,25.0,1.8
seq_train_001222,P1042759_720.mp4,train,Yawning,Male,1,168,213,16,16,0,False,25.0,1.8
seq_train_001223,P1042759_720.mp4,train,Yawning,Male,1,192,237,16,16,0,False,25.0,1.8
seq_train_001224,P1042759_720.mp4,train,Yawning,Male,1,216,261,16,16,0,False,25.0,1.8
seq_train_001225,P1042759_720.mp4,train,Yawning,Male,1,240,285,16,16,0,False,25.0,1.8
seq_train_001226,P1042759_720.mp4,train,Yawning,Male,1,264,309,16,16,0,False,25.0,1.8
seq_train_001227,P1042759_720.mp4,train,Yawning,Male,1,288,333,16,16,0,False,25.0,1.8
seq_train_001228,P1042759_720.mp4,train,Yawning,Male,1,312,357,16,16,0,False,25.0,1.8
seq_train_001229,P1042759_720.mp4,train,Yawning,Male,1,336,381,16,16,0,False,25.0,1.8
seq_train_001230,P1042759_720.mp4,train,Yawning,Male,1,360,405,16,16,0,False,25.0,1.8
seq_train_001231,P1042759_720.mp4,train,Yawning,Male,1,384,429,16,16,0,False,25.0,1.8
seq_train_001232,P1042759_720.mp4,train,Yawning,Male,1,408,453,16,16,0,False,25.0,1.8
seq_train_001233,P1042759_720.mp4,train,Yawning,Male,1,432,477,16,16,0,False,25.0,1.8
seq_train_001234,P1042759_720.mp4,train,Yawning,Male,1,456,501,16,16,0,False,25.0,1.8
seq_train_001235,P1042759_720.mp4,train,Yawning,Male,1,480,525,16,16,0,False,25.0,1.8
seq_train_001236,P1042759_720.mp4,train,Yawning,Male,1,504,549,16,16,0,False,25.0,1.8
seq_train_001237,P1042759_720.mp4,train,Yawning,Male,1,528,573,16,16,0,False,25.0,1.8
seq_train_001238,P1042759_720.mp4,train,Yawning,Male,1,552,597,16,16,0,False,25.0,1.8
seq_train_001239,P1042759_720.mp4,train,Yawning,Male,1,576,621,16,16,0,False,25.0,1.8
seq_train_001240,P1042759_720.mp4,train,Yawning,Male,1,600,645,16,16,0,False,25.0,1.8
seq_train_001241,P1042759_720.mp4,train,Yawning,Male,1,624,669,16,16,0,False,25.0,1.8
seq_train_001242,P1042759_720.mp4,train,Yawning,Male,1,648,693,16,16,0,False,25.0,1.8
seq_train_001243,P1042759_720.mp4,train,Yawning,Male,1,672,717,16,16,0,False,25.0,1.8
seq_train_001244,P1042759_720.mp4,train,Yawning,Male,1,696,741,16,16,0,False,25.0,1.8
seq_train_001245,P1042759_720.mp4,train,Yawning,Male,1,720,765,16,16,0,False,25.0,1.8
seq_train_001246,P1042759_720.mp4,train,Yawning,Male,1,744,789,16,16,0,False,25.0,1.8
seq_train_001247,P1042759_720.mp4,train,Yawning,Male,1,768,813,16,16,0,False,25.0,1.8
seq_train_001248,P1042759_720.mp4,train,Yawning,Male,1,792,837,16,16,0,False,25.0,1.8
seq_train_001249,P1042759_720.mp4,train,Yawning,Male,1,816,861,16,16,0,False,25.0,1.8
seq_train_001250,P1043120_720.mp4,train,Yawning,Female,1,0,45,16,16,0,False,25.0,1.8
seq_train_001251,P1043120_720.mp4,train,Yawning,Female,1,24,69,16,16,0,False,25.0,1.8
seq_train_001252,P1043120_720.mp4,train,Yawning,Female,1,48,93,16,16,0,False,25.0,1.8
seq_train_001253,P1043120_720.mp4,train,Yawning,Female,1,72,117,16,16,0,False,25.0,1.8
seq_train_001254,P1043120_720.mp4,train,Yawning,Female,1,96,141,16,16,0,False,25.0,1.8
seq_train_001255,P1043120_720.mp4,train,Yawning,Female,1,120,165,16,16,0,False,25.0,1.8
seq_train_001256,P1043120_720.mp4,train,Yawning,Female,1,144,189,16,16,0,False,25.0,1.8
seq_train_001257,P1043120_720.mp4,train,Yawning,Female,1,168,213,16,16,0,False,25.0,1.8
seq_train_001258,P1043120_720.mp4,train,Yawning,Female,1,192,237,16,16,0,False,25.0,1.8
seq_train_001259,P1043120_720.mp4,train,Yawning,Female,1,216,261,16,16,0,False,25.0,1.8
seq_train_001260,P1043120_720.mp4,train,Yawning,Female,1,240,285,16,16,0,False,25.0,1.8
seq_train_001261,P1043120_720.mp4,train,Yawning,Female,1,264,309,16,16,0,False,25.0,1.8
seq_train_001262,P1043120_720.mp4,train,Yawning,Female,1,288,333,16,16,0,False,25.0,1.8
seq_train_001263,P1043120_720.mp4,train,Yawning,Female,1,312,357,16,16,0,False,25.0,1.8
seq_train_001264,P1043120_720.mp4,train,Yawning,Female,1,336,381,16,16,0,False,25.0,1.8
seq_train_001265,P1043120_720.mp4,train,Yawning,Female,1,360,405,16,16,0,False,25.0,1.8
seq_train_001266,P1042750_720.mp4,train,Yawning,Male,1,0,45,16,16,0,False,25.0,1.8
seq_train_001267,P1042750_720.mp4,train,Yawning,Male,1,24,69,16,16,0,False,25.0,1.8
seq_train_001268,P1042750_720.mp4,train,Yawning,Male,1,48,93,16,16,0,False,25.0,1.8
seq_train_001269,P1042750_720.mp4,train,Yawning,Male,1,72,117,16,16,0,False,25.0,1.8
seq_train_001270,P1042750_720.mp4,train,Yawning,Male,1,96,141,16,16,0,False,25.0,1.8
seq_train_001271,P1042750_720.mp4,train,Yawning,Male,1,120,165,16,16,0,False,25.0,1.8
seq_train_001272,P1042750_720.mp4,train,Yawning,Male,1,144,189,16,16,0,False,25.0,1.8
seq_train_001273,P1042750_720.mp4,train,Yawning,Male,1,168,213,16,16,0,False,25.0,1.8
seq_train_001274,P1042750_720.mp4,train,Yawning,Male,1,192,237,16,16,0,False,25.0,1.8
seq_train_001275,P1042750_720.mp4,train,Yawning,Male,1,216,261,16,16,0,False,25.0,1.8
seq_train_001276,P1042750_720.mp4,train,Yawning,Male,1,240,285,16,16,0,False,25.0,1.8
seq_train_001277,P1042750_720.mp4,train,Yawning,Male,1,264,309,16,16,0,False,25.0,1.8
seq_train_001278,P1042750_720.mp4,train,Yawning,Male,1,288,333,16,16,0,False,25.0,1.8
seq_train_001279,P1042750_720.mp4,train,Yawning,Male,1,312,357,16,16,0,False,25.0,1.8
seq_train_001280,P1042750_720.mp4,train,Yawning,Male,1,336,381,16,16,0,False,25.0,1.8
seq_train_001281,P1042750_720.mp4,train,Yawning,Male,1,360,405,16,16,0,False,25.0,1.8
seq_train_001282,P1042750_720.mp4,train,Yawning,Male,1,384,429,16,16,0,False,25.0,1.8
seq_train_001283,P1042750_720.mp4,train,Yawning,Male,1,408,453,16,16,0,False,25.0,1.8
seq_train_001284,P1042750_720.mp4,train,Yawning,Male,1,432,477,16,16,0,False,25.0,1.8
seq_train_001285,P1042750_720.mp4,train,Yawning,Male,1,456,501,16,16,0,False,25.0,1.8
seq_train_001286,P1042750_720.mp4,train,Yawning,Male,1,480,525,16,16,0,False,25.0,1.8
seq_train_001287,P1042750_720.mp4,train,Yawning,Male,1,504,549,16,16,0,False,25.0,1.8
seq_train_001288,P1042750_720.mp4,train,Yawning,Male,1,528,573,16,16,0,False,25.0,1.8
seq_train_001289,P1042750_720.mp4,train,Yawning,Male,1,552,597,16,16,0,False,25.0,1.8
seq_train_001290,P1042750_720.mp4,train,Yawning,Male,1,576,621,16,16,0,False,25.0,1.8
seq_train_001291,P1042750_720.mp4,train,Yawning,Male,1,600,645,16,16,0,False,25.0,1.8
seq_train_001292,P1042750_720.mp4,train,Yawning,Male,1,624,669,16,16,0,False,25.0,1.8
seq_train_001293,P1042750_720.mp4,train,Yawning,Male,1,648,693,16,16,0,False,25.0,1.8
seq_train_001294,P1042750_720.mp4,train,Yawning,Male,1,672,717,16,16,0,False,25.0,1.8
seq_train_001295,P1042750_720.mp4,train,Yawning,Male,1,696,741,16,16,0,False,25.0,1.8
seq_train_001296,P1042750_720.mp4,train,Yawning,Male,1,720,765,16,16,0,False,25.0,1.8
seq_train_001297,P1042750_720.mp4,train,Yawning,Male,1,744,789,16,16,0,False,25.0,1.8
seq_train_001298,P1042750_720.mp4,train,Yawning,Male,1,768,813,16,16,0,False,25.0,1.8
seq_train_001299,P1042750_720.mp4,train,Yawning,Male,1,792,837,16,16,0,False,25.0,1.8
seq_train_001300,P1042750_720.mp4,train,Yawning,Male,1,816,861,16,16,0,False,25.0,1.8
seq_train_001301,P1043129_720.mp4,train,Microsleep,Female,1,0,45,16,16,0,False,25.0,1.8
seq_train_001302,P1043129_720.mp4,train,Microsleep,Female,1,24,69,16,16,0,False,25.0,1.8
seq_train_001303,P1043129_720.mp4,train,Microsleep,Female,1,48,93,16,16,0,False,25.0,1.8
seq_train_001304,P1043129_720.mp4,train,Microsleep,Female,1,72,117,16,16,0,False,25.0,1.8
seq_train_001305,P1043129_720.mp4,train,Microsleep,Female,1,96,141,16,16,0,False,25.0,1.8
seq_train_001306,P1043129_720.mp4,train,Microsleep,Female,1,120,165,16,16,0,False,25.0,1.8
seq_train_001307,P1043129_720.mp4,train,Microsleep,Female,1,144,189,16,16,0,False,25.0,1.8
seq_train_001308,P1043129_720.mp4,train,Microsleep,Female,1,168,213,16,16,0,False,25.0,1.8
seq_train_001309,P1043129_720.mp4,train,Microsleep,Female,1,192,237,16,16,0,False,25.0,1.8
seq_train_001310,P1043129_720.mp4,train,Microsleep,Female,1,216,261,16,16,0,False,25.0,1.8
seq_train_001311,P1043129_720.mp4,train,Microsleep,Female,1,240,285,16,16,0,False,25.0,1.8
seq_train_001312,P1043129_720.mp4,train,Microsleep,Female,1,264,309,16,16,0,False,25.0,1.8
seq_train_001313,P1043129_720.mp4,train,Microsleep,Female,1,288,333,16,16,0,False,25.0,1.8
seq_train_001314,P1043129_720.mp4,train,Microsleep,Female,1,312,357,16,16,0,False,25.0,1.8
seq_train_001315,P1043129_720.mp4,train,Microsleep,Female,1,336,381,16,16,0,False,25.0,1.8
seq_train_001316,P1043129_720.mp4,train,Microsleep,Female,1,360,405,16,16,0,False,25.0,1.8
seq_train_001317,P1043129_720.mp4,train,Microsleep,Female,1,384,429,16,16,0,False,25.0,1.8
seq_train_001318,P1043129_720.mp4,train,Microsleep,Female,1,408,453,16,16,0,False,25.0,1.8
seq_train_001319,P1043129_720.mp4,train,Microsleep,Female,1,432,477,16,16,0,False,25.0,1.8
seq_train_001320,P1043129_720.mp4,train,Microsleep,Female,1,456,501,16,16,0,False,25.0,1.8
seq_train_001321,P1043129_720.mp4,train,Microsleep,Female,1,480,525,16,16,0,False,25.0,1.8
seq_train_001322,P1043129_720.mp4,train,Microsleep,Female,1,504,549,16,16,0,False,25.0,1.8
seq_train_001323,P1043129_720.mp4,train,Microsleep,Female,1,528,573,16,16,0,False,25.0,1.8
seq_train_001324,P1043129_720.mp4,train,Microsleep,Female,1,552,597,16,16,0,False,25.0,1.8
seq_train_001325,P1043129_720.mp4,train,Microsleep,Female,1,576,621,16,16,0,False,25.0,1.8
seq_train_001326,P1043129_720.mp4,train,Microsleep,Female,1,600,645,16,16,0,False,25.0,1.8
seq_train_001327,P1043129_720.mp4,train,Microsleep,Female,1,624,669,16,16,0,False,25.0,1.8
seq_train_001328,P1043129_720.mp4,train,Microsleep,Female,1,648,693,16,16,0,False,25.0,1.8
seq_train_001329,P1043129_720.mp4,train,Microsleep,Female,1,672,717,16,16,0,False,25.0,1.8
seq_train_001330,P1043129_720.mp4,train,Microsleep,Female,1,696,741,16,16,0,False,25.0,1.8
seq_train_001331,P1043129_720.mp4,train,Microsleep,Female,1,720,765,16,16,0,False,25.0,1.8
seq_train_001332,P1043129_720.mp4,train,Microsleep,Female,1,744,789,16,16,0,False,25.0,1.8
seq_train_001333,P1043129_720.mp4,train,Microsleep,Female,1,768,813,16,16,0,False,25.0,1.8
seq_train_001334,P1043129_720.mp4,train,Microsleep,Female,1,792,837,16,16,0,False,25.0,1.8
seq_train_001335,P1043129_720.mp4,train,Microsleep,Female,1,816,861,16,16,0,False,25.0,1.8
seq_train_001336,P1043129_720.mp4,train,Microsleep,Female,1,840,885,16,16,0,False,25.0,1.8
seq_train_001337,P1043129_720.mp4,train,Microsleep,Female,1,864,909,16,15,1,True,25.0,1.8
seq_train_001338,P1043129_720.mp4,train,Microsleep,Female,1,888,933,16,15,1,True,25.0,1.8
seq_train_001339,P1043129_720.mp4,train,Microsleep,Female,1,912,957,16,16,0,False,25.0,1.8
seq_train_001340,P1043129_720.mp4,train,Microsleep,Female,1,936,981,16,16,0,False,25.0,1.8
seq_train_001341,P1043129_720.mp4,train,Microsleep,Female,1,960,1005,16,16,0,False,25.0,1.8
seq_train_001342,P1043129_720.mp4,train,Microsleep,Female,1,984,1029,16,16,0,False,25.0,1.8
seq_train_001343,P1043129_720.mp4,train,Microsleep,Female,1,1008,1053,16,16,0,False,25.0,1.8
seq_train_001344,P1043129_720.mp4,train,Microsleep,Female,1,1032,1077,16,16,0,False,25.0,1.8
seq_train_001345,P1043129_720.mp4,train,Microsleep,Female,1,1056,1101,16,16,0,False,25.0,1.8
seq_train_001346,P1043129_720.mp4,train,Microsleep,Female,1,1080,1125,16,16,0,False,25.0,1.8
seq_train_001347,P1043129_720.mp4,train,Microsleep,Female,1,1104,1149,16,16,0,False,25.0,1.8
seq_train_001348,P1043129_720.mp4,train,Microsleep,Female,1,1128,1173,16,15,1,True,25.0,1.8
seq_train_001349,P1043129_720.mp4,train,Microsleep,Female,1,1152,1197,16,15,1,True,25.0,1.8
seq_train_001350,P1043129_720.mp4,train,Microsleep,Female,1,1176,1221,16,16,0,False,25.0,1.8
seq_train_001351,P1043129_720.mp4,train,Microsleep,Female,1,1200,1245,16,16,0,False,25.0,1.8
seq_train_001352,P1043129_720.mp4,train,Microsleep,Female,1,1224,1269,16,16,0,False,25.0,1.8
seq_train_001353,P1043129_720.mp4,train,Microsleep,Female,1,1248,1293,16,16,0,False,25.0,1.8
seq_train_001354,P1043129_720.mp4,train,Microsleep,Female,1,1272,1317,16,16,0,False,25.0,1.8
seq_train_001355,P1043129_720.mp4,train,Microsleep,Female,1,1296,1341,16,16,0,False,25.0,1.8
seq_train_001356,P1043129_720.mp4,train,Microsleep,Female,1,1320,1365,16,16,0,False,25.0,1.8
seq_train_001357,P1043129_720.mp4,train,Microsleep,Female,1,1344,1389,16,16,0,False,25.0,1.8
seq_train_001358,P1043129_720.mp4,train,Microsleep,Female,1,1368,1413,16,16,0,False,25.0,1.8
seq_train_001359,P1043129_720.mp4,train,Microsleep,Female,1,1392,1437,16,16,0,False,25.0,1.8
seq_train_001360,P1043129_720.mp4,train,Microsleep,Female,1,1416,1461,16,16,0,False,25.0,1.8
seq_train_001361,P1043129_720.mp4,train,Microsleep,Female,1,1440,1485,16,16,0,False,25.0,1.8
seq_train_001362,P1043129_720.mp4,train,Microsleep,Female,1,1464,1509,16,16,0,False,25.0,1.8
seq_train_001363,P1043129_720.mp4,train,Microsleep,Female,1,1488,1533,16,16,0,False,25.0,1.8
seq_train_001364,P1043129_720.mp4,train,Microsleep,Female,1,1512,1557,16,16,0,False,25.0,1.8
seq_train_001365,P1043129_720.mp4,train,Microsleep,Female,1,1536,1581,16,16,0,False,25.0,1.8
seq_train_001366,P1043129_720.mp4,train,Microsleep,Female,1,1560,1605,16,15,1,True,25.0,1.8
seq_train_001367,P1043129_720.mp4,train,Microsleep,Female,1,1584,1629,16,15,1,True,25.0,1.8
seq_train_001368,P1043129_720.mp4,train,Microsleep,Female,1,1608,1653,16,16,0,False,25.0,1.8
seq_train_001369,P1043129_720.mp4,train,Microsleep,Female,1,1632,1677,16,16,0,False,25.0,1.8
seq_train_001370,P1043129_720.mp4,train,Microsleep,Female,1,1656,1701,16,16,0,False,25.0,1.8
seq_train_001371,P1043129_720.mp4,train,Microsleep,Female,1,1680,1725,16,16,0,False,25.0,1.8
seq_train_001372,P1043129_720.mp4,train,Microsleep,Female,1,1704,1749,16,16,0,False,25.0,1.8
seq_train_001373,P1043129_720.mp4,train,Microsleep,Female,1,1728,1773,16,16,0,False,25.0,1.8
seq_train_001374,P1043129_720.mp4,train,Microsleep,Female,1,1752,1797,16,16,0,False,25.0,1.8
seq_train_001375,P1043129_720.mp4,train,Microsleep,Female,1,1776,1821,16,16,0,False,25.0,1.8
seq_train_001376,P1043129_720.mp4,train,Microsleep,Female,1,1800,1845,16,16,0,False,25.0,1.8
seq_train_001377,P1043129_720.mp4,train,Microsleep,Female,1,1824,1869,16,16,0,False,25.0,1.8
seq_train_001378,P1043129_720.mp4,train,Microsleep,Female,1,1848,1893,16,16,0,False,25.0,1.8
seq_train_001379,P1043129_720.mp4,train,Microsleep,Female,1,1872,1917,16,16,0,False,25.0,1.8
seq_train_001380,P1043129_720.mp4,train,Microsleep,Female,1,1896,1941,16,16,0,False,25.0,1.8
seq_train_001381,P1043129_720.mp4,train,Microsleep,Female,1,1920,1965,16,16,0,False,25.0,1.8
seq_train_001382,P1043129_720.mp4,train,Microsleep,Female,1,1944,1989,16,16,0,False,25.0,1.8
seq_train_001383,P1043129_720.mp4,train,Microsleep,Female,1,1968,2013,16,16,0,False,25.0,1.8
seq_train_001384,P1043129_720.mp4,train,Microsleep,Female,1,1992,2037,16,16,0,False,25.0,1.8
seq_train_001385,P1043129_720.mp4,train,Microsleep,Female,1,2016,2061,16,16,0,False,25.0,1.8
seq_train_001386,P1043129_720.mp4,train,Microsleep,Female,1,2040,2085,16,16,0,False,25.0,1.8
seq_train_001387,P1043129_720.mp4,train,Microsleep,Female,1,2064,2109,16,16,0,False,25.0,1.8
seq_train_001388,P1043129_720.mp4,train,Microsleep,Female,1,2088,2133,16,16,0,False,25.0,1.8
seq_train_001389,P1043129_720.mp4,train,Microsleep,Female,1,2112,2157,16,16,0,False,25.0,1.8
seq_train_001390,P1043129_720.mp4,train,Microsleep,Female,1,2136,2181,16,16,0,False,25.0,1.8
seq_train_001391,P1043129_720.mp4,train,Microsleep,Female,1,2160,2205,16,16,0,False,25.0,1.8
seq_train_001392,P1043129_720.mp4,train,Microsleep,Female,1,2184,2229,16,16,0,False,25.0,1.8
seq_train_001393,P1043129_720.mp4,train,Microsleep,Female,1,2208,2253,16,16,0,False,25.0,1.8
seq_train_001394,P1043129_720.mp4,train,Microsleep,Female,1,2232,2277,16,16,0,False,25.0,1.8
seq_train_001395,P1043129_720.mp4,train,Microsleep,Female,1,2256,2301,16,16,0,False,25.0,1.8
seq_train_001396,P1043129_720.mp4,train,Microsleep,Female,1,2280,2325,16,16,0,False,25.0,1.8
seq_train_001397,P1043129_720.mp4,train,Microsleep,Female,1,2304,2349,16,16,0,False,25.0,1.8
seq_train_001398,P1043129_720.mp4,train,Microsleep,Female,1,2328,2373,16,16,0,False,25.0,1.8
seq_train_001399,P1043129_720.mp4,train,Microsleep,Female,1,2352,2397,16,16,0,False,25.0,1.8
seq_train_001400,P1043129_720.mp4,train,Microsleep,Female,1,2376,2421,16,16,0,False,25.0,1.8
seq_train_001401,P1043129_720.mp4,train,Microsleep,Female,1,2400,2445,16,16,0,False,25.0,1.8
seq_train_001402,P1043129_720.mp4,train,Microsleep,Female,1,2424,2469,16,16,0,False,25.0,1.8
seq_train_001403,P1043129_720.mp4,train,Microsleep,Female,1,2448,2493,16,16,0,False,25.0,1.8
seq_train_001404,P1043129_720.mp4,train,Microsleep,Female,1,2472,2517,16,16,0,False,25.0,1.8
seq_train_001405,P1043129_720.mp4,train,Microsleep,Female,1,2496,2541,16,16,0,False,25.0,1.8
seq_train_001406,P1043129_720.mp4,train,Microsleep,Female,1,2520,2565,16,16,0,False,25.0,1.8
seq_train_001407,P1043129_720.mp4,train,Microsleep,Female,1,2544,2589,16,15,1,True,25.0,1.8
seq_train_001408,P1043129_720.mp4,train,Microsleep,Female,1,2568,2613,16,15,1,True,25.0,1.8
seq_train_001409,P1043129_720.mp4,train,Microsleep,Female,1,2592,2637,16,16,0,False,25.0,1.8
seq_train_001410,P1043129_720.mp4,train,Microsleep,Female,1,2616,2661,16,16,0,False,25.0,1.8
seq_train_001411,P1043129_720.mp4,train,Microsleep,Female,1,2640,2685,16,16,0,False,25.0,1.8
seq_train_001412,P1043129_720.mp4,train,Microsleep,Female,1,2664,2709,16,16,0,False,25.0,1.8
seq_train_001413,P1043129_720.mp4,train,Microsleep,Female,1,2688,2733,16,16,0,False,25.0,1.8
seq_train_001414,P1043129_720.mp4,train,Microsleep,Female,1,2712,2757,16,16,0,False,25.0,1.8
seq_train_001415,P1043129_720.mp4,train,Microsleep,Female,1,2736,2781,16,16,0,False,25.0,1.8
seq_train_001416,P1043129_720.mp4,train,Microsleep,Female,1,2760,2805,16,16,0,False,25.0,1.8
seq_train_001417,P1043129_720.mp4,train,Microsleep,Female,1,2784,2829,16,16,0,False,25.0,1.8
seq_train_001418,P1043129_720.mp4,train,Microsleep,Female,1,2808,2853,16,16,0,False,25.0,1.8
seq_train_001419,P1043129_720.mp4,train,Microsleep,Female,1,2832,2877,16,16,0,False,25.0,1.8
seq_train_001420,P1043129_720.mp4,train,Microsleep,Female,1,2856,2901,16,16,0,False,25.0,1.8
seq_train_001421,P1043129_720.mp4,train,Microsleep,Female,1,2880,2925,16,16,0,False,25.0,1.8
seq_train_001422,P1043129_720.mp4,train,Microsleep,Female,1,2904,2949,16,16,0,False,25.0,1.8
seq_train_001423,P1043129_720.mp4,train,Microsleep,Female,1,2928,2973,16,16,0,False,25.0,1.8
seq_train_001424,P1043129_720.mp4,train,Microsleep,Female,1,2952,2997,16,16,0,False,25.0,1.8
seq_train_001425,P1043129_720.mp4,train,Microsleep,Female,1,2976,3021,16,16,0,False,25.0,1.8
seq_train_001426,P1043129_720.mp4,train,Microsleep,Female,1,3000,3045,16,16,0,False,25.0,1.8
seq_train_001427,P1043129_720.mp4,train,Microsleep,Female,1,3024,3069,16,16,0,False,25.0,1.8
seq_train_001428,P1043129_720.mp4,train,Microsleep,Female,1,3048,3093,16,16,0,False,25.0,1.8
seq_train_001429,P1043114_720.mp4,train,Microsleep,Female,1,0,45,16,16,0,False,25.0,1.8
seq_train_001430,P1043114_720.mp4,train,Microsleep,Female,1,24,69,16,16,0,False,25.0,1.8
seq_train_001431,P1043114_720.mp4,train,Microsleep,Female,1,48,93,16,16,0,False,25.0,1.8
seq_train_001432,P1043114_720.mp4,train,Microsleep,Female,1,72,117,16,16,0,False,25.0,1.8
seq_train_001433,P1043114_720.mp4,train,Microsleep,Female,1,96,141,16,16,0,False,25.0,1.8
seq_train_001434,P1043114_720.mp4,train,Microsleep,Female,1,120,165,16,16,0,False,25.0,1.8
seq_train_001435,P1043114_720.mp4,train,Microsleep,Female,1,144,189,16,16,0,False,25.0,1.8
seq_train_001436,P1043114_720.mp4,train,Microsleep,Female,1,168,213,16,16,0,False,25.0,1.8
seq_train_001437,P1043114_720.mp4,train,Microsleep,Female,1,192,237,16,16,0,False,25.0,1.8
seq_train_001438,P1043114_720.mp4,train,Microsleep,Female,1,216,261,16,16,0,False,25.0,1.8
seq_train_001439,P1043114_720.mp4,train,Microsleep,Female,1,240,285,16,16,0,False,25.0,1.8
seq_train_001440,P1043114_720.mp4,train,Microsleep,Female,1,264,309,16,16,0,False,25.0,1.8
seq_train_001441,P1043114_720.mp4,train,Microsleep,Female,1,288,333,16,16,0,False,25.0,1.8
seq_train_001442,P1043123_720.mp4,train,Yawning,Male,1,0,45,16,16,0,False,25.0,1.8
seq_train_001443,P1043123_720.mp4,train,Yawning,Male,1,24,69,16,16,0,False,25.0,1.8
seq_train_001444,P1043123_720.mp4,train,Yawning,Male,1,48,93,16,16,0,False,25.0,1.8
seq_train_001445,P1043123_720.mp4,train,Yawning,Male,1,72,117,16,16,0,False,25.0,1.8
seq_train_001446,P1043123_720.mp4,train,Yawning,Male,1,96,141,16,16,0,False,25.0,1.8
seq_train_001447,P1043123_720.mp4,train,Yawning,Male,1,120,165,16,16,0,False,25.0,1.8
seq_train_001448,P1043123_720.mp4,train,Yawning,Male,1,144,189,16,16,0,False,25.0,1.8
seq_train_001449,P1043123_720.mp4,train,Yawning,Male,1,168,213,16,16,0,False,25.0,1.8
seq_train_001450,P1043123_720.mp4,train,Yawning,Male,1,192,237,16,16,0,False,25.0,1.8
seq_train_001451,P1043123_720.mp4,train,Yawning,Male,1,216,261,16,16,0,False,25.0,1.8
seq_train_001452,P1043123_720.mp4,train,Yawning,Male,1,240,285,16,16,0,False,25.0,1.8
seq_train_001453,P1043123_720.mp4,train,Yawning,Male,1,264,309,16,16,0,False,25.0,1.8
seq_train_001454,P1043123_720.mp4,train,Yawning,Male,1,288,333,16,16,0,False,25.0,1.8
seq_train_001455,P1043123_720.mp4,train,Yawning,Male,1,312,357,16,16,0,False,25.0,1.8
seq_train_001456,P1043123_720.mp4,train,Yawning,Male,1,336,381,16,16,0,False,25.0,1.8
seq_train_001457,P1043123_720.mp4,train,Yawning,Male,1,360,405,16,16,0,False,25.0,1.8
seq_train_001458,P1043123_720.mp4,train,Yawning,Male,1,384,429,16,16,0,False,25.0,1.8
seq_train_001459,P1043123_720.mp4,train,Yawning,Male,1,408,453,16,16,0,False,25.0,1.8
seq_train_001460,P1043123_720.mp4,train,Yawning,Male,1,432,477,16,16,0,False,25.0,1.8
seq_train_001461,P1043123_720.mp4,train,Yawning,Male,1,456,501,16,16,0,False,25.0,1.8
seq_train_001462,P1043123_720.mp4,train,Yawning,Male,1,480,525,16,16,0,False,25.0,1.8
seq_train_001463,P1043123_720.mp4,train,Yawning,Male,1,504,549,16,16,0,False,25.0,1.8
seq_train_001464,P1043123_720.mp4,train,Yawning,Male,1,528,573,16,16,0,False,25.0,1.8
seq_train_001465,P1043123_720.mp4,train,Yawning,Male,1,552,597,16,16,0,False,25.0,1.8
seq_train_001466,P1043123_720.mp4,train,Yawning,Male,1,576,621,16,16,0,False,25.0,1.8
seq_train_001467,P1042790_720.mp4,train,Yawning,Female,1,0,45,16,16,0,False,25.0,1.8
seq_train_001468,P1042790_720.mp4,train,Yawning,Female,1,24,69,16,14,2,True,25.0,1.8
seq_train_001469,P1042790_720.mp4,train,Yawning,Female,1,48,93,16,14,2,True,25.0,1.8
seq_train_001470,P1042790_720.mp4,train,Yawning,Female,1,72,117,16,16,0,False,25.0,1.8
seq_train_001471,P1042790_720.mp4,train,Yawning,Female,1,96,141,16,16,0,False,25.0,1.8
seq_train_001472,P1042790_720.mp4,train,Yawning,Female,1,120,165,16,15,1,True,25.0,1.8
seq_train_001473,P1042790_720.mp4,train,Yawning,Female,1,144,189,16,14,2,True,25.0,1.8
seq_train_001474,P1042790_720.mp4,train,Yawning,Female,1,168,213,16,15,1,True,25.0,1.8
seq_train_001475,P1042790_720.mp4,train,Yawning,Female,1,192,237,16,16,0,False,25.0,1.8
seq_train_001476,P1042790_720.mp4,train,Yawning,Female,1,216,261,16,15,1,True,25.0,1.8
seq_train_001477,P1042790_720.mp4,train,Yawning,Female,1,240,285,16,14,2,True,25.0,1.8
seq_train_001478,P1042790_720.mp4,train,Yawning,Female,1,264,309,16,15,1,True,25.0,1.8
seq_train_001479,P1042790_720.mp4,train,Yawning,Female,1,288,333,16,16,0,False,25.0,1.8
seq_train_001480,P1042790_720.mp4,train,Yawning,Female,1,312,357,16,16,0,False,25.0,1.8
seq_train_001481,P1042790_720.mp4,train,Yawning,Female,1,336,381,16,16,0,False,25.0,1.8
seq_train_001482,P1042790_720.mp4,train,Yawning,Female,1,360,405,16,16,0,False,25.0,1.8
seq_train_001483,P1042790_720.mp4,train,Yawning,Female,1,384,429,16,14,2,True,25.0,1.8
seq_train_001484,P1042790_720.mp4,train,Yawning,Female,1,432,477,16,14,2,True,25.0,1.8
seq_train_001485,P1042790_720.mp4,train,Yawning,Female,1,456,501,16,16,0,False,25.0,1.8
seq_train_001486,P1042790_720.mp4,train,Yawning,Female,1,480,525,16,16,0,False,25.0,1.8
seq_train_001487,P1042790_720.mp4,train,Yawning,Female,1,504,549,16,16,0,False,25.0,1.8
seq_train_001488,P1042790_720.mp4,train,Yawning,Female,1,528,573,16,16,0,False,25.0,1.8
seq_train_001489,P1042790_720.mp4,train,Yawning,Female,1,552,597,16,16,0,False,25.0,1.8
seq_train_001490,P1042790_720.mp4,train,Yawning,Female,1,576,621,16,16,0,False,25.0,1.8
seq_train_001491,P1042790_720.mp4,train,Yawning,Female,1,600,645,16,16,0,False,25.0,1.8
seq_train_001492,P1042790_720.mp4,train,Yawning,Female,1,624,669,16,16,0,False,25.0,1.8
seq_train_001493,P1042790_720.mp4,train,Yawning,Female,1,648,693,16,16,0,False,25.0,1.8
seq_train_001494,P1042790_720.mp4,train,Yawning,Female,1,672,717,16,16,0,False,25.0,1.8
seq_train_001495,P1042790_720.mp4,train,Yawning,Female,1,696,741,16,16,0,False,25.0,1.8
seq_train_001496,P1042790_720.mp4,train,Yawning,Female,1,720,765,16,16,0,False,25.0,1.8
seq_train_001497,P1042790_720.mp4,train,Yawning,Female,1,744,789,16,16,0,False,25.0,1.8
seq_train_001498,P1042790_720.mp4,train,Yawning,Female,1,768,813,16,16,0,False,25.0,1.8
seq_train_001499,P1042790_720.mp4,train,Yawning,Female,1,792,837,16,16,0,False,25.0,1.8
seq_train_001500,P1042790_720.mp4,train,Yawning,Female,1,816,861,16,16,0,False,25.0,1.8
seq_train_001501,P1042790_720.mp4,train,Yawning,Female,1,840,885,16,16,0,False,25.0,1.8
seq_train_001502,P1042790_720.mp4,train,Yawning,Female,1,864,909,16,16,0,False,25.0,1.8
seq_train_001503,P1042790_720.mp4,train,Yawning,Female,1,888,933,16,15,1,True,25.0,1.8
seq_train_001504,P1042790_720.mp4,train,Yawning,Female,1,912,957,16,15,1,True,25.0,1.8
seq_train_001505,P1042790_720.mp4,train,Yawning,Female,1,936,981,16,16,0,False,25.0,1.8
seq_train_001506,P1042790_720.mp4,train,Yawning,Female,1,960,1005,16,16,0,False,25.0,1.8
seq_train_001507,P1042785_720.mp4,train,Yawning,Male,1,0,45,16,16,0,False,25.0,1.8
seq_train_001508,P1042785_720.mp4,train,Yawning,Male,1,24,69,16,15,1,True,25.0,1.8
seq_train_001509,P1042785_720.mp4,train,Yawning,Male,1,48,93,16,15,1,True,25.0,1.8
seq_train_001510,P1042785_720.mp4,train,Yawning,Male,1,72,117,16,16,0,False,25.0,1.8
seq_train_001511,P1042785_720.mp4,train,Yawning,Male,1,96,141,16,16,0,False,25.0,1.8
seq_train_001512,P1042785_720.mp4,train,Yawning,Male,1,120,165,16,16,0,False,25.0,1.8
seq_train_001513,P1042785_720.mp4,train,Yawning,Male,1,144,189,16,16,0,False,25.0,1.8
seq_train_001514,P1042785_720.mp4,train,Yawning,Male,1,168,213,16,16,0,False,25.0,1.8
seq_train_001515,P1042785_720.mp4,train,Yawning,Male,1,192,237,16,16,0,False,25.0,1.8
seq_train_001516,P1042785_720.mp4,train,Yawning,Male,1,216,261,16,16,0,False,25.0,1.8
seq_train_001517,P1042785_720.mp4,train,Yawning,Male,1,240,285,16,16,0,False,25.0,1.8
seq_train_001518,P1042785_720.mp4,train,Yawning,Male,1,264,309,16,16,0,False,25.0,1.8
seq_train_001519,P1042785_720.mp4,train,Yawning,Male,1,288,333,16,16,0,False,25.0,1.8
seq_train_001520,P1042785_720.mp4,train,Yawning,Male,1,312,357,16,16,0,False,25.0,1.8
seq_train_001521,P1042785_720.mp4,train,Yawning,Male,1,336,381,16,16,0,False,25.0,1.8
seq_train_001522,P1042785_720.mp4,train,Yawning,Male,1,360,405,16,16,0,False,25.0,1.8
seq_train_001523,P1042785_720.mp4,train,Yawning,Male,1,384,429,16,16,0,False,25.0,1.8
seq_train_001524,P1042785_720.mp4,train,Yawning,Male,1,408,453,16,16,0,False,25.0,1.8
seq_train_001525,P1042785_720.mp4,train,Yawning,Male,1,432,477,16,16,0,False,25.0,1.8
seq_train_001526,P1042785_720.mp4,train,Yawning,Male,1,456,501,16,16,0,False,25.0,1.8
seq_train_001527,P1042785_720.mp4,train,Yawning,Male,1,480,525,16,16,0,False,25.0,1.8
seq_train_001528,P1042785_720.mp4,train,Yawning,Male,1,504,549,16,16,0,False,25.0,1.8
seq_train_001529,P1042785_720.mp4,train,Yawning,Male,1,528,573,16,16,0,False,25.0,1.8
seq_train_001530,P1042785_720.mp4,train,Yawning,Male,1,552,597,16,16,0,False,25.0,1.8
seq_train_001531,P1042785_720.mp4,train,Yawning,Male,1,576,621,16,16,0,False,25.0,1.8
seq_train_001532,P1042785_720.mp4,train,Yawning,Male,1,600,645,16,16,0,False,25.0,1.8
seq_train_001533,P1042785_720.mp4,train,Yawning,Male,1,624,669,16,16,0,False,25.0,1.8
seq_train_001534,P1042785_720.mp4,train,Yawning,Male,1,648,693,16,16,0,False,25.0,1.8
seq_train_001535,P1042785_720.mp4,train,Yawning,Male,1,672,717,16,16,0,False,25.0,1.8
seq_train_001536,P1042785_720.mp4,train,Yawning,Male,1,696,741,16,16,0,False,25.0,1.8
seq_train_001537,P1042785_720.mp4,train,Yawning,Male,1,720,765,16,16,0,False,25.0,1.8
seq_train_001538,P1042785_720.mp4,train,Yawning,Male,1,744,789,16,16,0,False,25.0,1.8
seq_train_001539,P1042785_720.mp4,train,Yawning,Male,1,768,813,16,15,1,True,25.0,1.8
seq_train_001540,P1042785_720.mp4,train,Yawning,Male,1,792,837,16,15,1,True,25.0,1.8
seq_train_001541,P1042785_720.mp4,train,Yawning,Male,1,816,861,16,16,0,False,25.0,1.8
seq_train_001542,P1042785_720.mp4,train,Yawning,Male,1,840,885,16,16,0,False,25.0,1.8
seq_train_001543,P1042785_720.mp4,train,Yawning,Male,1,864,909,16,16,0,False,25.0,1.8
seq_train_001544,P1042800_720.mp4,train,Yawning,Male,1,0,45,16,16,0,False,25.0,1.8
seq_train_001545,P1042800_720.mp4,train,Yawning,Male,1,24,69,16,16,0,False,25.0,1.8
seq_train_001546,P1042800_720.mp4,train,Yawning,Male,1,48,93,16,16,0,False,25.0,1.8
seq_train_001547,P1042800_720.mp4,train,Yawning,Male,1,72,117,16,16,0,False,25.0,1.8
seq_train_001548,P1042800_720.mp4,train,Yawning,Male,1,96,141,16,16,0,False,25.0,1.8
seq_train_001549,P1042800_720.mp4,train,Yawning,Male,1,120,165,16,16,0,False,25.0,1.8
seq_train_001550,P1042800_720.mp4,train,Yawning,Male,1,144,189,16,16,0,False,25.0,1.8
seq_train_001551,P1042800_720.mp4,train,Yawning,Male,1,168,213,16,16,0,False,25.0,1.8
seq_train_001552,P1042800_720.mp4,train,Yawning,Male,1,192,237,16,16,0,False,25.0,1.8
seq_train_001553,P1042800_720.mp4,train,Yawning,Male,1,216,261,16,16,0,False,25.0,1.8
seq_train_001554,P1042800_720.mp4,train,Yawning,Male,1,240,285,16,16,0,False,25.0,1.8
seq_train_001555,P1042800_720.mp4,train,Yawning,Male,1,264,309,16,16,0,False,25.0,1.8
seq_train_001556,P1042800_720.mp4,train,Yawning,Male,1,288,333,16,16,0,False,25.0,1.8
seq_train_001557,P1042800_720.mp4,train,Yawning,Male,1,312,357,16,16,0,False,25.0,1.8
seq_train_001558,P1042800_720.mp4,train,Yawning,Male,1,336,381,16,16,0,False,25.0,1.8
seq_train_001559,P1042800_720.mp4,train,Yawning,Male,1,360,405,16,16,0,False,25.0,1.8
seq_train_001560,P1042800_720.mp4,train,Yawning,Male,1,384,429,16,16,0,False,25.0,1.8
seq_train_001561,P1042800_720.mp4,train,Yawning,Male,1,408,453,16,16,0,False,25.0,1.8
seq_train_001562,P1042800_720.mp4,train,Yawning,Male,1,432,477,16,16,0,False,25.0,1.8
seq_train_001563,P1042800_720.mp4,train,Yawning,Male,1,456,501,16,16,0,False,25.0,1.8
seq_train_001564,P1042800_720.mp4,train,Yawning,Male,1,480,525,16,16,0,False,25.0,1.8
seq_train_001565,P1042800_720.mp4,train,Yawning,Male,1,504,549,16,16,0,False,25.0,1.8
seq_train_001566,P1042800_720.mp4,train,Yawning,Male,1,528,573,16,16,0,False,25.0,1.8
seq_train_001567,P1043111_720.mp4,train,Yawning,Female,1,0,45,16,16,0,False,25.0,1.8
seq_train_001568,P1043111_720.mp4,train,Yawning,Female,1,24,69,16,16,0,False,25.0,1.8
seq_train_001569,P1043111_720.mp4,train,Yawning,Female,1,48,93,16,16,0,False,25.0,1.8
seq_train_001570,P1043111_720.mp4,train,Yawning,Female,1,72,117,16,16,0,False,25.0,1.8
seq_train_001571,P1043111_720.mp4,train,Yawning,Female,1,96,141,16,16,0,False,25.0,1.8
seq_train_001572,P1043111_720.mp4,train,Yawning,Female,1,120,165,16,16,0,False,25.0,1.8
seq_train_001573,P1043111_720.mp4,train,Yawning,Female,1,144,189,16,16,0,False,25.0,1.8
seq_train_001574,P1043111_720.mp4,train,Yawning,Female,1,168,213,16,16,0,False,25.0,1.8
seq_train_001575,P1043111_720.mp4,train,Yawning,Female,1,192,237,16,16,0,False,25.0,1.8
seq_train_001576,P1043111_720.mp4,train,Yawning,Female,1,216,261,16,16,0,False,25.0,1.8
seq_train_001577,P1043111_720.mp4,train,Yawning,Female,1,240,285,16,16,0,False,25.0,1.8
seq_train_001578,P1043111_720.mp4,train,Yawning,Female,1,264,309,16,16,0,False,25.0,1.8
seq_train_001579,P1043111_720.mp4,train,Yawning,Female,1,288,333,16,16,0,False,25.0,1.8
seq_train_001580,P1043111_720.mp4,train,Yawning,Female,1,312,357,16,16,0,False,25.0,1.8
seq_train_001581,P1043111_720.mp4,train,Yawning,Female,1,336,381,16,16,0,False,25.0,1.8
seq_train_001582,P1043111_720.mp4,train,Yawning,Female,1,360,405,16,16,0,False,25.0,1.8
seq_train_001583,P1043111_720.mp4,train,Yawning,Female,1,384,429,16,16,0,False,25.0,1.8
seq_train_001584,P1043111_720.mp4,train,Yawning,Female,1,408,453,16,16,0,False,25.0,1.8
seq_train_001585,P1043111_720.mp4,train,Yawning,Female,1,432,477,16,16,0,False,25.0,1.8
seq_train_001586,P1043108_720.mp4,train,Yawning,Female,1,0,45,16,16,0,False,25.0,1.8
seq_train_001587,P1043108_720.mp4,train,Yawning,Female,1,24,69,16,16,0,False,25.0,1.8
seq_train_001588,P1043108_720.mp4,train,Yawning,Female,1,48,93,16,16,0,False,25.0,1.8
seq_train_001589,P1043108_720.mp4,train,Yawning,Female,1,72,117,16,16,0,False,25.0,1.8
seq_train_001590,P1043108_720.mp4,train,Yawning,Female,1,96,141,16,16,0,False,25.0,1.8
seq_train_001591,P1043108_720.mp4,train,Yawning,Female,1,120,165,16,16,0,False,25.0,1.8
seq_train_001592,P1043108_720.mp4,train,Yawning,Female,1,144,189,16,16,0,False,25.0,1.8
seq_train_001593,P1043108_720.mp4,train,Yawning,Female,1,168,213,16,16,0,False,25.0,1.8
seq_train_001594,P1043108_720.mp4,train,Yawning,Female,1,192,237,16,16,0,False,25.0,1.8
seq_train_001595,P1043108_720.mp4,train,Yawning,Female,1,216,261,16,16,0,False,25.0,1.8
seq_train_001596,P1043108_720.mp4,train,Yawning,Female,1,240,285,16,16,0,False,25.0,1.8
seq_train_001597,P1043108_720.mp4,train,Yawning,Female,1,264,309,16,16,0,False,25.0,1.8
seq_train_001598,P1043108_720.mp4,train,Yawning,Female,1,288,333,16,16,0,False,25.0,1.8
seq_train_001599,P1043108_720.mp4,train,Yawning,Female,1,312,357,16,16,0,False,25.0,1.8
seq_train_001600,P1043108_720.mp4,train,Yawning,Female,1,336,381,16,16,0,False,25.0,1.8
seq_train_001601,P1043108_720.mp4,train,Yawning,Female,1,360,405,16,16,0,False,25.0,1.8
seq_train_001602,P1043108_720.mp4,train,Yawning,Female,1,384,429,16,16,0,False,25.0,1.8
seq_train_001603,P1043108_720.mp4,train,Yawning,Female,1,408,453,16,16,0,False,25.0,1.8
seq_train_001604,P1043108_720.mp4,train,Yawning,Female,1,432,477,16,16,0,False,25.0,1.8
seq_train_001605,P1043108_720.mp4,train,Yawning,Female,1,456,501,16,16,0,False,25.0,1.8
seq_train_001606,P1043108_720.mp4,train,Yawning,Female,1,480,525,16,16,0,False,25.0,1.8
seq_train_001607,P1043108_720.mp4,train,Yawning,Female,1,504,549,16,16,0,False,25.0,1.8
seq_train_001608,P1043108_720.mp4,train,Yawning,Female,1,528,573,16,16,0,False,25.0,1.8
seq_train_001609,P1043108_720.mp4,train,Yawning,Female,1,552,597,16,16,0,False,25.0,1.8
seq_train_001610,P1043107_720.mp4,train,Yawning,Female,1,96,141,16,16,0,False,25.0,1.8
seq_train_001611,P1043107_720.mp4,train,Yawning,Female,1,120,165,16,16,0,False,25.0,1.8
seq_train_001612,P1043107_720.mp4,train,Yawning,Female,1,144,189,16,16,0,False,25.0,1.8
seq_train_001613,P1043107_720.mp4,train,Yawning,Female,1,168,213,16,16,0,False,25.0,1.8
seq_train_001614,P1043107_720.mp4,train,Yawning,Female,1,192,237,16,16,0,False,25.0,1.8
seq_train_001615,P1043107_720.mp4,train,Yawning,Female,1,216,261,16,16,0,False,25.0,1.8
seq_train_001616,P1043107_720.mp4,train,Yawning,Female,1,240,285,16,16,0,False,25.0,1.8
seq_train_001617,P1043107_720.mp4,train,Yawning,Female,1,264,309,16,16,0,False,25.0,1.8
seq_train_001618,P1043107_720.mp4,train,Yawning,Female,1,288,333,16,16,0,False,25.0,1.8
seq_train_001619,P1043107_720.mp4,train,Yawning,Female,1,312,357,16,16,0,False,25.0,1.8
seq_train_001620,P1043107_720.mp4,train,Yawning,Female,1,336,381,16,16,0,False,25.0,1.8
seq_train_001621,P1043107_720.mp4,train,Yawning,Female,1,360,405,16,16,0,False,25.0,1.8
seq_train_001622,P1043107_720.mp4,train,Yawning,Female,1,384,429,16,16,0,False,25.0,1.8
seq_train_001623,P1043107_720.mp4,train,Yawning,Female,1,408,453,16,16,0,False,25.0,1.8
seq_train_001624,P1043107_720.mp4,train,Yawning,Female,1,432,477,16,16,0,False,25.0,1.8
seq_train_001625,P1043107_720.mp4,train,Yawning,Female,1,456,501,16,16,0,False,25.0,1.8
seq_train_001626,P1043107_720.mp4,train,Yawning,Female,1,480,525,16,16,0,False,25.0,1.8
seq_train_001627,P1043107_720.mp4,train,Yawning,Female,1,504,549,16,16,0,False,25.0,1.8
seq_train_001628,P1043107_720.mp4,train,Yawning,Female,1,528,573,16,16,0,False,25.0,1.8
seq_train_001629,P1043107_720.mp4,train,Yawning,Female,1,552,597,16,16,0,False,25.0,1.8
seq_train_001630,P1043107_720.mp4,train,Yawning,Female,1,576,621,16,16,0,False,25.0,1.8
seq_train_001631,P1043107_720.mp4,train,Yawning,Female,1,600,645,16,16,0,False,25.0,1.8
seq_train_001632,P1043107_720.mp4,train,Yawning,Female,1,624,669,16,16,0,False,25.0,1.8
seq_train_001633,P1043107_720.mp4,train,Yawning,Female,1,648,693,16,16,0,False,25.0,1.8
seq_train_001634,P1043107_720.mp4,train,Yawning,Female,1,672,717,16,16,0,False,25.0,1.8
seq_train_001635,P1043107_720.mp4,train,Yawning,Female,1,696,741,16,16,0,False,25.0,1.8
seq_train_001636,P1043107_720.mp4,train,Yawning,Female,1,720,765,16,16,0,False,25.0,1.8
seq_train_001637,P1043107_720.mp4,train,Yawning,Female,1,744,789,16,15,1,True,25.0,1.8
seq_train_001638,P1043107_720.mp4,train,Yawning,Female,1,768,813,16,15,1,True,25.0,1.8
seq_train_001639,P1043107_720.mp4,train,Yawning,Female,1,792,837,16,16,0,False,25.0,1.8
seq_train_001640,P1043107_720.mp4,train,Yawning,Female,1,816,861,16,16,0,False,25.0,1.8
seq_train_001641,P1043107_720.mp4,train,Yawning,Female,1,840,885,16,16,0,False,25.0,1.8
seq_train_001642,P1043107_720.mp4,train,Yawning,Female,1,864,909,16,16,0,False,25.0,1.8
seq_train_001643,P1043107_720.mp4,train,Yawning,Female,1,888,933,16,16,0,False,25.0,1.8
seq_train_001644,P1043107_720.mp4,train,Yawning,Female,1,912,957,16,16,0,False,25.0,1.8
seq_train_001645,P1043107_720.mp4,train,Yawning,Female,1,936,981,16,16,0,False,25.0,1.8
seq_train_001646,P1043107_720.mp4,train,Yawning,Female,1,960,1005,16,16,0,False,25.0,1.8
seq_train_001647,P1043107_720.mp4,train,Yawning,Female,1,984,1029,16,16,0,False,25.0,1.8
seq_train_001648,P1043107_720.mp4,train,Yawning,Female,1,1008,1053,16,16,0,False,25.0,1.8
seq_train_001649,P1043107_720.mp4,train,Yawning,Female,1,1032,1077,16,16,0,False,25.0,1.8
seq_train_001650,P1043107_720.mp4,train,Yawning,Female,1,1056,1101,16,16,0,False,25.0,1.8
seq_train_001651,P1043107_720.mp4,train,Yawning,Female,1,1080,1125,16,16,0,False,25.0,1.8
seq_train_001652,P1043107_720.mp4,train,Yawning,Female,1,1104,1149,16,16,0,False,25.0,1.8
seq_train_001653,P1043107_720.mp4,train,Yawning,Female,1,1128,1173,16,16,0,False,25.0,1.8
seq_train_001654,P1043107_720.mp4,train,Yawning,Female,1,1152,1197,16,16,0,False,25.0,1.8
seq_train_001655,P1043107_720.mp4,train,Yawning,Female,1,1176,1221,16,16,0,False,25.0,1.8
seq_train_001656,P1043107_720.mp4,train,Yawning,Female,1,1200,1245,16,16,0,False,25.0,1.8
seq_train_001657,P1043107_720.mp4,train,Yawning,Female,1,1224,1269,16,16,0,False,25.0,1.8
seq_train_001658,P1043107_720.mp4,train,Yawning,Female,1,1248,1293,16,16,0,False,25.0,1.8
seq_train_001659,P1043107_720.mp4,train,Yawning,Female,1,1272,1317,16,16,0,False,25.0,1.8
seq_train_001660,P1043107_720.mp4,train,Yawning,Female,1,1296,1341,16,16,0,False,25.0,1.8
seq_train_001661,P1043107_720.mp4,train,Yawning,Female,1,1320,1365,16,16,0,False,25.0,1.8
seq_train_001662,P1043107_720.mp4,train,Yawning,Female,1,1344,1389,16,16,0,False,25.0,1.8
seq_train_001663,P1043107_720.mp4,train,Yawning,Female,1,1368,1413,16,16,0,False,25.0,1.8
seq_train_001664,P1043107_720.mp4,train,Yawning,Female,1,1392,1437,16,16,0,False,25.0,1.8
seq_train_001665,P1043107_720.mp4,train,Yawning,Female,1,1416,1461,16,16,0,False,25.0,1.8
seq_train_001666,P1043107_720.mp4,train,Yawning,Female,1,1440,1485,16,16,0,False,25.0,1.8
seq_train_001667,P1043107_720.mp4,train,Yawning,Female,1,1464,1509,16,16,0,False,25.0,1.8
seq_train_001668,P1043107_720.mp4,train,Yawning,Female,1,1488,1533,16,16,0,False,25.0,1.8
seq_train_001669,P1043107_720.mp4,train,Yawning,Female,1,1512,1557,16,16,0,False,25.0,1.8
seq_train_001670,P1043107_720.mp4,train,Yawning,Female,1,1536,1581,16,16,0,False,25.0,1.8
seq_train_001671,P1043107_720.mp4,train,Yawning,Female,1,1560,1605,16,16,0,False,25.0,1.8
seq_train_001672,P1043107_720.mp4,train,Yawning,Female,1,1584,1629,16,16,0,False,25.0,1.8
seq_train_001673,P1043107_720.mp4,train,Yawning,Female,1,1608,1653,16,16,0,False,25.0,1.8
seq_train_001674,P1043107_720.mp4,train,Yawning,Female,1,1632,1677,16,16,0,False,25.0,1.8
seq_train_001675,P1043107_720.mp4,train,Yawning,Female,1,1656,1701,16,16,0,False,25.0,1.8
seq_train_001676,P1043107_720.mp4,train,Yawning,Female,1,1680,1725,16,16,0,False,25.0,1.8
seq_train_001677,P1043107_720.mp4,train,Yawning,Female,1,1704,1749,16,16,0,False,25.0,1.8
seq_train_001678,P1043107_720.mp4,train,Yawning,Female,1,1728,1773,16,16,0,False,25.0,1.8
seq_train_001679,P1043107_720.mp4,train,Yawning,Female,1,1752,1797,16,16,0,False,25.0,1.8
seq_train_001680,P1043107_720.mp4,train,Yawning,Female,1,1776,1821,16,16,0,False,25.0,1.8
seq_train_001681,P1043107_720.mp4,train,Yawning,Female,1,1800,1845,16,16,0,False,25.0,1.8
seq_train_001682,P1043107_720.mp4,train,Yawning,Female,1,1824,1869,16,16,0,False,25.0,1.8
seq_train_001683,P1043107_720.mp4,train,Yawning,Female,1,1848,1893,16,16,0,False,25.0,1.8
seq_train_001684,P1043107_720.mp4,train,Yawning,Female,1,1872,1917,16,16,0,False,25.0,1.8
seq_train_001685,P1043107_720.mp4,train,Yawning,Female,1,1896,1941,16,16,0,False,25.0,1.8
seq_train_001686,P1043107_720.mp4,train,Yawning,Female,1,1920,1965,16,16,0,False,25.0,1.8
seq_train_001687,P1043107_720.mp4,train,Yawning,Female,1,1944,1989,16,16,0,False,25.0,1.8
seq_train_001688,P1043107_720.mp4,train,Yawning,Female,1,1968,2013,16,16,0,False,25.0,1.8
seq_train_001689,P1043107_720.mp4,train,Yawning,Female,1,1992,2037,16,16,0,False,25.0,1.8
seq_train_001690,P1043107_720.mp4,train,Yawning,Female,1,2016,2061,16,16,0,False,25.0,1.8
seq_train_001691,P1043107_720.mp4,train,Yawning,Female,1,2040,2085,16,13,3,True,25.0,1.8
seq_train_001692,P1043107_720.mp4,train,Yawning,Female,1,2064,2109,16,13,3,True,25.0,1.8
seq_train_001693,P1043107_720.mp4,train,Yawning,Female,1,2088,2133,16,16,0,False,25.0,1.8
seq_train_001694,P1043107_720.mp4,train,Yawning,Female,1,2112,2157,16,16,0,False,25.0,1.8
seq_train_001695,P1043107_720.mp4,train,Yawning,Female,1,2136,2181,16,16,0,False,25.0,1.8
seq_train_001696,P1043107_720.mp4,train,Yawning,Female,1,2160,2205,16,16,0,False,25.0,1.8
seq_train_001697,P1043107_720.mp4,train,Yawning,Female,1,2184,2229,16,16,0,False,25.0,1.8
seq_train_001698,P1043107_720.mp4,train,Yawning,Female,1,2208,2253,16,16,0,False,25.0,1.8
seq_train_001699,P1043107_720.mp4,train,Yawning,Female,1,2232,2277,16,16,0,False,25.0,1.8
seq_train_001700,P1043107_720.mp4,train,Yawning,Female,1,2256,2301,16,16,0,False,25.0,1.8
seq_train_001701,P1043107_720.mp4,train,Yawning,Female,1,2280,2325,16,16,0,False,25.0,1.8
seq_train_001702,P1043107_720.mp4,train,Yawning,Female,1,2304,2349,16,16,0,False,25.0,1.8
seq_train_001703,P1043107_720.mp4,train,Yawning,Female,1,2328,2373,16,16,0,False,25.0,1.8
seq_train_001704,P1043107_720.mp4,train,Yawning,Female,1,2352,2397,16,16,0,False,25.0,1.8
seq_train_001705,P1043107_720.mp4,train,Yawning,Female,1,2376,2421,16,16,0,False,25.0,1.8
seq_train_001706,P1043107_720.mp4,train,Yawning,Female,1,2400,2445,16,16,0,False,25.0,1.8
seq_train_001707,P1043107_720.mp4,train,Yawning,Female,1,2424,2469,16,16,0,False,25.0,1.8
seq_train_001708,P1043107_720.mp4,train,Yawning,Female,1,2448,2493,16,16,0,False,25.0,1.8
seq_train_001709,P1043107_720.mp4,train,Yawning,Female,1,2472,2517,16,16,0,False,25.0,1.8
seq_train_001710,P1043107_720.mp4,train,Yawning,Female,1,2496,2541,16,16,0,False,25.0,1.8
seq_train_001711,P1043107_720.mp4,train,Yawning,Female,1,2520,2565,16,16,0,False,25.0,1.8
seq_train_001712,P1043107_720.mp4,train,Yawning,Female,1,2544,2589,16,16,0,False,25.0,1.8
seq_train_001713,P1043107_720.mp4,train,Yawning,Female,1,2568,2613,16,16,0,False,25.0,1.8
seq_train_001714,P1043107_720.mp4,train,Yawning,Female,1,2592,2637,16,16,0,False,25.0,1.8
seq_train_001715,P1043107_720.mp4,train,Yawning,Female,1,2616,2661,16,16,0,False,25.0,1.8
seq_train_001716,P1043107_720.mp4,train,Yawning,Female,1,2640,2685,16,16,0,False,25.0,1.8
seq_train_001717,P1043107_720.mp4,train,Yawning,Female,1,2664,2709,16,16,0,False,25.0,1.8
seq_train_001718,P1043107_720.mp4,train,Yawning,Female,1,2688,2733,16,16,0,False,25.0,1.8
seq_train_001719,P1043107_720.mp4,train,Yawning,Female,1,2712,2757,16,13,3,True,25.0,1.8
seq_train_001720,P1043107_720.mp4,train,Yawning,Female,1,2736,2781,16,13,3,True,25.0,1.8
seq_train_001721,P1043107_720.mp4,train,Yawning,Female,1,2760,2805,16,16,0,False,25.0,1.8
seq_train_001722,P1043107_720.mp4,train,Yawning,Female,1,2784,2829,16,16,0,False,25.0,1.8
seq_train_001723,P1043107_720.mp4,train,Yawning,Female,1,2808,2853,16,16,0,False,25.0,1.8
seq_train_001724,P1043107_720.mp4,train,Yawning,Female,1,2832,2877,16,16,0,False,25.0,1.8
seq_train_001725,P1043107_720.mp4,train,Yawning,Female,1,2856,2901,16,16,0,False,25.0,1.8
seq_train_001726,P1043107_720.mp4,train,Yawning,Female,1,2880,2925,16,16,0,False,25.0,1.8
seq_train_001727,P1043107_720.mp4,train,Yawning,Female,1,2904,2949,16,16,0,False,25.0,1.8
seq_train_001728,P1043107_720.mp4,train,Yawning,Female,1,2928,2973,16,16,0,False,25.0,1.8
seq_train_001729,P1043107_720.mp4,train,Yawning,Female,1,2952,2997,16,16,0,False,25.0,1.8
seq_train_001730,P1043107_720.mp4,train,Yawning,Female,1,2976,3021,16,16,0,False,25.0,1.8
seq_train_001731,P1043107_720.mp4,train,Yawning,Female,1,3000,3045,16,16,0,False,25.0,1.8
seq_train_001732,P1043107_720.mp4,train,Yawning,Female,1,3024,3069,16,16,0,False,25.0,1.8
seq_train_001733,P1043107_720.mp4,train,Yawning,Female,1,3048,3093,16,16,0,False,25.0,1.8
seq_train_001734,P1043107_720.mp4,train,Yawning,Female,1,3072,3117,16,16,0,False,25.0,1.8
seq_train_001735,P1043107_720.mp4,train,Yawning,Female,1,3096,3141,16,16,0,False,25.0,1.8
seq_train_001736,P1043107_720.mp4,train,Yawning,Female,1,3120,3165,16,13,3,True,25.0,1.8
seq_train_001737,P1042771_720.mp4,train,Yawning,Male,1,0,45,16,16,0,False,25.0,1.8
seq_train_001738,P1042771_720.mp4,train,Yawning,Male,1,24,69,16,16,0,False,25.0,1.8
seq_train_001739,P1042771_720.mp4,train,Yawning,Male,1,48,93,16,16,0,False,25.0,1.8
seq_train_001740,P1042771_720.mp4,train,Yawning,Male,1,72,117,16,16,0,False,25.0,1.8
seq_train_001741,P1042771_720.mp4,train,Yawning,Male,1,96,141,16,16,0,False,25.0,1.8
seq_train_001742,P1042771_720.mp4,train,Yawning,Male,1,120,165,16,16,0,False,25.0,1.8
seq_train_001743,P1042771_720.mp4,train,Yawning,Male,1,144,189,16,16,0,False,25.0,1.8
seq_train_001744,P1042771_720.mp4,train,Yawning,Male,1,168,213,16,16,0,False,25.0,1.8
seq_train_001745,P1042771_720.mp4,train,Yawning,Male,1,192,237,16,16,0,False,25.0,1.8
seq_train_001746,P1042771_720.mp4,train,Yawning,Male,1,216,261,16,16,0,False,25.0,1.8
seq_train_001747,P1042771_720.mp4,train,Yawning,Male,1,240,285,16,16,0,False,25.0,1.8
seq_train_001748,P1042771_720.mp4,train,Yawning,Male,1,264,309,16,16,0,False,25.0,1.8
seq_train_001749,P1042771_720.mp4,train,Yawning,Male,1,288,333,16,16,0,False,25.0,1.8
seq_train_001750,P1042771_720.mp4,train,Yawning,Male,1,312,357,16,16,0,False,25.0,1.8
seq_train_001751,P1042771_720.mp4,train,Yawning,Male,1,336,381,16,16,0,False,25.0,1.8
seq_train_001752,P1042771_720.mp4,train,Yawning,Male,1,360,405,16,16,0,False,25.0,1.8
seq_train_001753,P1042771_720.mp4,train,Yawning,Male,1,384,429,16,16,0,False,25.0,1.8
seq_train_001754,P1042771_720.mp4,train,Yawning,Male,1,408,453,16,16,0,False,25.0,1.8
seq_train_001755,P1042771_720.mp4,train,Yawning,Male,1,432,477,16,16,0,False,25.0,1.8
seq_train_001756,P1042771_720.mp4,train,Yawning,Male,1,456,501,16,16,0,False,25.0,1.8
seq_train_001757,P1042771_720.mp4,train,Yawning,Male,1,480,525,16,16,0,False,25.0,1.8
seq_train_001758,P1042771_720.mp4,train,Yawning,Male,1,504,549,16,16,0,False,25.0,1.8
seq_train_001759,P1042771_720.mp4,train,Yawning,Male,1,528,573,16,16,0,False,25.0,1.8
seq_train_001760,P1042771_720.mp4,train,Yawning,Male,1,552,597,16,16,0,False,25.0,1.8
seq_train_001761,P1042771_720.mp4,train,Yawning,Male,1,576,621,16,16,0,False,25.0,1.8
seq_train_001762,P1042771_720.mp4,train,Yawning,Male,1,600,645,16,16,0,False,25.0,1.8
seq_train_001763,P1042771_720.mp4,train,Yawning,Male,1,624,669,16,16,0,False,25.0,1.8
seq_train_001764,P1042771_720.mp4,train,Yawning,Male,1,648,693,16,16,0,False,25.0,1.8
seq_train_001765,P1042771_720.mp4,train,Yawning,Male,1,672,717,16,16,0,False,25.0,1.8
seq_train_001766,P1042771_720.mp4,train,Yawning,Male,1,696,741,16,14,2,True,25.0,1.8
seq_train_001767,P1042771_720.mp4,train,Yawning,Male,1,768,813,16,16,0,False,25.0,1.8
seq_train_001768,P1043119_720.mp4,train,Yawning,Female,1,0,45,16,16,0,False,25.0,1.8
seq_train_001769,P1043119_720.mp4,train,Yawning,Female,1,24,69,16,16,0,False,25.0,1.8
seq_train_001770,P1043119_720.mp4,train,Yawning,Female,1,48,93,16,16,0,False,25.0,1.8
seq_train_001771,P1043119_720.mp4,train,Yawning,Female,1,72,117,16,16,0,False,25.0,1.8
seq_train_001772,P1043119_720.mp4,train,Yawning,Female,1,96,141,16,16,0,False,25.0,1.8
seq_train_001773,P1043119_720.mp4,train,Yawning,Female,1,120,165,16,16,0,False,25.0,1.8
seq_train_001774,P1043119_720.mp4,train,Yawning,Female,1,144,189,16,16,0,False,25.0,1.8
seq_train_001775,P1043119_720.mp4,train,Yawning,Female,1,168,213,16,16,0,False,25.0,1.8
seq_train_001776,P1043119_720.mp4,train,Yawning,Female,1,192,237,16,16,0,False,25.0,1.8
seq_train_001777,P1043119_720.mp4,train,Yawning,Female,1,216,261,16,16,0,False,25.0,1.8
seq_train_001778,P1043119_720.mp4,train,Yawning,Female,1,240,285,16,16,0,False,25.0,1.8
seq_train_001779,P1043119_720.mp4,train,Yawning,Female,1,264,309,16,16,0,False,25.0,1.8
seq_train_001780,P1043119_720.mp4,train,Yawning,Female,1,288,333,16,16,0,False,25.0,1.8
seq_train_001781,P1043119_720.mp4,train,Yawning,Female,1,312,357,16,16,0,False,25.0,1.8
seq_train_001782,P1043119_720.mp4,train,Yawning,Female,1,336,381,16,16,0,False,25.0,1.8
seq_train_001783,P1043119_720.mp4,train,Yawning,Female,1,360,405,16,16,0,False,25.0,1.8
seq_train_001784,P1043119_720.mp4,train,Yawning,Female,1,384,429,16,16,0,False,25.0,1.8
seq_train_001785,P1043119_720.mp4,train,Yawning,Female,1,408,453,16,16,0,False,25.0,1.8
seq_train_001786,P1043119_720.mp4,train,Yawning,Female,1,432,477,16,16,0,False,25.0,1.8
seq_train_001787,P1043125_720.mp4,train,Yawning,Male,1,0,45,16,16,0,False,25.0,1.8
seq_train_001788,P1043125_720.mp4,train,Yawning,Male,1,24,69,16,16,0,False,25.0,1.8
seq_train_001789,P1043125_720.mp4,train,Yawning,Male,1,48,93,16,16,0,False,25.0,1.8
seq_train_001790,P1043125_720.mp4,train,Yawning,Male,1,72,117,16,16,0,False,25.0,1.8
seq_train_001791,P1043125_720.mp4,train,Yawning,Male,1,96,141,16,16,0,False,25.0,1.8
seq_train_001792,P1043125_720.mp4,train,Yawning,Male,1,120,165,16,16,0,False,25.0,1.8
seq_train_001793,P1043125_720.mp4,train,Yawning,Male,1,144,189,16,16,0,False,25.0,1.8
seq_train_001794,P1043125_720.mp4,train,Yawning,Male,1,168,213,16,16,0,False,25.0,1.8
seq_train_001795,P1043125_720.mp4,train,Yawning,Male,1,192,237,16,16,0,False,25.0,1.8
seq_train_001796,P1043125_720.mp4,train,Yawning,Male,1,216,261,16,16,0,False,25.0,1.8
seq_train_001797,P1043125_720.mp4,train,Yawning,Male,1,240,285,16,16,0,False,25.0,1.8
seq_train_001798,P1043125_720.mp4,train,Yawning,Male,1,264,309,16,16,0,False,25.0,1.8
seq_train_001799,P1043125_720.mp4,train,Yawning,Male,1,288,333,16,16,0,False,25.0,1.8
seq_train_001800,P1043125_720.mp4,train,Yawning,Male,1,312,357,16,16,0,False,25.0,1.8
seq_train_001801,P1043125_720.mp4,train,Yawning,Male,1,336,381,16,16,0,False,25.0,1.8
seq_train_001802,P1043125_720.mp4,train,Yawning,Male,1,360,405,16,16,0,False,25.0,1.8
seq_train_001803,P1043125_720.mp4,train,Yawning,Male,1,384,429,16,16,0,False,25.0,1.8
seq_train_001804,P1043125_720.mp4,train,Yawning,Male,1,408,453,16,16,0,False,25.0,1.8
seq_train_001805,P1042796_720.mp4,train,Yawning,Male,1,0,45,16,16,0,False,25.0,1.8
seq_train_001806,P1042796_720.mp4,train,Yawning,Male,1,24,69,16,16,0,False,25.0,1.8
seq_train_001807,P1042796_720.mp4,train,Yawning,Male,1,48,93,16,16,0,False,25.0,1.8
seq_train_001808,P1042796_720.mp4,train,Yawning,Male,1,72,117,16,16,0,False,25.0,1.8
seq_train_001809,P1042796_720.mp4,train,Yawning,Male,1,96,141,16,16,0,False,25.0,1.8
seq_train_001810,P1042796_720.mp4,train,Yawning,Male,1,120,165,16,16,0,False,25.0,1.8
seq_train_001811,P1042796_720.mp4,train,Yawning,Male,1,144,189,16,16,0,False,25.0,1.8
seq_train_001812,P1042796_720.mp4,train,Yawning,Male,1,168,213,16,16,0,False,25.0,1.8
seq_train_001813,P1042796_720.mp4,train,Yawning,Male,1,192,237,16,16,0,False,25.0,1.8
seq_train_001814,P1042796_720.mp4,train,Yawning,Male,1,216,261,16,16,0,False,25.0,1.8
seq_train_001815,P1042796_720.mp4,train,Yawning,Male,1,240,285,16,16,0,False,25.0,1.8
seq_train_001816,P1042796_720.mp4,train,Yawning,Male,1,264,309,16,16,0,False,25.0,1.8
seq_train_001817,P1042796_720.mp4,train,Yawning,Male,1,288,333,16,16,0,False,25.0,1.8
seq_train_001818,P1042796_720.mp4,train,Yawning,Male,1,312,357,16,16,0,False,25.0,1.8
seq_train_001819,P1042796_720.mp4,train,Yawning,Male,1,336,381,16,16,0,False,25.0,1.8
seq_train_001820,P1042796_720.mp4,train,Yawning,Male,1,360,405,16,16,0,False,25.0,1.8
seq_train_001821,P1042796_720.mp4,train,Yawning,Male,1,384,429,16,16,0,False,25.0,1.8
seq_train_001822,P1042796_720.mp4,train,Yawning,Male,1,408,453,16,16,0,False,25.0,1.8
seq_train_001823,P1042796_720.mp4,train,Yawning,Male,1,432,477,16,16,0,False,25.0,1.8
seq_train_001824,P1042796_720.mp4,train,Yawning,Male,1,456,501,16,16,0,False,25.0,1.8
seq_train_001825,P1042796_720.mp4,train,Yawning,Male,1,480,525,16,16,0,False,25.0,1.8
seq_train_001826,P1042796_720.mp4,train,Yawning,Male,1,504,549,16,16,0,False,25.0,1.8
seq_train_001827,P1042796_720.mp4,train,Yawning,Male,1,528,573,16,16,0,False,25.0,1.8
seq_train_001828,P1042796_720.mp4,train,Yawning,Male,1,552,597,16,16,0,False,25.0,1.8
seq_train_001829,P1042796_720.mp4,train,Yawning,Male,1,576,621,16,16,0,False,25.0,1.8
seq_train_001830,P1042796_720.mp4,train,Yawning,Male,1,600,645,16,16,0,False,25.0,1.8
seq_train_001831,P1042796_720.mp4,train,Yawning,Male,1,624,669,16,15,1,True,25.0,1.8
seq_train_001832,P1042796_720.mp4,train,Yawning,Male,1,648,693,16,15,1,True,25.0,1.8
seq_train_001833,P1042796_720.mp4,train,Yawning,Male,1,672,717,16,16,0,False,25.0,1.8
seq_train_001834,P1042796_720.mp4,train,Yawning,Male,1,696,741,16,15,1,True,25.0,1.8
seq_train_001835,P1043061_720.mp4,train,Yawning,Female,1,0,45,16,16,0,False,25.0,1.8
seq_train_001836,P1043061_720.mp4,train,Yawning,Female,1,24,69,16,16,0,False,25.0,1.8
seq_train_001837,P1043061_720.mp4,train,Yawning,Female,1,48,93,16,16,0,False,25.0,1.8
seq_train_001838,P1043061_720.mp4,train,Yawning,Female,1,72,117,16,16,0,False,25.0,1.8
seq_train_001839,P1043061_720.mp4,train,Yawning,Female,1,96,141,16,16,0,False,25.0,1.8
seq_train_001840,P1043061_720.mp4,train,Yawning,Female,1,120,165,16,16,0,False,25.0,1.8
seq_train_001841,P1043061_720.mp4,train,Yawning,Female,1,144,189,16,16,0,False,25.0,1.8
seq_train_001842,P1043061_720.mp4,train,Yawning,Female,1,168,213,16,16,0,False,25.0,1.8
seq_train_001843,P1043061_720.mp4,train,Yawning,Female,1,192,237,16,16,0,False,25.0,1.8
seq_train_001844,P1043061_720.mp4,train,Yawning,Female,1,216,261,16,16,0,False,25.0,1.8
seq_train_001845,P1043061_720.mp4,train,Yawning,Female,1,240,285,16,16,0,False,25.0,1.8
seq_train_001846,P1043061_720.mp4,train,Yawning,Female,1,264,309,16,16,0,False,25.0,1.8
seq_train_001847,P1043061_720.mp4,train,Yawning,Female,1,288,333,16,16,0,False,25.0,1.8
seq_train_001848,P1043061_720.mp4,train,Yawning,Female,1,312,357,16,16,0,False,25.0,1.8
seq_train_001849,P1043061_720.mp4,train,Yawning,Female,1,336,381,16,16,0,False,25.0,1.8
seq_train_001850,P1043061_720.mp4,train,Yawning,Female,1,360,405,16,16,0,False,25.0,1.8
seq_train_001851,P1043061_720.mp4,train,Yawning,Female,1,384,429,16,16,0,False,25.0,1.8
seq_train_001852,P1043061_720.mp4,train,Yawning,Female,1,408,453,16,16,0,False,25.0,1.8
seq_train_001853,P1043061_720.mp4,train,Yawning,Female,1,432,477,16,16,0,False,25.0,1.8
seq_train_001854,P1043061_720.mp4,train,Yawning,Female,1,456,501,16,16,0,False,25.0,1.8
seq_train_001855,P1043061_720.mp4,train,Yawning,Female,1,480,525,16,16,0,False,25.0,1.8
seq_train_001856,P1043061_720.mp4,train,Yawning,Female,1,504,549,16,16,0,False,25.0,1.8
seq_train_001857,P1043061_720.mp4,train,Yawning,Female,1,576,621,16,14,2,True,25.0,1.8
seq_train_001858,P1043106_720.mp4,train,Microsleep,Female,1,0,45,16,16,0,False,25.0,1.8
seq_train_001859,P1043106_720.mp4,train,Microsleep,Female,1,24,69,16,16,0,False,25.0,1.8
seq_train_001860,P1043106_720.mp4,train,Microsleep,Female,1,48,93,16,16,0,False,25.0,1.8
seq_train_001861,P1043106_720.mp4,train,Microsleep,Female,1,72,117,16,16,0,False,25.0,1.8
seq_train_001862,P1043106_720.mp4,train,Microsleep,Female,1,96,141,16,16,0,False,25.0,1.8
seq_train_001863,P1043106_720.mp4,train,Microsleep,Female,1,120,165,16,16,0,False,25.0,1.8
seq_train_001864,P1043106_720.mp4,train,Microsleep,Female,1,144,189,16,16,0,False,25.0,1.8
seq_train_001865,P1043106_720.mp4,train,Microsleep,Female,1,168,213,16,16,0,False,25.0,1.8
seq_train_001866,P1043106_720.mp4,train,Microsleep,Female,1,192,237,16,16,0,False,25.0,1.8
seq_train_001867,P1043106_720.mp4,train,Microsleep,Female,1,216,261,16,16,0,False,25.0,1.8
seq_train_001868,P1043106_720.mp4,train,Microsleep,Female,1,240,285,16,16,0,False,25.0,1.8
seq_train_001869,P1043106_720.mp4,train,Microsleep,Female,1,264,309,16,16,0,False,25.0,1.8
seq_train_001870,P1043106_720.mp4,train,Microsleep,Female,1,288,333,16,16,0,False,25.0,1.8
seq_train_001871,P1043106_720.mp4,train,Microsleep,Female,1,312,357,16,16,0,False,25.0,1.8
seq_train_001872,P1043106_720.mp4,train,Microsleep,Female,1,336,381,16,16,0,False,25.0,1.8
seq_train_001873,P1043106_720.mp4,train,Microsleep,Female,1,360,405,16,16,0,False,25.0,1.8
seq_train_001874,P1043106_720.mp4,train,Microsleep,Female,1,384,429,16,16,0,False,25.0,1.8
seq_train_001875,P1043106_720.mp4,train,Microsleep,Female,1,408,453,16,16,0,False,25.0,1.8
seq_train_001876,P1043106_720.mp4,train,Microsleep,Female,1,432,477,16,16,0,False,25.0,1.8
seq_train_001877,P1043106_720.mp4,train,Microsleep,Female,1,456,501,16,16,0,False,25.0,1.8
seq_train_001878,P1043106_720.mp4,train,Microsleep,Female,1,480,525,16,16,0,False,25.0,1.8
seq_train_001879,P1043106_720.mp4,train,Microsleep,Female,1,504,549,16,16,0,False,25.0,1.8
seq_train_001880,P1043106_720.mp4,train,Microsleep,Female,1,528,573,16,16,0,False,25.0,1.8
seq_train_001881,P1043106_720.mp4,train,Microsleep,Female,1,552,597,16,16,0,False,25.0,1.8
seq_train_001882,P1043106_720.mp4,train,Microsleep,Female,1,576,621,16,16,0,False,25.0,1.8
seq_train_001883,P1043106_720.mp4,train,Microsleep,Female,1,600,645,16,16,0,False,25.0,1.8
seq_train_001884,P1043106_720.mp4,train,Microsleep,Female,1,624,669,16,16,0,False,25.0,1.8
seq_train_001885,P1043106_720.mp4,train,Microsleep,Female,1,648,693,16,16,0,False,25.0,1.8
seq_train_001886,P1043106_720.mp4,train,Microsleep,Female,1,672,717,16,16,0,False,25.0,1.8
seq_train_001887,P1043106_720.mp4,train,Microsleep,Female,1,696,741,16,16,0,False,25.0,1.8
seq_train_001888,P1043106_720.mp4,train,Microsleep,Female,1,720,765,16,16,0,False,25.0,1.8
seq_train_001889,P1043106_720.mp4,train,Microsleep,Female,1,744,789,16,16,0,False,25.0,1.8
seq_train_001890,P1043106_720.mp4,train,Microsleep,Female,1,768,813,16,16,0,False,25.0,1.8
seq_train_001891,P1043106_720.mp4,train,Microsleep,Female,1,792,837,16,16,0,False,25.0,1.8
seq_train_001892,P1043106_720.mp4,train,Microsleep,Female,1,816,861,16,16,0,False,25.0,1.8
seq_train_001893,P1043106_720.mp4,train,Microsleep,Female,1,840,885,16,14,2,True,25.0,1.8
seq_train_001894,P1043106_720.mp4,train,Microsleep,Female,1,864,909,16,14,2,True,25.0,1.8
seq_train_001895,P1043106_720.mp4,train,Microsleep,Female,1,888,933,16,16,0,False,25.0,1.8
seq_train_001896,P1043106_720.mp4,train,Microsleep,Female,1,912,957,16,16,0,False,25.0,1.8
seq_train_001897,P1043106_720.mp4,train,Microsleep,Female,1,936,981,16,16,0,False,25.0,1.8
seq_train_001898,P1043106_720.mp4,train,Microsleep,Female,1,960,1005,16,16,0,False,25.0,1.8
seq_train_001899,P1043106_720.mp4,train,Microsleep,Female,1,984,1029,16,16,0,False,25.0,1.8
seq_train_001900,P1043106_720.mp4,train,Microsleep,Female,1,1008,1053,16,16,0,False,25.0,1.8
seq_train_001901,P1043106_720.mp4,train,Microsleep,Female,1,1032,1077,16,16,0,False,25.0,1.8
seq_train_001902,P1043106_720.mp4,train,Microsleep,Female,1,1056,1101,16,16,0,False,25.0,1.8
seq_train_001903,P1043106_720.mp4,train,Microsleep,Female,1,1080,1125,16,16,0,False,25.0,1.8
seq_train_001904,P1043106_720.mp4,train,Microsleep,Female,1,1104,1149,16,16,0,False,25.0,1.8
seq_train_001905,P1043106_720.mp4,train,Microsleep,Female,1,1128,1173,16,16,0,False,25.0,1.8
seq_train_001906,P1043106_720.mp4,train,Microsleep,Female,1,1152,1197,16,16,0,False,25.0,1.8
seq_train_001907,P1043106_720.mp4,train,Microsleep,Female,1,1176,1221,16,16,0,False,25.0,1.8
seq_train_001908,P1043106_720.mp4,train,Microsleep,Female,1,1200,1245,16,16,0,False,25.0,1.8
seq_train_001909,P1043106_720.mp4,train,Microsleep,Female,1,1224,1269,16,16,0,False,25.0,1.8
seq_train_001910,P1043106_720.mp4,train,Microsleep,Female,1,1248,1293,16,16,0,False,25.0,1.8
seq_train_001911,P1043106_720.mp4,train,Microsleep,Female,1,1272,1317,16,16,0,False,25.0,1.8
seq_train_001912,P1043106_720.mp4,train,Microsleep,Female,1,1296,1341,16,16,0,False,25.0,1.8
seq_train_001913,P1043106_720.mp4,train,Microsleep,Female,1,1320,1365,16,16,0,False,25.0,1.8
seq_train_001914,P1043106_720.mp4,train,Microsleep,Female,1,1344,1389,16,16,0,False,25.0,1.8
seq_train_001915,P1043106_720.mp4,train,Microsleep,Female,1,1368,1413,16,16,0,False,25.0,1.8
seq_train_001916,P1043106_720.mp4,train,Microsleep,Female,1,1392,1437,16,16,0,False,25.0,1.8
seq_train_001917,P1043106_720.mp4,train,Microsleep,Female,1,1416,1461,16,16,0,False,25.0,1.8
seq_train_001918,P1043106_720.mp4,train,Microsleep,Female,1,1440,1485,16,16,0,False,25.0,1.8
seq_train_001919,P1043106_720.mp4,train,Microsleep,Female,1,1464,1509,16,16,0,False,25.0,1.8
seq_train_001920,P1043106_720.mp4,train,Microsleep,Female,1,1488,1533,16,16,0,False,25.0,1.8
seq_train_001921,P1043106_720.mp4,train,Microsleep,Female,1,1512,1557,16,16,0,False,25.0,1.8
seq_train_001922,P1043106_720.mp4,train,Microsleep,Female,1,1536,1581,16,16,0,False,25.0,1.8
seq_train_001923,P1043106_720.mp4,train,Microsleep,Female,1,1560,1605,16,15,1,True,25.0,1.8
seq_train_001924,P1043106_720.mp4,train,Microsleep,Female,1,1584,1629,16,15,1,True,25.0,1.8
seq_train_001925,P1043106_720.mp4,train,Microsleep,Female,1,1608,1653,16,16,0,False,25.0,1.8
seq_train_001926,P1043106_720.mp4,train,Microsleep,Female,1,1632,1677,16,16,0,False,25.0,1.8
seq_train_001927,P1043106_720.mp4,train,Microsleep,Female,1,1656,1701,16,16,0,False,25.0,1.8
seq_train_001928,P1043106_720.mp4,train,Microsleep,Female,1,1680,1725,16,16,0,False,25.0,1.8
seq_train_001929,P1043106_720.mp4,train,Microsleep,Female,1,1704,1749,16,16,0,False,25.0,1.8
seq_train_001930,P1043106_720.mp4,train,Microsleep,Female,1,1728,1773,16,16,0,False,25.0,1.8
seq_train_001931,P1043106_720.mp4,train,Microsleep,Female,1,1752,1797,16,16,0,False,25.0,1.8
seq_train_001932,P1043106_720.mp4,train,Microsleep,Female,1,1776,1821,16,16,0,False,25.0,1.8
seq_train_001933,P1043106_720.mp4,train,Microsleep,Female,1,1800,1845,16,16,0,False,25.0,1.8
seq_train_001934,P1043106_720.mp4,train,Microsleep,Female,1,1824,1869,16,16,0,False,25.0,1.8
seq_train_001935,P1043106_720.mp4,train,Microsleep,Female,1,1848,1893,16,16,0,False,25.0,1.8
seq_train_001936,P1043106_720.mp4,train,Microsleep,Female,1,1872,1917,16,16,0,False,25.0,1.8
seq_train_001937,P1043106_720.mp4,train,Microsleep,Female,1,1896,1941,16,16,0,False,25.0,1.8
seq_train_001938,P1043106_720.mp4,train,Microsleep,Female,1,1920,1965,16,16,0,False,25.0,1.8
seq_train_001939,P1043106_720.mp4,train,Microsleep,Female,1,1944,1989,16,16,0,False,25.0,1.8
seq_train_001940,P1043106_720.mp4,train,Microsleep,Female,1,1968,2013,16,16,0,False,25.0,1.8
seq_train_001941,P1043106_720.mp4,train,Microsleep,Female,1,1992,2037,16,16,0,False,25.0,1.8
seq_train_001942,P1043106_720.mp4,train,Microsleep,Female,1,2016,2061,16,16,0,False,25.0,1.8
seq_train_001943,P1043106_720.mp4,train,Microsleep,Female,1,2040,2085,16,16,0,False,25.0,1.8
seq_train_001944,P1043106_720.mp4,train,Microsleep,Female,1,2064,2109,16,16,0,False,25.0,1.8
seq_train_001945,P1043106_720.mp4,train,Microsleep,Female,1,2088,2133,16,16,0,False,25.0,1.8
seq_train_001946,P1043106_720.mp4,train,Microsleep,Female,1,2112,2157,16,16,0,False,25.0,1.8
seq_train_001947,P1043106_720.mp4,train,Microsleep,Female,1,2136,2181,16,16,0,False,25.0,1.8
seq_train_001948,P1043106_720.mp4,train,Microsleep,Female,1,2160,2205,16,16,0,False,25.0,1.8
seq_train_001949,P1043106_720.mp4,train,Microsleep,Female,1,2184,2229,16,16,0,False,25.0,1.8
seq_train_001950,P1043106_720.mp4,train,Microsleep,Female,1,2208,2253,16,15,1,True,25.0,1.8
seq_train_001951,P1043106_720.mp4,train,Microsleep,Female,1,2232,2277,16,15,1,True,25.0,1.8
seq_train_001952,P1043106_720.mp4,train,Microsleep,Female,1,2256,2301,16,16,0,False,25.0,1.8
seq_train_001953,P1043106_720.mp4,train,Microsleep,Female,1,2280,2325,16,16,0,False,25.0,1.8
seq_train_001954,P1043106_720.mp4,train,Microsleep,Female,1,2304,2349,16,16,0,False,25.0,1.8
seq_train_001955,P1043106_720.mp4,train,Microsleep,Female,1,2328,2373,16,16,0,False,25.0,1.8
seq_train_001956,P1043106_720.mp4,train,Microsleep,Female,1,2352,2397,16,16,0,False,25.0,1.8
seq_train_001957,P1043106_720.mp4,train,Microsleep,Female,1,2376,2421,16,16,0,False,25.0,1.8
seq_train_001958,P1043106_720.mp4,train,Microsleep,Female,1,2400,2445,16,16,0,False,25.0,1.8
seq_train_001959,P1043106_720.mp4,train,Microsleep,Female,1,2424,2469,16,16,0,False,25.0,1.8
seq_train_001960,P1043106_720.mp4,train,Microsleep,Female,1,2448,2493,16,16,0,False,25.0,1.8
seq_train_001961,P1043106_720.mp4,train,Microsleep,Female,1,2472,2517,16,16,0,False,25.0,1.8
seq_train_001962,P1043106_720.mp4,train,Microsleep,Female,1,2496,2541,16,16,0,False,25.0,1.8
seq_train_001963,P1043106_720.mp4,train,Microsleep,Female,1,2520,2565,16,16,0,False,25.0,1.8
seq_train_001964,P1043106_720.mp4,train,Microsleep,Female,1,2544,2589,16,16,0,False,25.0,1.8
seq_train_001965,P1043106_720.mp4,train,Microsleep,Female,1,2568,2613,16,16,0,False,25.0,1.8
seq_train_001966,P1043106_720.mp4,train,Microsleep,Female,1,2592,2637,16,16,0,False,25.0,1.8
seq_train_001967,P1043106_720.mp4,train,Microsleep,Female,1,2616,2661,16,16,0,False,25.0,1.8
seq_train_001968,P1043106_720.mp4,train,Microsleep,Female,1,2640,2685,16,16,0,False,25.0,1.8
seq_train_001969,P1043106_720.mp4,train,Microsleep,Female,1,2664,2709,16,16,0,False,25.0,1.8
seq_train_001970,P1043106_720.mp4,train,Microsleep,Female,1,2688,2733,16,16,0,False,25.0,1.8
seq_train_001971,P1043106_720.mp4,train,Microsleep,Female,1,2712,2757,16,16,0,False,25.0,1.8
seq_train_001972,P1043106_720.mp4,train,Microsleep,Female,1,2736,2781,16,16,0,False,25.0,1.8
seq_train_001973,P1043106_720.mp4,train,Microsleep,Female,1,2760,2805,16,16,0,False,25.0,1.8
seq_train_001974,P1043106_720.mp4,train,Microsleep,Female,1,2784,2829,16,16,0,False,25.0,1.8
seq_train_001975,P1043106_720.mp4,train,Microsleep,Female,1,2808,2853,16,16,0,False,25.0,1.8
seq_train_001976,P1043106_720.mp4,train,Microsleep,Female,1,2832,2877,16,16,0,False,25.0,1.8
seq_train_001977,P1043106_720.mp4,train,Microsleep,Female,1,2856,2901,16,16,0,False,25.0,1.8
seq_train_001978,P1043106_720.mp4,train,Microsleep,Female,1,2880,2925,16,16,0,False,25.0,1.8
seq_train_001979,P1043106_720.mp4,train,Microsleep,Female,1,2904,2949,16,16,0,False,25.0,1.8
seq_train_001980,P1043106_720.mp4,train,Microsleep,Female,1,2928,2973,16,16,0,False,25.0,1.8
seq_train_001981,P1043106_720.mp4,train,Microsleep,Female,1,2952,2997,16,16,0,False,25.0,1.8
seq_train_001982,P1043106_720.mp4,train,Microsleep,Female,1,2976,3021,16,16,0,False,25.0,1.8
seq_train_001983,P1043106_720.mp4,train,Microsleep,Female,1,3000,3045,16,16,0,False,25.0,1.8
seq_train_001984,P1043106_720.mp4,train,Microsleep,Female,1,3024,3069,16,16,0,False,25.0,1.8
seq_train_001985,P1043106_720.mp4,train,Microsleep,Female,1,3048,3093,16,13,3,True,25.0,1.8
seq_train_001986,P1042789_720.mp4,train,Yawning,Female,1,0,45,16,15,1,True,25.0,1.8
seq_train_001987,P1042789_720.mp4,train,Yawning,Female,1,24,69,16,16,0,False,25.0,1.8
seq_train_001988,P1042789_720.mp4,train,Yawning,Female,1,48,93,16,16,0,False,25.0,1.8
seq_train_001989,P1042789_720.mp4,train,Yawning,Female,1,72,117,16,16,0,False,25.0,1.8
seq_train_001990,P1042789_720.mp4,train,Yawning,Female,1,96,141,16,16,0,False,25.0,1.8
seq_train_001991,P1042789_720.mp4,train,Yawning,Female,1,120,165,16,16,0,False,25.0,1.8
seq_train_001992,P1042789_720.mp4,train,Yawning,Female,1,144,189,16,16,0,False,25.0,1.8
seq_train_001993,P1042789_720.mp4,train,Yawning,Female,1,168,213,16,16,0,False,25.0,1.8
seq_train_001994,P1042789_720.mp4,train,Yawning,Female,1,192,237,16,16,0,False,25.0,1.8
seq_train_001995,P1042789_720.mp4,train,Yawning,Female,1,216,261,16,16,0,False,25.0,1.8
seq_train_001996,P1042789_720.mp4,train,Yawning,Female,1,240,285,16,16,0,False,25.0,1.8
seq_train_001997,P1042789_720.mp4,train,Yawning,Female,1,264,309,16,16,0,False,25.0,1.8
seq_train_001998,P1042789_720.mp4,train,Yawning,Female,1,288,333,16,16,0,False,25.0,1.8
seq_train_001999,P1042789_720.mp4,train,Yawning,Female,1,312,357,16,16,0,False,25.0,1.8
seq_train_002000,P1042789_720.mp4,train,Yawning,Female,1,336,381,16,16,0,False,25.0,1.8
seq_train_002001,P1042789_720.mp4,train,Yawning,Female,1,360,405,16,16,0,False,25.0,1.8
seq_train_002002,P1042789_720.mp4,train,Yawning,Female,1,384,429,16,15,1,True,25.0,1.8
seq_train_002003,P1042789_720.mp4,train,Yawning,Female,1,432,477,16,13,3,True,25.0,1.8
seq_train_002004,P1042789_720.mp4,train,Yawning,Female,1,456,501,16,16,0,False,25.0,1.8
seq_train_002005,P1042789_720.mp4,train,Yawning,Female,1,480,525,16,16,0,False,25.0,1.8
seq_train_002006,P1042789_720.mp4,train,Yawning,Female,1,504,549,16,16,0,False,25.0,1.8
seq_train_002007,P1042789_720.mp4,train,Yawning,Female,1,528,573,16,16,0,False,25.0,1.8
seq_train_002008,P1042789_720.mp4,train,Yawning,Female,1,552,597,16,16,0,False,25.0,1.8
seq_train_002009,P1042789_720.mp4,train,Yawning,Female,1,576,621,16,16,0,False,25.0,1.8
seq_train_002010,P1042789_720.mp4,train,Yawning,Female,1,600,645,16,16,0,False,25.0,1.8
seq_train_002011,P1042789_720.mp4,train,Yawning,Female,1,624,669,16,16,0,False,25.0,1.8
seq_train_002012,P1042789_720.mp4,train,Yawning,Female,1,648,693,16,16,0,False,25.0,1.8
seq_train_002013,P1042789_720.mp4,train,Yawning,Female,1,672,717,16,16,0,False,25.0,1.8
seq_train_002014,P1042789_720.mp4,train,Yawning,Female,1,696,741,16,16,0,False,25.0,1.8
seq_train_002015,P1042789_720.mp4,train,Yawning,Female,1,720,765,16,16,0,False,25.0,1.8
seq_train_002016,P1042789_720.mp4,train,Yawning,Female,1,744,789,16,16,0,False,25.0,1.8
seq_train_002017,P1042789_720.mp4,train,Yawning,Female,1,768,813,16,16,0,False,25.0,1.8
seq_train_002018,P1042789_720.mp4,train,Yawning,Female,1,792,837,16,16,0,False,25.0,1.8
seq_train_002019,P1042789_720.mp4,train,Yawning,Female,1,816,861,16,16,0,False,25.0,1.8
seq_train_002020,P1042789_720.mp4,train,Yawning,Female,1,840,885,16,16,0,False,25.0,1.8
seq_train_002021,P1042789_720.mp4,train,Yawning,Female,1,864,909,16,16,0,False,25.0,1.8
seq_train_002022,P1043132_720.mp4,train,Yawning,Female,1,0,45,16,16,0,False,25.0,1.8
seq_train_002023,P1043132_720.mp4,train,Yawning,Female,1,24,69,16,16,0,False,25.0,1.8
seq_train_002024,P1043132_720.mp4,train,Yawning,Female,1,48,93,16,16,0,False,25.0,1.8
seq_train_002025,P1043132_720.mp4,train,Yawning,Female,1,72,117,16,16,0,False,25.0,1.8
seq_train_002026,P1043132_720.mp4,train,Yawning,Female,1,96,141,16,16,0,False,25.0,1.8
seq_train_002027,P1043132_720.mp4,train,Yawning,Female,1,120,165,16,16,0,False,25.0,1.8
seq_train_002028,P1043132_720.mp4,train,Yawning,Female,1,144,189,16,16,0,False,25.0,1.8
seq_train_002029,P1043132_720.mp4,train,Yawning,Female,1,168,213,16,16,0,False,25.0,1.8
seq_train_002030,P1043132_720.mp4,train,Yawning,Female,1,192,237,16,16,0,False,25.0,1.8
seq_train_002031,P1043132_720.mp4,train,Yawning,Female,1,216,261,16,16,0,False,25.0,1.8
seq_train_002032,P1043132_720.mp4,train,Yawning,Female,1,240,285,16,16,0,False,25.0,1.8
seq_train_002033,P1043132_720.mp4,train,Yawning,Female,1,264,309,16,16,0,False,25.0,1.8
seq_train_002034,P1043132_720.mp4,train,Yawning,Female,1,288,333,16,16,0,False,25.0,1.8
seq_train_002035,P1043132_720.mp4,train,Yawning,Female,1,312,357,16,16,0,False,25.0,1.8
seq_train_002036,P1043132_720.mp4,train,Yawning,Female,1,336,381,16,16,0,False,25.0,1.8
seq_train_002037,P1043132_720.mp4,train,Yawning,Female,1,360,405,16,16,0,False,25.0,1.8
seq_train_002038,P1043132_720.mp4,train,Yawning,Female,1,384,429,16,16,0,False,25.0,1.8
seq_train_002039,P1043132_720.mp4,train,Yawning,Female,1,408,453,16,16,0,False,25.0,1.8
seq_train_002040,P1043132_720.mp4,train,Yawning,Female,1,432,477,16,16,0,False,25.0,1.8
seq_train_002041,P1043132_720.mp4,train,Yawning,Female,1,456,501,16,16,0,False,25.0,1.8
seq_train_002042,P1043132_720.mp4,train,Yawning,Female,1,480,525,16,16,0,False,25.0,1.8
seq_train_002043,P1043132_720.mp4,train,Yawning,Female,1,504,549,16,16,0,False,25.0,1.8
seq_train_002044,P1043132_720.mp4,train,Yawning,Female,1,528,573,16,16,0,False,25.0,1.8
seq_train_002045,P1043132_720.mp4,train,Yawning,Female,1,552,597,16,16,0,False,25.0,1.8
seq_train_002046,P1043132_720.mp4,train,Yawning,Female,1,576,621,16,16,0,False,25.0,1.8
seq_train_002047,P1043132_720.mp4,train,Yawning,Female,1,600,645,16,16,0,False,25.0,1.8
seq_train_002048,P1043132_720.mp4,train,Yawning,Female,1,624,669,16,16,0,False,25.0,1.8
seq_train_002049,P1043132_720.mp4,train,Yawning,Female,1,648,693,16,16,0,False,25.0,1.8
seq_train_002050,P1042784_720.mp4,train,Yawning,Male,1,96,141,16,14,2,True,25.0,1.8
seq_train_002051,P1042784_720.mp4,train,Yawning,Male,1,120,165,16,16,0,False,25.0,1.8
seq_train_002052,P1042784_720.mp4,train,Yawning,Male,1,144,189,16,16,0,False,25.0,1.8
seq_train_002053,P1042784_720.mp4,train,Yawning,Male,1,168,213,16,16,0,False,25.0,1.8
seq_train_002054,P1042784_720.mp4,train,Yawning,Male,1,192,237,16,16,0,False,25.0,1.8
seq_train_002055,P1042784_720.mp4,train,Yawning,Male,1,216,261,16,16,0,False,25.0,1.8
seq_train_002056,P1042784_720.mp4,train,Yawning,Male,1,240,285,16,16,0,False,25.0,1.8
seq_train_002057,P1042784_720.mp4,train,Yawning,Male,1,264,309,16,16,0,False,25.0,1.8
seq_train_002058,P1042784_720.mp4,train,Yawning,Male,1,288,333,16,16,0,False,25.0,1.8
seq_train_002059,P1042784_720.mp4,train,Yawning,Male,1,312,357,16,16,0,False,25.0,1.8
seq_train_002060,P1042784_720.mp4,train,Yawning,Male,1,336,381,16,16,0,False,25.0,1.8
seq_train_002061,P1042784_720.mp4,train,Yawning,Male,1,360,405,16,15,1,True,25.0,1.8
seq_train_002062,P1042784_720.mp4,train,Yawning,Male,1,384,429,16,14,2,True,25.0,1.8
seq_train_002063,P1042784_720.mp4,train,Yawning,Male,1,408,453,16,15,1,True,25.0,1.8
seq_train_002064,P1042784_720.mp4,train,Yawning,Male,1,432,477,16,16,0,False,25.0,1.8
seq_train_002065,P1042784_720.mp4,train,Yawning,Male,1,456,501,16,16,0,False,25.0,1.8
seq_train_002066,P1042784_720.mp4,train,Yawning,Male,1,480,525,16,16,0,False,25.0,1.8
seq_train_002067,P1042784_720.mp4,train,Yawning,Male,1,504,549,16,16,0,False,25.0,1.8
seq_train_002068,P1042784_720.mp4,train,Yawning,Male,1,528,573,16,16,0,False,25.0,1.8
seq_train_002069,P1042784_720.mp4,train,Yawning,Male,1,552,597,16,16,0,False,25.0,1.8
seq_train_002070,P1042784_720.mp4,train,Yawning,Male,1,576,621,16,16,0,False,25.0,1.8
seq_train_002071,P1042784_720.mp4,train,Yawning,Male,1,600,645,16,16,0,False,25.0,1.8
seq_train_002072,P1042784_720.mp4,train,Yawning,Male,1,624,669,16,16,0,False,25.0,1.8
seq_train_002073,P1042784_720.mp4,train,Yawning,Male,1,648,693,16,16,0,False,25.0,1.8
seq_train_002074,P1042784_720.mp4,train,Yawning,Male,1,672,717,16,16,0,False,25.0,1.8
seq_train_002075,P1042784_720.mp4,train,Yawning,Male,1,696,741,16,16,0,False,25.0,1.8
seq_train_002076,P1042784_720.mp4,train,Yawning,Male,1,720,765,16,16,0,False,25.0,1.8
seq_train_002077,P1042784_720.mp4,train,Yawning,Male,1,744,789,16,16,0,False,25.0,1.8
seq_train_002078,P1042784_720.mp4,train,Yawning,Male,1,768,813,16,16,0,False,25.0,1.8
seq_train_002079,P1042784_720.mp4,train,Yawning,Male,1,792,837,16,16,0,False,25.0,1.8
seq_train_002080,P1042784_720.mp4,train,Yawning,Male,1,816,861,16,16,0,False,25.0,1.8
seq_train_002081,P1042784_720.mp4,train,Yawning,Male,1,840,885,16,16,0,False,25.0,1.8
seq_train_002082,P1042784_720.mp4,train,Yawning,Male,1,864,909,16,16,0,False,25.0,1.8
seq_train_002083,P1042784_720.mp4,train,Yawning,Male,1,888,933,16,16,0,False,25.0,1.8
seq_train_002084,P1042784_720.mp4,train,Yawning,Male,1,912,957,16,16,0,False,25.0,1.8
seq_train_002085,P1042784_720.mp4,train,Yawning,Male,1,936,981,16,16,0,False,25.0,1.8
seq_train_002086,P1042784_720.mp4,train,Yawning,Male,1,960,1005,16,16,0,False,25.0,1.8
seq_train_002087,P1042784_720.mp4,train,Yawning,Male,1,984,1029,16,16,0,False,25.0,1.8
seq_train_002088,P1042784_720.mp4,train,Yawning,Male,1,1008,1053,16,16,0,False,25.0,1.8
seq_train_002089,P1042784_720.mp4,train,Yawning,Male,1,1032,1077,16,16,0,False,25.0,1.8
seq_train_002090,P1042784_720.mp4,train,Yawning,Male,1,1056,1101,16,16,0,False,25.0,1.8
seq_train_002091,P1042784_720.mp4,train,Yawning,Male,1,1080,1125,16,16,0,False,25.0,1.8
seq_train_002092,P1042784_720.mp4,train,Yawning,Male,1,1104,1149,16,16,0,False,25.0,1.8
seq_train_002093,P1042784_720.mp4,train,Yawning,Male,1,1128,1173,16,16,0,False,25.0,1.8
seq_train_002094,P1042784_720.mp4,train,Yawning,Male,1,1152,1197,16,16,0,False,25.0,1.8
seq_train_002095,P1042784_720.mp4,train,Yawning,Male,1,1176,1221,16,16,0,False,25.0,1.8
seq_train_002096,P1042784_720.mp4,train,Yawning,Male,1,1200,1245,16,16,0,False,25.0,1.8
seq_train_002097,P1042784_720.mp4,train,Yawning,Male,1,1224,1269,16,16,0,False,25.0,1.8
seq_train_002098,P1042784_720.mp4,train,Yawning,Male,1,1248,1293,16,16,0,False,25.0,1.8
seq_train_002099,P1042784_720.mp4,train,Yawning,Male,1,1272,1317,16,16,0,False,25.0,1.8
seq_train_002100,P1043087_720.mp4,train,Yawning,Female,1,0,45,16,16,0,False,25.0,1.8
seq_train_002101,P1043087_720.mp4,train,Yawning,Female,1,24,69,16,16,0,False,25.0,1.8
seq_train_002102,P1043087_720.mp4,train,Yawning,Female,1,48,93,16,16,0,False,25.0,1.8
seq_train_002103,P1043087_720.mp4,train,Yawning,Female,1,72,117,16,16,0,False,25.0,1.8
seq_train_002104,P1043087_720.mp4,train,Yawning,Female,1,96,141,16,16,0,False,25.0,1.8
seq_train_002105,P1043087_720.mp4,train,Yawning,Female,1,120,165,16,16,0,False,25.0,1.8
seq_train_002106,P1043087_720.mp4,train,Yawning,Female,1,144,189,16,16,0,False,25.0,1.8
seq_train_002107,P1043087_720.mp4,train,Yawning,Female,1,168,213,16,16,0,False,25.0,1.8
seq_train_002108,P1043087_720.mp4,train,Yawning,Female,1,192,237,16,16,0,False,25.0,1.8
seq_train_002109,P1043087_720.mp4,train,Yawning,Female,1,216,261,16,16,0,False,25.0,1.8
seq_train_002110,P1043087_720.mp4,train,Yawning,Female,1,240,285,16,16,0,False,25.0,1.8
seq_train_002111,P1043087_720.mp4,train,Yawning,Female,1,264,309,16,16,0,False,25.0,1.8
seq_train_002112,P1043087_720.mp4,train,Yawning,Female,1,288,333,16,16,0,False,25.0,1.8
seq_train_002113,P1043087_720.mp4,train,Yawning,Female,1,312,357,16,16,0,False,25.0,1.8
seq_train_002114,P1043087_720.mp4,train,Yawning,Female,1,336,381,16,16,0,False,25.0,1.8
seq_train_002115,P1043087_720.mp4,train,Yawning,Female,1,360,405,16,16,0,False,25.0,1.8
seq_train_002116,P1043087_720.mp4,train,Yawning,Female,1,384,429,16,16,0,False,25.0,1.8
seq_train_002117,P1043087_720.mp4,train,Yawning,Female,1,408,453,16,16,0,False,25.0,1.8
seq_train_002118,P1043087_720.mp4,train,Yawning,Female,1,432,477,16,16,0,False,25.0,1.8
seq_train_002119,P1043087_720.mp4,train,Yawning,Female,1,456,501,16,16,0,False,25.0,1.8
seq_train_002120,P1043087_720.mp4,train,Yawning,Female,1,480,525,16,16,0,False,25.0,1.8
seq_train_002121,P1043087_720.mp4,train,Yawning,Female,1,504,549,16,16,0,False,25.0,1.8
seq_train_002122,P1043102_720.mp4,train,Yawning,Female,1,0,45,16,16,0,False,25.0,1.8
seq_train_002123,P1043102_720.mp4,train,Yawning,Female,1,24,69,16,16,0,False,25.0,1.8
seq_train_002124,P1043102_720.mp4,train,Yawning,Female,1,48,93,16,16,0,False,25.0,1.8
seq_train_002125,P1043102_720.mp4,train,Yawning,Female,1,72,117,16,16,0,False,25.0,1.8
seq_train_002126,P1043102_720.mp4,train,Yawning,Female,1,96,141,16,16,0,False,25.0,1.8
seq_train_002127,P1043102_720.mp4,train,Yawning,Female,1,120,165,16,16,0,False,25.0,1.8
seq_train_002128,P1043102_720.mp4,train,Yawning,Female,1,144,189,16,16,0,False,25.0,1.8
seq_train_002129,P1043102_720.mp4,train,Yawning,Female,1,168,213,16,16,0,False,25.0,1.8
seq_train_002130,P1043102_720.mp4,train,Yawning,Female,1,192,237,16,16,0,False,25.0,1.8
seq_train_002131,P1043102_720.mp4,train,Yawning,Female,1,216,261,16,16,0,False,25.0,1.8
seq_train_002132,P1043102_720.mp4,train,Yawning,Female,1,240,285,16,16,0,False,25.0,1.8
seq_train_002133,P1043102_720.mp4,train,Yawning,Female,1,264,309,16,16,0,False,25.0,1.8
seq_train_002134,P1043102_720.mp4,train,Yawning,Female,1,288,333,16,16,0,False,25.0,1.8
seq_train_002135,P1043102_720.mp4,train,Yawning,Female,1,312,357,16,16,0,False,25.0,1.8
seq_train_002136,P1043102_720.mp4,train,Yawning,Female,1,336,381,16,16,0,False,25.0,1.8
seq_train_002137,P1043102_720.mp4,train,Yawning,Female,1,360,405,16,16,0,False,25.0,1.8
seq_train_002138,P1043102_720.mp4,train,Yawning,Female,1,384,429,16,16,0,False,25.0,1.8
seq_train_002139,P1043102_720.mp4,train,Yawning,Female,1,408,453,16,16,0,False,25.0,1.8
seq_train_002140,P1043102_720.mp4,train,Yawning,Female,1,432,477,16,16,0,False,25.0,1.8
seq_train_002141,P1043102_720.mp4,train,Yawning,Female,1,456,501,16,16,0,False,25.0,1.8
seq_train_002142,P1043102_720.mp4,train,Yawning,Female,1,480,525,16,16,0,False,25.0,1.8
seq_train_002143,P1043102_720.mp4,train,Yawning,Female,1,504,549,16,16,0,False,25.0,1.8
seq_train_002144,P1043102_720.mp4,train,Yawning,Female,1,528,573,16,16,0,False,25.0,1.8
seq_train_002145,P1043102_720.mp4,train,Yawning,Female,1,552,597,16,16,0,False,25.0,1.8
seq_train_002146,P1043102_720.mp4,train,Yawning,Female,1,576,621,16,16,0,False,25.0,1.8
seq_train_002147,P1043102_720.mp4,train,Yawning,Female,1,600,645,16,16,0,False,25.0,1.8
seq_train_002148,P1043102_720.mp4,train,Yawning,Female,1,624,669,16,16,0,False,25.0,1.8
seq_train_002149,P1042772_720.mp4,train,Microsleep,Male,1,0,45,16,16,0,False,25.0,1.8
seq_train_002150,P1042772_720.mp4,train,Microsleep,Male,1,24,69,16,16,0,False,25.0,1.8
seq_train_002151,P1042772_720.mp4,train,Microsleep,Male,1,48,93,16,16,0,False,25.0,1.8
seq_train_002152,P1042772_720.mp4,train,Microsleep,Male,1,72,117,16,16,0,False,25.0,1.8
seq_train_002153,P1042772_720.mp4,train,Microsleep,Male,1,96,141,16,16,0,False,25.0,1.8
seq_train_002154,P1042772_720.mp4,train,Microsleep,Male,1,120,165,16,16,0,False,25.0,1.8
seq_train_002155,P1042772_720.mp4,train,Microsleep,Male,1,144,189,16,16,0,False,25.0,1.8
seq_train_002156,P1042772_720.mp4,train,Microsleep,Male,1,168,213,16,15,1,True,25.0,1.8
seq_train_002157,P1042772_720.mp4,train,Microsleep,Male,1,240,285,16,16,0,False,25.0,1.8
seq_train_002158,P1042772_720.mp4,train,Microsleep,Male,1,264,309,16,16,0,False,25.0,1.8
seq_train_002159,P1042772_720.mp4,train,Microsleep,Male,1,288,333,16,16,0,False,25.0,1.8
seq_train_002160,P1042772_720.mp4,train,Microsleep,Male,1,312,357,16,16,0,False,25.0,1.8
seq_train_002161,P1042772_720.mp4,train,Microsleep,Male,1,336,381,16,16,0,False,25.0,1.8
seq_train_002162,P1042772_720.mp4,train,Microsleep,Male,1,360,405,16,16,0,False,25.0,1.8
seq_train_002163,P1042772_720.mp4,train,Microsleep,Male,1,384,429,16,16,0,False,25.0,1.8
seq_train_002164,P1042772_720.mp4,train,Microsleep,Male,1,408,453,16,16,0,False,25.0,1.8
seq_train_002165,P1042772_720.mp4,train,Microsleep,Male,1,432,477,16,16,0,False,25.0,1.8
seq_train_002166,P1042772_720.mp4,train,Microsleep,Male,1,456,501,16,16,0,False,25.0,1.8
seq_train_002167,P1042772_720.mp4,train,Microsleep,Male,1,480,525,16,16,0,False,25.0,1.8
seq_train_002168,P1042772_720.mp4,train,Microsleep,Male,1,504,549,16,16,0,False,25.0,1.8
seq_train_002169,P1042772_720.mp4,train,Microsleep,Male,1,528,573,16,16,0,False,25.0,1.8
seq_train_002170,P1042772_720.mp4,train,Microsleep,Male,1,552,597,16,16,0,False,25.0,1.8
seq_train_002171,P1042772_720.mp4,train,Microsleep,Male,1,576,621,16,16,0,False,25.0,1.8
seq_train_002172,P1042772_720.mp4,train,Microsleep,Male,1,600,645,16,16,0,False,25.0,1.8
seq_train_002173,P1042772_720.mp4,train,Microsleep,Male,1,624,669,16,16,0,False,25.0,1.8
seq_train_002174,P1042772_720.mp4,train,Microsleep,Male,1,648,693,16,16,0,False,25.0,1.8
seq_train_002175,P1042772_720.mp4,train,Microsleep,Male,1,672,717,16,13,3,True,25.0,1.8
seq_train_002176,P1042772_720.mp4,train,Microsleep,Male,1,720,765,16,13,3,True,25.0,1.8
seq_train_002177,P1042772_720.mp4,train,Microsleep,Male,1,744,789,16,16,0,False,25.0,1.8
seq_train_002178,P1042772_720.mp4,train,Microsleep,Male,1,768,813,16,15,1,True,25.0,1.8
seq_train_002179,P1042772_720.mp4,train,Microsleep,Male,1,816,861,16,13,3,True,25.0,1.8
seq_train_002180,P1042772_720.mp4,train,Microsleep,Male,1,840,885,16,16,0,False,25.0,1.8
seq_train_002181,P1042772_720.mp4,train,Microsleep,Male,1,864,909,16,16,0,False,25.0,1.8
seq_train_002182,P1042772_720.mp4,train,Microsleep,Male,1,888,933,16,16,0,False,25.0,1.8
seq_train_002183,P1042772_720.mp4,train,Microsleep,Male,1,912,957,16,16,0,False,25.0,1.8
seq_train_002184,P1042772_720.mp4,train,Microsleep,Male,1,936,981,16,16,0,False,25.0,1.8
seq_train_002185,P1042772_720.mp4,train,Microsleep,Male,1,960,1005,16,16,0,False,25.0,1.8
seq_train_002186,P1042772_720.mp4,train,Microsleep,Male,1,984,1029,16,16,0,False,25.0,1.8
seq_train_002187,P1042772_720.mp4,train,Microsleep,Male,1,1008,1053,16,16,0,False,25.0,1.8
seq_train_002188,P1042772_720.mp4,train,Microsleep,Male,1,1032,1077,16,16,0,False,25.0,1.8
seq_train_002189,P1042772_720.mp4,train,Microsleep,Male,1,1056,1101,16,16,0,False,25.0,1.8
seq_train_002190,P1042772_720.mp4,train,Microsleep,Male,1,1080,1125,16,16,0,False,25.0,1.8
seq_train_002191,P1042772_720.mp4,train,Microsleep,Male,1,1104,1149,16,16,0,False,25.0,1.8
seq_train_002192,P1042772_720.mp4,train,Microsleep,Male,1,1128,1173,16,16,0,False,25.0,1.8
seq_train_002193,P1042772_720.mp4,train,Microsleep,Male,1,1152,1197,16,16,0,False,25.0,1.8
seq_train_002194,P1042772_720.mp4,train,Microsleep,Male,1,1176,1221,16,16,0,False,25.0,1.8
seq_train_002195,P1042772_720.mp4,train,Microsleep,Male,1,1200,1245,16,16,0,False,25.0,1.8
seq_train_002196,P1042772_720.mp4,train,Microsleep,Male,1,1224,1269,16,16,0,False,25.0,1.8
seq_train_002197,P1042772_720.mp4,train,Microsleep,Male,1,1248,1293,16,16,0,False,25.0,1.8
seq_train_002198,P1042772_720.mp4,train,Microsleep,Male,1,1272,1317,16,16,0,False,25.0,1.8
seq_train_002199,P1042772_720.mp4,train,Microsleep,Male,1,1296,1341,16,16,0,False,25.0,1.8
seq_train_002200,P1042772_720.mp4,train,Microsleep,Male,1,1320,1365,16,16,0,False,25.0,1.8
seq_train_002201,P1042772_720.mp4,train,Microsleep,Male,1,1344,1389,16,16,0,False,25.0,1.8
seq_train_002202,P1042772_720.mp4,train,Microsleep,Male,1,1368,1413,16,16,0,False,25.0,1.8
seq_train_002203,P1042772_720.mp4,train,Microsleep,Male,1,1464,1509,16,16,0,False,25.0,1.8
seq_train_002204,P1042772_720.mp4,train,Microsleep,Male,1,1488,1533,16,16,0,False,25.0,1.8
seq_train_002205,P1042772_720.mp4,train,Microsleep,Male,1,1512,1557,16,16,0,False,25.0,1.8
seq_train_002206,P1042772_720.mp4,train,Microsleep,Male,1,1536,1581,16,16,0,False,25.0,1.8
seq_train_002207,P1042772_720.mp4,train,Microsleep,Male,1,1560,1605,16,16,0,False,25.0,1.8
seq_train_002208,P1042772_720.mp4,train,Microsleep,Male,1,1584,1629,16,16,0,False,25.0,1.8
seq_train_002209,P1042772_720.mp4,train,Microsleep,Male,1,1608,1653,16,16,0,False,25.0,1.8
seq_train_002210,P1042772_720.mp4,train,Microsleep,Male,1,1632,1677,16,14,2,True,25.0,1.8
seq_train_002211,P1042772_720.mp4,train,Microsleep,Male,1,1656,1701,16,14,2,True,25.0,1.8
seq_train_002212,P1042772_720.mp4,train,Microsleep,Male,1,1680,1725,16,16,0,False,25.0,1.8
seq_train_002213,P1042772_720.mp4,train,Microsleep,Male,1,1704,1749,16,16,0,False,25.0,1.8
seq_train_002214,P1042772_720.mp4,train,Microsleep,Male,1,1728,1773,16,16,0,False,25.0,1.8
seq_train_002215,P1042772_720.mp4,train,Microsleep,Male,1,1752,1797,16,16,0,False,25.0,1.8
seq_train_002216,P1042772_720.mp4,train,Microsleep,Male,1,1776,1821,16,16,0,False,25.0,1.8
seq_train_002217,P1042772_720.mp4,train,Microsleep,Male,1,1800,1845,16,16,0,False,25.0,1.8
seq_train_002218,P1042772_720.mp4,train,Microsleep,Male,1,1824,1869,16,16,0,False,25.0,1.8
seq_train_002219,P1042772_720.mp4,train,Microsleep,Male,1,1848,1893,16,16,0,False,25.0,1.8
seq_train_002220,P1042772_720.mp4,train,Microsleep,Male,1,1872,1917,16,16,0,False,25.0,1.8
seq_train_002221,P1042772_720.mp4,train,Microsleep,Male,1,1896,1941,16,16,0,False,25.0,1.8
seq_train_002222,P1042772_720.mp4,train,Microsleep,Male,1,1920,1965,16,16,0,False,25.0,1.8
seq_train_002223,P1042772_720.mp4,train,Microsleep,Male,1,1944,1989,16,16,0,False,25.0,1.8
seq_train_002224,P1042772_720.mp4,train,Microsleep,Male,1,1968,2013,16,16,0,False,25.0,1.8
seq_train_002225,P1042772_720.mp4,train,Microsleep,Male,1,1992,2037,16,16,0,False,25.0,1.8
seq_train_002226,P1042772_720.mp4,train,Microsleep,Male,1,2016,2061,16,16,0,False,25.0,1.8
seq_train_002227,P1042772_720.mp4,train,Microsleep,Male,1,2040,2085,16,16,0,False,25.0,1.8
seq_train_002228,P1042772_720.mp4,train,Microsleep,Male,1,2064,2109,16,16,0,False,25.0,1.8
seq_train_002229,P1042772_720.mp4,train,Microsleep,Male,1,2088,2133,16,16,0,False,25.0,1.8
seq_train_002230,P1042772_720.mp4,train,Microsleep,Male,1,2112,2157,16,16,0,False,25.0,1.8
seq_train_002231,P1042772_720.mp4,train,Microsleep,Male,1,2136,2181,16,16,0,False,25.0,1.8
seq_train_002232,P1042772_720.mp4,train,Microsleep,Male,1,2160,2205,16,16,0,False,25.0,1.8
seq_train_002233,P1042772_720.mp4,train,Microsleep,Male,1,2184,2229,16,16,0,False,25.0,1.8
seq_train_002234,P1042772_720.mp4,train,Microsleep,Male,1,2208,2253,16,16,0,False,25.0,1.8
seq_train_002235,P1042772_720.mp4,train,Microsleep,Male,1,2232,2277,16,16,0,False,25.0,1.8
seq_train_002236,P1042772_720.mp4,train,Microsleep,Male,1,2256,2301,16,16,0,False,25.0,1.8
seq_train_002237,P1042772_720.mp4,train,Microsleep,Male,1,2280,2325,16,16,0,False,25.0,1.8
seq_train_002238,P1042772_720.mp4,train,Microsleep,Male,1,2304,2349,16,16,0,False,25.0,1.8
seq_train_002239,P1042772_720.mp4,train,Microsleep,Male,1,2328,2373,16,16,0,False,25.0,1.8
seq_train_002240,P1042772_720.mp4,train,Microsleep,Male,1,2352,2397,16,16,0,False,25.0,1.8
seq_train_002241,P1042772_720.mp4,train,Microsleep,Male,1,2376,2421,16,16,0,False,25.0,1.8
seq_train_002242,P1042772_720.mp4,train,Microsleep,Male,1,2400,2445,16,16,0,False,25.0,1.8
seq_train_002243,P1042772_720.mp4,train,Microsleep,Male,1,2424,2469,16,16,0,False,25.0,1.8
seq_train_002244,P1042772_720.mp4,train,Microsleep,Male,1,2448,2493,16,16,0,False,25.0,1.8
seq_train_002245,P1042772_720.mp4,train,Microsleep,Male,1,2472,2517,16,16,0,False,25.0,1.8
seq_train_002246,P1042772_720.mp4,train,Microsleep,Male,1,2496,2541,16,16,0,False,25.0,1.8
seq_train_002247,P1042772_720.mp4,train,Microsleep,Male,1,2520,2565,16,16,0,False,25.0,1.8
seq_train_002248,P1042772_720.mp4,train,Microsleep,Male,1,2544,2589,16,16,0,False,25.0,1.8
seq_train_002249,P1042772_720.mp4,train,Microsleep,Male,1,2568,2613,16,16,0,False,25.0,1.8
seq_train_002250,P1042772_720.mp4,train,Microsleep,Male,1,2592,2637,16,16,0,False,25.0,1.8
seq_train_002251,P1042772_720.mp4,train,Microsleep,Male,1,2616,2661,16,16,0,False,25.0,1.8
seq_train_002252,P1042772_720.mp4,train,Microsleep,Male,1,2640,2685,16,16,0,False,25.0,1.8
seq_train_002253,P1042772_720.mp4,train,Microsleep,Male,1,2664,2709,16,16,0,False,25.0,1.8
seq_train_002254,P1042772_720.mp4,train,Microsleep,Male,1,2688,2733,16,16,0,False,25.0,1.8
seq_train_002255,P1042772_720.mp4,train,Microsleep,Male,1,2712,2757,16,16,0,False,25.0,1.8
seq_train_002256,P1042772_720.mp4,train,Microsleep,Male,1,2736,2781,16,16,0,False,25.0,1.8
seq_train_002257,P1042772_720.mp4,train,Microsleep,Male,1,2760,2805,16,16,0,False,25.0,1.8
seq_train_002258,P1042772_720.mp4,train,Microsleep,Male,1,2784,2829,16,16,0,False,25.0,1.8
seq_train_002259,P1042772_720.mp4,train,Microsleep,Male,1,2808,2853,16,15,1,True,25.0,1.8
seq_train_002260,P1042772_720.mp4,train,Microsleep,Male,1,2832,2877,16,15,1,True,25.0,1.8
seq_train_002261,P1042772_720.mp4,train,Microsleep,Male,1,2856,2901,16,16,0,False,25.0,1.8
seq_train_002262,P1042772_720.mp4,train,Microsleep,Male,1,2880,2925,16,16,0,False,25.0,1.8
seq_train_002263,P1042772_720.mp4,train,Microsleep,Male,1,2904,2949,16,16,0,False,25.0,1.8
seq_train_002264,P1042772_720.mp4,train,Microsleep,Male,1,2928,2973,16,16,0,False,25.0,1.8
seq_train_002265,P1042772_720.mp4,train,Microsleep,Male,1,2952,2997,16,16,0,False,25.0,1.8
seq_train_002266,P1042772_720.mp4,train,Microsleep,Male,1,2976,3021,16,16,0,False,25.0,1.8
seq_train_002267,P1042772_720.mp4,train,Microsleep,Male,1,3000,3045,16,16,0,False,25.0,1.8
seq_train_002268,P1042772_720.mp4,train,Microsleep,Male,1,3024,3069,16,16,0,False,25.0,1.8
seq_train_002269,P1042772_720.mp4,train,Microsleep,Male,1,3048,3093,16,16,0,False,25.0,1.8
seq_train_002270,P1043063_720.mp4,train,Yawning,Female,1,0,45,16,16,0,False,25.0,1.8
seq_train_002271,P1043063_720.mp4,train,Yawning,Female,1,24,69,16,16,0,False,25.0,1.8
seq_train_002272,P1043063_720.mp4,train,Yawning,Female,1,48,93,16,16,0,False,25.0,1.8
seq_train_002273,P1043063_720.mp4,train,Yawning,Female,1,72,117,16,16,0,False,25.0,1.8
seq_train_002274,P1043063_720.mp4,train,Yawning,Female,1,96,141,16,16,0,False,25.0,1.8
seq_train_002275,P1043063_720.mp4,train,Yawning,Female,1,120,165,16,16,0,False,25.0,1.8
seq_train_002276,P1043063_720.mp4,train,Yawning,Female,1,144,189,16,16,0,False,25.0,1.8
seq_train_002277,P1043063_720.mp4,train,Yawning,Female,1,168,213,16,16,0,False,25.0,1.8
seq_train_002278,P1043063_720.mp4,train,Yawning,Female,1,192,237,16,16,0,False,25.0,1.8
seq_train_002279,P1043063_720.mp4,train,Yawning,Female,1,216,261,16,16,0,False,25.0,1.8
seq_train_002280,P1043063_720.mp4,train,Yawning,Female,1,240,285,16,16,0,False,25.0,1.8
seq_train_002281,P1043063_720.mp4,train,Yawning,Female,1,264,309,16,16,0,False,25.0,1.8
seq_train_002282,P1043063_720.mp4,train,Yawning,Female,1,288,333,16,16,0,False,25.0,1.8
seq_train_002283,P1043063_720.mp4,train,Yawning,Female,1,312,357,16,16,0,False,25.0,1.8
seq_train_002284,P1043063_720.mp4,train,Yawning,Female,1,336,381,16,16,0,False,25.0,1.8
seq_train_002285,P1043063_720.mp4,train,Yawning,Female,1,360,405,16,16,0,False,25.0,1.8
seq_train_002286,P1043063_720.mp4,train,Yawning,Female,1,384,429,16,16,0,False,25.0,1.8
seq_train_002287,P1043063_720.mp4,train,Yawning,Female,1,408,453,16,16,0,False,25.0,1.8
seq_train_002288,P1043063_720.mp4,train,Yawning,Female,1,432,477,16,16,0,False,25.0,1.8
seq_train_002289,P1043063_720.mp4,train,Yawning,Female,1,456,501,16,16,0,False,25.0,1.8
seq_train_002290,P1043063_720.mp4,train,Yawning,Female,1,480,525,16,16,0,False,25.0,1.8
seq_train_002291,P1043063_720.mp4,train,Yawning,Female,1,504,549,16,16,0,False,25.0,1.8
seq_train_002292,P1043063_720.mp4,train,Yawning,Female,1,528,573,16,16,0,False,25.0,1.8
seq_train_002293,P1043063_720.mp4,train,Yawning,Female,1,552,597,16,16,0,False,25.0,1.8
seq_train_002294,P1043063_720.mp4,train,Yawning,Female,1,576,621,16,16,0,False,25.0,1.8
seq_train_002295,P1043063_720.mp4,train,Yawning,Female,1,600,645,16,16,0,False,25.0,1.8
seq_train_002296,P1043063_720.mp4,train,Yawning,Female,1,624,669,16,16,0,False,25.0,1.8
seq_train_002297,P1043063_720.mp4,train,Yawning,Female,1,648,693,16,16,0,False,25.0,1.8
seq_train_002298,P1042754_720.mp4,train,Yawning,Male,1,0,45,16,16,0,False,25.0,1.8
seq_train_002299,P1042754_720.mp4,train,Yawning,Male,1,24,69,16,16,0,False,25.0,1.8
seq_train_002300,P1042754_720.mp4,train,Yawning,Male,1,48,93,16,14,2,True,25.0,1.8
seq_train_002301,P1042754_720.mp4,train,Yawning,Male,1,96,141,16,14,2,True,25.0,1.8
seq_train_002302,P1042754_720.mp4,train,Yawning,Male,1,120,165,16,16,0,False,25.0,1.8
seq_train_002303,P1042754_720.mp4,train,Yawning,Male,1,144,189,16,16,0,False,25.0,1.8
seq_train_002304,P1042754_720.mp4,train,Yawning,Male,1,168,213,16,16,0,False,25.0,1.8
seq_train_002305,P1042754_720.mp4,train,Yawning,Male,1,192,237,16,16,0,False,25.0,1.8
seq_train_002306,P1042754_720.mp4,train,Yawning,Male,1,216,261,16,16,0,False,25.0,1.8
seq_train_002307,P1042754_720.mp4,train,Yawning,Male,1,240,285,16,16,0,False,25.0,1.8
seq_train_002308,P1042754_720.mp4,train,Yawning,Male,1,264,309,16,16,0,False,25.0,1.8
seq_train_002309,P1042754_720.mp4,train,Yawning,Male,1,288,333,16,16,0,False,25.0,1.8
seq_train_002310,P1042754_720.mp4,train,Yawning,Male,1,312,357,16,16,0,False,25.0,1.8
seq_train_002311,P1042754_720.mp4,train,Yawning,Male,1,336,381,16,16,0,False,25.0,1.8
seq_train_002312,P1042754_720.mp4,train,Yawning,Male,1,360,405,16,16,0,False,25.0,1.8
seq_train_002313,P1042754_720.mp4,train,Yawning,Male,1,384,429,16,16,0,False,25.0,1.8
seq_train_002314,P1042754_720.mp4,train,Yawning,Male,1,408,453,16,16,0,False,25.0,1.8
seq_train_002315,P1042754_720.mp4,train,Yawning,Male,1,432,477,16,16,0,False,25.0,1.8
seq_train_002316,P1042754_720.mp4,train,Yawning,Male,1,456,501,16,16,0,False,25.0,1.8
seq_train_002317,P1042754_720.mp4,train,Yawning,Male,1,480,525,16,16,0,False,25.0,1.8
seq_train_002318,P1042754_720.mp4,train,Yawning,Male,1,504,549,16,16,0,False,25.0,1.8
seq_train_002319,P1042754_720.mp4,train,Yawning,Male,1,528,573,16,15,1,True,25.0,1.8
seq_train_002320,P1042754_720.mp4,train,Yawning,Male,1,552,597,16,15,1,True,25.0,1.8
seq_train_002321,P1042754_720.mp4,train,Yawning,Male,1,576,621,16,16,0,False,25.0,1.8
seq_train_002322,P1042754_720.mp4,train,Yawning,Male,1,600,645,16,16,0,False,25.0,1.8
seq_train_002323,P1042754_720.mp4,train,Yawning,Male,1,624,669,16,16,0,False,25.0,1.8
seq_train_002324,P1042754_720.mp4,train,Yawning,Male,1,648,693,16,16,0,False,25.0,1.8
seq_train_002325,P1042754_720.mp4,train,Yawning,Male,1,672,717,16,16,0,False,25.0,1.8
seq_train_002326,P1042754_720.mp4,train,Yawning,Male,1,696,741,16,16,0,False,25.0,1.8
seq_train_002327,P1042754_720.mp4,train,Yawning,Male,1,720,765,16,16,0,False,25.0,1.8
seq_train_002328,P1042754_720.mp4,train,Yawning,Male,1,744,789,16,16,0,False,25.0,1.8
seq_train_002329,P1042754_720.mp4,train,Yawning,Male,1,768,813,16,16,0,False,25.0,1.8
seq_train_002330,P1042754_720.mp4,train,Yawning,Male,1,792,837,16,16,0,False,25.0,1.8
seq_train_002331,P1042754_720.mp4,train,Yawning,Male,1,816,861,16,16,0,False,25.0,1.8
seq_train_002332,P1042754_720.mp4,train,Yawning,Male,1,840,885,16,16,0,False,25.0,1.8
seq_train_002333,P1042754_720.mp4,train,Yawning,Male,1,864,909,16,16,0,False,25.0,1.8
seq_train_002334,P1042754_720.mp4,train,Yawning,Male,1,888,933,16,16,0,False,25.0,1.8
seq_train_002335,P1042754_720.mp4,train,Yawning,Male,1,912,957,16,16,0,False,25.0,1.8
seq_train_002336,P1042754_720.mp4,train,Yawning,Male,1,936,981,16,16,0,False,25.0,1.8
seq_train_002337,P1042754_720.mp4,train,Yawning,Male,1,960,1005,16,16,0,False,25.0,1.8
seq_train_002338,P1042754_720.mp4,train,Yawning,Male,1,984,1029,16,16,0,False,25.0,1.8
seq_train_002339,P1042754_720.mp4,train,Yawning,Male,1,1008,1053,16,16,0,False,25.0,1.8
seq_train_002340,P1042754_720.mp4,train,Yawning,Male,1,1032,1077,16,16,0,False,25.0,1.8
seq_train_002341,P1042754_720.mp4,train,Yawning,Male,1,1056,1101,16,16,0,False,25.0,1.8
seq_train_002342,P1042754_720.mp4,train,Yawning,Male,1,1080,1125,16,16,0,False,25.0,1.8
seq_train_002343,P1042754_720.mp4,train,Yawning,Male,1,1104,1149,16,16,0,False,25.0,1.8
seq_train_002344,P1042764_720.mp4,train,Yawning,Male,1,0,45,16,16,0,False,25.0,1.8
seq_train_002345,P1042764_720.mp4,train,Yawning,Male,1,24,69,16,16,0,False,25.0,1.8
seq_train_002346,P1042764_720.mp4,train,Yawning,Male,1,48,93,16,16,0,False,25.0,1.8
seq_train_002347,P1042764_720.mp4,train,Yawning,Male,1,72,117,16,16,0,False,25.0,1.8
seq_train_002348,P1042764_720.mp4,train,Yawning,Male,1,96,141,16,16,0,False,25.0,1.8
seq_train_002349,P1042764_720.mp4,train,Yawning,Male,1,120,165,16,16,0,False,25.0,1.8
seq_train_002350,P1042764_720.mp4,train,Yawning,Male,1,144,189,16,16,0,False,25.0,1.8
seq_train_002351,P1042764_720.mp4,train,Yawning,Male,1,168,213,16,16,0,False,25.0,1.8
seq_train_002352,P1042764_720.mp4,train,Yawning,Male,1,192,237,16,16,0,False,25.0,1.8
seq_train_002353,P1042764_720.mp4,train,Yawning,Male,1,216,261,16,16,0,False,25.0,1.8
seq_train_002354,P1042764_720.mp4,train,Yawning,Male,1,240,285,16,16,0,False,25.0,1.8
seq_train_002355,P1042764_720.mp4,train,Yawning,Male,1,264,309,16,16,0,False,25.0,1.8
seq_train_002356,P1042764_720.mp4,train,Yawning,Male,1,288,333,16,16,0,False,25.0,1.8
seq_train_002357,P1042764_720.mp4,train,Yawning,Male,1,312,357,16,16,0,False,25.0,1.8
seq_train_002358,P1042764_720.mp4,train,Yawning,Male,1,336,381,16,16,0,False,25.0,1.8
seq_train_002359,P1042764_720.mp4,train,Yawning,Male,1,360,405,16,16,0,False,25.0,1.8
seq_train_002360,P1042764_720.mp4,train,Yawning,Male,1,384,429,16,16,0,False,25.0,1.8
seq_train_002361,P1042764_720.mp4,train,Yawning,Male,1,408,453,16,16,0,False,25.0,1.8
seq_train_002362,P1042764_720.mp4,train,Yawning,Male,1,432,477,16,16,0,False,25.0,1.8
seq_train_002363,P1042764_720.mp4,train,Yawning,Male,1,456,501,16,16,0,False,25.0,1.8
seq_train_002364,P1042764_720.mp4,train,Yawning,Male,1,480,525,16,16,0,False,25.0,1.8
seq_train_002365,P1042764_720.mp4,train,Yawning,Male,1,504,549,16,16,0,False,25.0,1.8
seq_train_002366,P1042764_720.mp4,train,Yawning,Male,1,528,573,16,16,0,False,25.0,1.8
seq_train_002367,P1042764_720.mp4,train,Yawning,Male,1,552,597,16,16,0,False,25.0,1.8
seq_train_002368,P1042764_720.mp4,train,Yawning,Male,1,576,621,16,16,0,False,25.0,1.8
seq_train_002369,P1042764_720.mp4,train,Yawning,Male,1,600,645,16,16,0,False,25.0,1.8
seq_train_002370,P1042764_720.mp4,train,Yawning,Male,1,624,669,16,16,0,False,25.0,1.8
seq_train_002371,P1042764_720.mp4,train,Yawning,Male,1,648,693,16,16,0,False,25.0,1.8
seq_train_002372,P1042764_720.mp4,train,Yawning,Male,1,672,717,16,16,0,False,25.0,1.8
seq_train_002373,P1042764_720.mp4,train,Yawning,Male,1,696,741,16,16,0,False,25.0,1.8
seq_train_002374,P1042764_720.mp4,train,Yawning,Male,1,720,765,16,16,0,False,25.0,1.8
seq_train_002375,P1042764_720.mp4,train,Yawning,Male,1,744,789,16,16,0,False,25.0,1.8
seq_train_002376,P1042764_720.mp4,train,Yawning,Male,1,768,813,16,16,0,False,25.0,1.8
seq_train_002377,P1042764_720.mp4,train,Yawning,Male,1,792,837,16,16,0,False,25.0,1.8
seq_train_002378,P1042764_720.mp4,train,Yawning,Male,1,816,861,16,16,0,False,25.0,1.8
seq_train_002379,P1043116_720.mp4,train,Yawning,Female,1,0,45,16,16,0,False,25.0,1.8
seq_train_002380,P1043116_720.mp4,train,Yawning,Female,1,24,69,16,16,0,False,25.0,1.8
seq_train_002381,P1043116_720.mp4,train,Yawning,Female,1,48,93,16,16,0,False,25.0,1.8
seq_train_002382,P1043116_720.mp4,train,Yawning,Female,1,72,117,16,16,0,False,25.0,1.8
seq_train_002383,P1043116_720.mp4,train,Yawning,Female,1,96,141,16,16,0,False,25.0,1.8
seq_train_002384,P1043116_720.mp4,train,Yawning,Female,1,120,165,16,16,0,False,25.0,1.8
seq_train_002385,P1043116_720.mp4,train,Yawning,Female,1,144,189,16,16,0,False,25.0,1.8
seq_train_002386,P1043116_720.mp4,train,Yawning,Female,1,168,213,16,16,0,False,25.0,1.8
seq_train_002387,P1043116_720.mp4,train,Yawning,Female,1,192,237,16,16,0,False,25.0,1.8
seq_train_002388,P1043116_720.mp4,train,Yawning,Female,1,216,261,16,16,0,False,25.0,1.8
seq_train_002389,P1043116_720.mp4,train,Yawning,Female,1,240,285,16,16,0,False,25.0,1.8
seq_train_002390,P1043116_720.mp4,train,Yawning,Female,1,264,309,16,16,0,False,25.0,1.8
seq_train_002391,P1043116_720.mp4,train,Yawning,Female,1,288,333,16,16,0,False,25.0,1.8
seq_train_002392,P1043116_720.mp4,train,Yawning,Female,1,312,357,16,16,0,False,25.0,1.8
seq_train_002393,P1043116_720.mp4,train,Yawning,Female,1,336,381,16,16,0,False,25.0,1.8
seq_train_002394,P1043116_720.mp4,train,Yawning,Female,1,360,405,16,16,0,False,25.0,1.8
seq_train_002395,P1043116_720.mp4,train,Yawning,Female,1,384,429,16,16,0,False,25.0,1.8
seq_train_002396,P1043116_720.mp4,train,Yawning,Female,1,408,453,16,16,0,False,25.0,1.8
seq_train_002397,P1043116_720.mp4,train,Yawning,Female,1,432,477,16,16,0,False,25.0,1.8
seq_train_002398,P1043116_720.mp4,train,Yawning,Female,1,456,501,16,16,0,False,25.0,1.8
seq_train_002399,P1042757_720.mp4,train,Microsleep,Male,1,0,45,16,16,0,False,25.0,1.8
seq_train_002400,P1042757_720.mp4,train,Microsleep,Male,1,24,69,16,16,0,False,25.0,1.8
seq_train_002401,P1042757_720.mp4,train,Microsleep,Male,1,48,93,16,16,0,False,25.0,1.8
seq_train_002402,P1042757_720.mp4,train,Microsleep,Male,1,72,117,16,16,0,False,25.0,1.8
seq_train_002403,P1042757_720.mp4,train,Microsleep,Male,1,96,141,16,16,0,False,25.0,1.8
seq_train_002404,P1042757_720.mp4,train,Microsleep,Male,1,120,165,16,16,0,False,25.0,1.8
seq_train_002405,P1042757_720.mp4,train,Microsleep,Male,1,144,189,16,16,0,False,25.0,1.8
seq_train_002406,P1042757_720.mp4,train,Microsleep,Male,1,168,213,16,16,0,False,25.0,1.8
seq_train_002407,P1042757_720.mp4,train,Microsleep,Male,1,192,237,16,16,0,False,25.0,1.8
seq_train_002408,P1042757_720.mp4,train,Microsleep,Male,1,216,261,16,16,0,False,25.0,1.8
seq_train_002409,P1042757_720.mp4,train,Microsleep,Male,1,240,285,16,16,0,False,25.0,1.8
seq_train_002410,P1042757_720.mp4,train,Microsleep,Male,1,264,309,16,16,0,False,25.0,1.8
seq_train_002411,P1042757_720.mp4,train,Microsleep,Male,1,288,333,16,16,0,False,25.0,1.8
seq_train_002412,P1042757_720.mp4,train,Microsleep,Male,1,312,357,16,16,0,False,25.0,1.8
seq_train_002413,P1042757_720.mp4,train,Microsleep,Male,1,336,381,16,16,0,False,25.0,1.8
seq_train_002414,P1042757_720.mp4,train,Microsleep,Male,1,360,405,16,16,0,False,25.0,1.8
seq_train_002415,P1042757_720.mp4,train,Microsleep,Male,1,384,429,16,16,0,False,25.0,1.8
seq_train_002416,P1042757_720.mp4,train,Microsleep,Male,1,408,453,16,16,0,False,25.0,1.8
seq_train_002417,P1042757_720.mp4,train,Microsleep,Male,1,432,477,16,16,0,False,25.0,1.8
seq_train_002418,P1042757_720.mp4,train,Microsleep,Male,1,456,501,16,16,0,False,25.0,1.8
seq_train_002419,P1042757_720.mp4,train,Microsleep,Male,1,480,525,16,16,0,False,25.0,1.8
seq_train_002420,P1042757_720.mp4,train,Microsleep,Male,1,504,549,16,16,0,False,25.0,1.8
seq_train_002421,P1042757_720.mp4,train,Microsleep,Male,1,528,573,16,16,0,False,25.0,1.8
seq_train_002422,P1042757_720.mp4,train,Microsleep,Male,1,552,597,16,16,0,False,25.0,1.8
seq_train_002423,P1042757_720.mp4,train,Microsleep,Male,1,576,621,16,16,0,False,25.0,1.8
seq_train_002424,P1042757_720.mp4,train,Microsleep,Male,1,600,645,16,16,0,False,25.0,1.8
seq_train_002425,P1042757_720.mp4,train,Microsleep,Male,1,624,669,16,16,0,False,25.0,1.8
seq_train_002426,P1042757_720.mp4,train,Microsleep,Male,1,648,693,16,16,0,False,25.0,1.8
seq_train_002427,P1042757_720.mp4,train,Microsleep,Male,1,672,717,16,16,0,False,25.0,1.8
seq_train_002428,P1042757_720.mp4,train,Microsleep,Male,1,696,741,16,16,0,False,25.0,1.8
seq_train_002429,P1042757_720.mp4,train,Microsleep,Male,1,720,765,16,16,0,False,25.0,1.8
seq_train_002430,P1042757_720.mp4,train,Microsleep,Male,1,744,789,16,16,0,False,25.0,1.8
seq_train_002431,P1042757_720.mp4,train,Microsleep,Male,1,768,813,16,16,0,False,25.0,1.8
seq_train_002432,P1042757_720.mp4,train,Microsleep,Male,1,792,837,16,16,0,False,25.0,1.8
seq_train_002433,P1042757_720.mp4,train,Microsleep,Male,1,816,861,16,16,0,False,25.0,1.8
seq_train_002434,P1042757_720.mp4,train,Microsleep,Male,1,840,885,16,16,0,False,25.0,1.8
seq_train_002435,P1042757_720.mp4,train,Microsleep,Male,1,864,909,16,16,0,False,25.0,1.8
seq_train_002436,P1042757_720.mp4,train,Microsleep,Male,1,888,933,16,16,0,False,25.0,1.8
seq_train_002437,P1042757_720.mp4,train,Microsleep,Male,1,912,957,16,16,0,False,25.0,1.8
seq_train_002438,P1042757_720.mp4,train,Microsleep,Male,1,936,981,16,16,0,False,25.0,1.8
seq_train_002439,P1042757_720.mp4,train,Microsleep,Male,1,960,1005,16,16,0,False,25.0,1.8
seq_train_002440,P1042757_720.mp4,train,Microsleep,Male,1,984,1029,16,16,0,False,25.0,1.8
seq_train_002441,P1042757_720.mp4,train,Microsleep,Male,1,1008,1053,16,16,0,False,25.0,1.8
seq_train_002442,P1042757_720.mp4,train,Microsleep,Male,1,1032,1077,16,16,0,False,25.0,1.8
seq_train_002443,P1042757_720.mp4,train,Microsleep,Male,1,1056,1101,16,16,0,False,25.0,1.8
seq_train_002444,P1042757_720.mp4,train,Microsleep,Male,1,1080,1125,16,16,0,False,25.0,1.8
seq_train_002445,P1042757_720.mp4,train,Microsleep,Male,1,1104,1149,16,16,0,False,25.0,1.8
seq_train_002446,P1042757_720.mp4,train,Microsleep,Male,1,1128,1173,16,16,0,False,25.0,1.8
seq_train_002447,P1042757_720.mp4,train,Microsleep,Male,1,1152,1197,16,16,0,False,25.0,1.8
seq_train_002448,P1042757_720.mp4,train,Microsleep,Male,1,1176,1221,16,16,0,False,25.0,1.8
seq_train_002449,P1042757_720.mp4,train,Microsleep,Male,1,1200,1245,16,16,0,False,25.0,1.8
seq_train_002450,P1042757_720.mp4,train,Microsleep,Male,1,1224,1269,16,16,0,False,25.0,1.8
seq_train_002451,P1042757_720.mp4,train,Microsleep,Male,1,1248,1293,16,16,0,False,25.0,1.8
seq_train_002452,P1042757_720.mp4,train,Microsleep,Male,1,1272,1317,16,16,0,False,25.0,1.8
seq_train_002453,P1042757_720.mp4,train,Microsleep,Male,1,1296,1341,16,16,0,False,25.0,1.8
seq_train_002454,P1042757_720.mp4,train,Microsleep,Male,1,1320,1365,16,16,0,False,25.0,1.8
seq_train_002455,P1042757_720.mp4,train,Microsleep,Male,1,1344,1389,16,16,0,False,25.0,1.8
seq_train_002456,P1042757_720.mp4,train,Microsleep,Male,1,1368,1413,16,16,0,False,25.0,1.8
seq_train_002457,P1042757_720.mp4,train,Microsleep,Male,1,1392,1437,16,16,0,False,25.0,1.8
seq_train_002458,P1042757_720.mp4,train,Microsleep,Male,1,1416,1461,16,16,0,False,25.0,1.8
seq_train_002459,P1042757_720.mp4,train,Microsleep,Male,1,1440,1485,16,16,0,False,25.0,1.8
seq_train_002460,P1042757_720.mp4,train,Microsleep,Male,1,1464,1509,16,16,0,False,25.0,1.8
seq_train_002461,P1042757_720.mp4,train,Microsleep,Male,1,1488,1533,16,16,0,False,25.0,1.8
seq_train_002462,P1042757_720.mp4,train,Microsleep,Male,1,1512,1557,16,16,0,False,25.0,1.8
seq_train_002463,P1042757_720.mp4,train,Microsleep,Male,1,1536,1581,16,16,0,False,25.0,1.8
seq_train_002464,P1042757_720.mp4,train,Microsleep,Male,1,1560,1605,16,16,0,False,25.0,1.8
seq_train_002465,P1042757_720.mp4,train,Microsleep,Male,1,1584,1629,16,16,0,False,25.0,1.8
seq_train_002466,P1042757_720.mp4,train,Microsleep,Male,1,1608,1653,16,16,0,False,25.0,1.8
seq_train_002467,P1042757_720.mp4,train,Microsleep,Male,1,1632,1677,16,16,0,False,25.0,1.8
seq_train_002468,P1042757_720.mp4,train,Microsleep,Male,1,1656,1701,16,16,0,False,25.0,1.8
seq_train_002469,P1042757_720.mp4,train,Microsleep,Male,1,1680,1725,16,16,0,False,25.0,1.8
seq_train_002470,P1042757_720.mp4,train,Microsleep,Male,1,1704,1749,16,16,0,False,25.0,1.8
seq_train_002471,P1042757_720.mp4,train,Microsleep,Male,1,1728,1773,16,16,0,False,25.0,1.8
seq_train_002472,P1042757_720.mp4,train,Microsleep,Male,1,1752,1797,16,16,0,False,25.0,1.8
seq_train_002473,P1042757_720.mp4,train,Microsleep,Male,1,1776,1821,16,16,0,False,25.0,1.8
seq_train_002474,P1042757_720.mp4,train,Microsleep,Male,1,1800,1845,16,16,0,False,25.0,1.8
seq_train_002475,P1042757_720.mp4,train,Microsleep,Male,1,1824,1869,16,16,0,False,25.0,1.8
seq_train_002476,P1042757_720.mp4,train,Microsleep,Male,1,1848,1893,16,16,0,False,25.0,1.8
seq_train_002477,P1042757_720.mp4,train,Microsleep,Male,1,1872,1917,16,16,0,False,25.0,1.8
seq_train_002478,P1042757_720.mp4,train,Microsleep,Male,1,1896,1941,16,16,0,False,25.0,1.8
seq_train_002479,P1042757_720.mp4,train,Microsleep,Male,1,1920,1965,16,16,0,False,25.0,1.8
seq_train_002480,P1042757_720.mp4,train,Microsleep,Male,1,1944,1989,16,16,0,False,25.0,1.8
seq_train_002481,P1042757_720.mp4,train,Microsleep,Male,1,1968,2013,16,16,0,False,25.0,1.8
seq_train_002482,P1042757_720.mp4,train,Microsleep,Male,1,1992,2037,16,16,0,False,25.0,1.8
seq_train_002483,P1042757_720.mp4,train,Microsleep,Male,1,2016,2061,16,16,0,False,25.0,1.8
seq_train_002484,P1042757_720.mp4,train,Microsleep,Male,1,2040,2085,16,13,3,True,25.0,1.8
seq_train_002485,P1042757_720.mp4,train,Microsleep,Male,1,2064,2109,16,13,3,True,25.0,1.8
seq_train_002486,P1042757_720.mp4,train,Microsleep,Male,1,2088,2133,16,16,0,False,25.0,1.8
seq_train_002487,P1042757_720.mp4,train,Microsleep,Male,1,2112,2157,16,16,0,False,25.0,1.8
seq_train_002488,P1042757_720.mp4,train,Microsleep,Male,1,2136,2181,16,16,0,False,25.0,1.8
seq_train_002489,P1042757_720.mp4,train,Microsleep,Male,1,2160,2205,16,16,0,False,25.0,1.8
seq_train_002490,P1042757_720.mp4,train,Microsleep,Male,1,2184,2229,16,16,0,False,25.0,1.8
seq_train_002491,P1042757_720.mp4,train,Microsleep,Male,1,2208,2253,16,16,0,False,25.0,1.8
seq_train_002492,P1042757_720.mp4,train,Microsleep,Male,1,2232,2277,16,16,0,False,25.0,1.8
seq_train_002493,P1042757_720.mp4,train,Microsleep,Male,1,2256,2301,16,16,0,False,25.0,1.8
seq_train_002494,P1042757_720.mp4,train,Microsleep,Male,1,2280,2325,16,16,0,False,25.0,1.8
seq_train_002495,P1042757_720.mp4,train,Microsleep,Male,1,2304,2349,16,16,0,False,25.0,1.8
seq_train_002496,P1042757_720.mp4,train,Microsleep,Male,1,2328,2373,16,16,0,False,25.0,1.8
seq_train_002497,P1042757_720.mp4,train,Microsleep,Male,1,2352,2397,16,16,0,False,25.0,1.8
seq_train_002498,P1042757_720.mp4,train,Microsleep,Male,1,2376,2421,16,16,0,False,25.0,1.8
seq_train_002499,P1042757_720.mp4,train,Microsleep,Male,1,2400,2445,16,16,0,False,25.0,1.8
seq_train_002500,P1042757_720.mp4,train,Microsleep,Male,1,2424,2469,16,16,0,False,25.0,1.8
seq_train_002501,P1042757_720.mp4,train,Microsleep,Male,1,2448,2493,16,16,0,False,25.0,1.8
seq_train_002502,P1042757_720.mp4,train,Microsleep,Male,1,2472,2517,16,16,0,False,25.0,1.8
seq_train_002503,P1042757_720.mp4,train,Microsleep,Male,1,2496,2541,16,16,0,False,25.0,1.8
seq_train_002504,P1042757_720.mp4,train,Microsleep,Male,1,2520,2565,16,16,0,False,25.0,1.8
seq_train_002505,P1042757_720.mp4,train,Microsleep,Male,1,2544,2589,16,16,0,False,25.0,1.8
seq_train_002506,P1042757_720.mp4,train,Microsleep,Male,1,2568,2613,16,16,0,False,25.0,1.8
seq_train_002507,P1042757_720.mp4,train,Microsleep,Male,1,2592,2637,16,16,0,False,25.0,1.8
seq_train_002508,P1042757_720.mp4,train,Microsleep,Male,1,2616,2661,16,16,0,False,25.0,1.8
seq_train_002509,P1042757_720.mp4,train,Microsleep,Male,1,2640,2685,16,16,0,False,25.0,1.8
seq_train_002510,P1042757_720.mp4,train,Microsleep,Male,1,2664,2709,16,16,0,False,25.0,1.8
seq_train_002511,P1042757_720.mp4,train,Microsleep,Male,1,2688,2733,16,16,0,False,25.0,1.8
seq_train_002512,P1042757_720.mp4,train,Microsleep,Male,1,2712,2757,16,16,0,False,25.0,1.8
seq_train_002513,P1042757_720.mp4,train,Microsleep,Male,1,2736,2781,16,16,0,False,25.0,1.8
seq_train_002514,P1042757_720.mp4,train,Microsleep,Male,1,2760,2805,16,16,0,False,25.0,1.8
seq_train_002515,P1042757_720.mp4,train,Microsleep,Male,1,2784,2829,16,16,0,False,25.0,1.8
seq_train_002516,P1042757_720.mp4,train,Microsleep,Male,1,2808,2853,16,16,0,False,25.0,1.8
seq_train_002517,P1042757_720.mp4,train,Microsleep,Male,1,2832,2877,16,16,0,False,25.0,1.8
seq_train_002518,P1042757_720.mp4,train,Microsleep,Male,1,2856,2901,16,16,0,False,25.0,1.8
seq_train_002519,P1042757_720.mp4,train,Microsleep,Male,1,2880,2925,16,16,0,False,25.0,1.8
seq_train_002520,P1042757_720.mp4,train,Microsleep,Male,1,2904,2949,16,16,0,False,25.0,1.8
seq_train_002521,P1042757_720.mp4,train,Microsleep,Male,1,2928,2973,16,16,0,False,25.0,1.8
seq_train_002522,P1042757_720.mp4,train,Microsleep,Male,1,2952,2997,16,16,0,False,25.0,1.8
seq_train_002523,P1042757_720.mp4,train,Microsleep,Male,1,2976,3021,16,16,0,False,25.0,1.8
seq_train_002524,P1042757_720.mp4,train,Microsleep,Male,1,3000,3045,16,16,0,False,25.0,1.8
seq_train_002525,P1042757_720.mp4,train,Microsleep,Male,1,3024,3069,16,16,0,False,25.0,1.8
seq_train_002526,P1042757_720.mp4,train,Microsleep,Male,1,3048,3093,16,16,0,False,25.0,1.8
seq_train_002527,P1042757_720.mp4,train,Microsleep,Male,1,3072,3117,16,16,0,False,25.0,1.8
seq_train_002528,P1042757_720.mp4,train,Microsleep,Male,1,3096,3141,16,16,0,False,25.0,1.8
seq_train_002529,P1042757_720.mp4,train,Microsleep,Male,1,3120,3165,16,16,0,False,25.0,1.8
seq_train_002530,P1042757_720.mp4,train,Microsleep,Male,1,3144,3189,16,16,0,False,25.0,1.8
seq_train_002531,P1042757_720.mp4,train,Microsleep,Male,1,3168,3213,16,16,0,False,25.0,1.8
seq_train_002532,P1042757_720.mp4,train,Microsleep,Male,1,3192,3237,16,16,0,False,25.0,1.8
seq_train_002533,P1042757_720.mp4,train,Microsleep,Male,1,3216,3261,16,16,0,False,25.0,1.8
seq_train_002534,P1042757_720.mp4,train,Microsleep,Male,1,3240,3285,16,16,0,False,25.0,1.8
seq_train_002535,P1042757_720.mp4,train,Microsleep,Male,1,3264,3309,16,16,0,False,25.0,1.8
seq_train_002536,P1042757_720.mp4,train,Microsleep,Male,1,3288,3333,16,16,0,False,25.0,1.8
seq_train_002537,P1042757_720.mp4,train,Microsleep,Male,1,3312,3357,16,16,0,False,25.0,1.8
seq_train_002538,P1042757_720.mp4,train,Microsleep,Male,1,3336,3381,16,16,0,False,25.0,1.8
seq_train_002539,P1042757_720.mp4,train,Microsleep,Male,1,3360,3405,16,16,0,False,25.0,1.8
seq_train_002540,P1042757_720.mp4,train,Microsleep,Male,1,3384,3429,16,16,0,False,25.0,1.8
seq_train_002541,P1042757_720.mp4,train,Microsleep,Male,1,3408,3453,16,16,0,False,25.0,1.8
seq_train_002542,P1042757_720.mp4,train,Microsleep,Male,1,3432,3477,16,16,0,False,25.0,1.8
seq_train_002543,P1042757_720.mp4,train,Microsleep,Male,1,3456,3501,16,16,0,False,25.0,1.8
seq_train_002544,P1042757_720.mp4,train,Microsleep,Male,1,3480,3525,16,16,0,False,25.0,1.8
seq_train_002545,P1042757_720.mp4,train,Microsleep,Male,1,3504,3549,16,16,0,False,25.0,1.8
seq_train_002546,P1042757_720.mp4,train,Microsleep,Male,1,3528,3573,16,16,0,False,25.0,1.8
seq_train_002547,P1042757_720.mp4,train,Microsleep,Male,1,3552,3597,16,16,0,False,25.0,1.8
seq_train_002548,P1042757_720.mp4,train,Microsleep,Male,1,3576,3621,16,16,0,False,25.0,1.8
seq_train_002549,P1042757_720.mp4,train,Microsleep,Male,1,3600,3645,16,16,0,False,25.0,1.8
seq_train_002550,P1042777_720.mp4,train,Yawning,Female,1,0,45,16,16,0,False,25.0,1.8
seq_train_002551,P1042777_720.mp4,train,Yawning,Female,1,24,69,16,14,2,True,25.0,1.8
seq_train_002552,P1042777_720.mp4,train,Yawning,Female,1,48,93,16,14,2,True,25.0,1.8
seq_train_002553,P1042777_720.mp4,train,Yawning,Female,1,72,117,16,16,0,False,25.0,1.8
seq_train_002554,P1042777_720.mp4,train,Yawning,Female,1,96,141,16,16,0,False,25.0,1.8
seq_train_002555,P1042777_720.mp4,train,Yawning,Female,1,120,165,16,16,0,False,25.0,1.8
seq_train_002556,P1042777_720.mp4,train,Yawning,Female,1,144,189,16,16,0,False,25.0,1.8
seq_train_002557,P1042777_720.mp4,train,Yawning,Female,1,168,213,16,16,0,False,25.0,1.8
seq_train_002558,P1042777_720.mp4,train,Yawning,Female,1,192,237,16,16,0,False,25.0,1.8
seq_train_002559,P1042777_720.mp4,train,Yawning,Female,1,216,261,16,16,0,False,25.0,1.8
seq_train_002560,P1042777_720.mp4,train,Yawning,Female,1,240,285,16,16,0,False,25.0,1.8
seq_train_002561,P1042777_720.mp4,train,Yawning,Female,1,264,309,16,16,0,False,25.0,1.8
seq_train_002562,P1042777_720.mp4,train,Yawning,Female,1,288,333,16,16,0,False,25.0,1.8
seq_train_002563,P1042777_720.mp4,train,Yawning,Female,1,312,357,16,15,1,True,25.0,1.8
seq_train_002564,P1042777_720.mp4,train,Yawning,Female,1,336,381,16,15,1,True,25.0,1.8
seq_train_002565,P1042777_720.mp4,train,Yawning,Female,1,360,405,16,16,0,False,25.0,1.8
seq_train_002566,P1042777_720.mp4,train,Yawning,Female,1,384,429,16,16,0,False,25.0,1.8
seq_train_002567,P1042777_720.mp4,train,Yawning,Female,1,408,453,16,16,0,False,25.0,1.8
seq_train_002568,P1042777_720.mp4,train,Yawning,Female,1,432,477,16,16,0,False,25.0,1.8
seq_train_002569,P1042777_720.mp4,train,Yawning,Female,1,456,501,16,16,0,False,25.0,1.8
seq_train_002570,P1042777_720.mp4,train,Yawning,Female,1,480,525,16,16,0,False,25.0,1.8
seq_train_002571,P1042777_720.mp4,train,Yawning,Female,1,504,549,16,16,0,False,25.0,1.8
seq_train_002572,P1042777_720.mp4,train,Yawning,Female,1,528,573,16,16,0,False,25.0,1.8
seq_train_002573,P1042777_720.mp4,train,Yawning,Female,1,552,597,16,16,0,False,25.0,1.8
seq_train_002574,P1042777_720.mp4,train,Yawning,Female,1,576,621,16,16,0,False,25.0,1.8
seq_train_002575,P1042777_720.mp4,train,Yawning,Female,1,600,645,16,16,0,False,25.0,1.8
seq_train_002576,P1042777_720.mp4,train,Yawning,Female,1,624,669,16,16,0,False,25.0,1.8
seq_train_002577,P1042777_720.mp4,train,Yawning,Female,1,648,693,16,16,0,False,25.0,1.8
seq_train_002578,P1042777_720.mp4,train,Yawning,Female,1,672,717,16,15,1,True,25.0,1.8
seq_train_002579,P1042777_720.mp4,train,Yawning,Female,1,696,741,16,15,1,True,25.0,1.8
seq_train_002580,P1042777_720.mp4,train,Yawning,Female,1,720,765,16,16,0,False,25.0,1.8
seq_train_002581,P1042777_720.mp4,train,Yawning,Female,1,744,789,16,15,1,True,25.0,1.8
seq_train_002582,P1042777_720.mp4,train,Yawning,Female,1,816,861,16,13,3,True,25.0,1.8
seq_train_002583,P1042777_720.mp4,train,Yawning,Female,1,888,933,16,15,1,True,25.0,1.8
seq_train_002584,P1042777_720.mp4,train,Yawning,Female,1,912,957,16,16,0,False,25.0,1.8
seq_train_002585,P1042777_720.mp4,train,Yawning,Female,1,936,981,16,16,0,False,25.0,1.8
seq_train_002586,P1042777_720.mp4,train,Yawning,Female,1,960,1005,16,16,0,False,25.0,1.8
seq_train_002587,P1042777_720.mp4,train,Yawning,Female,1,984,1029,16,16,0,False,25.0,1.8
seq_train_002588,P1042777_720.mp4,train,Yawning,Female,1,1080,1125,16,16,0,False,25.0,1.8
seq_train_002589,P1042777_720.mp4,train,Yawning,Female,1,1104,1149,16,16,0,False,25.0,1.8
seq_train_002590,P1042777_720.mp4,train,Yawning,Female,1,1128,1173,16,16,0,False,25.0,1.8
seq_train_002591,P1042777_720.mp4,train,Yawning,Female,1,1152,1197,16,16,0,False,25.0,1.8
seq_train_002592,P1042777_720.mp4,train,Yawning,Female,1,1176,1221,16,16,0,False,25.0,1.8
seq_train_002593,P1042777_720.mp4,train,Yawning,Female,1,1200,1245,16,16,0,False,25.0,1.8
seq_train_002594,P1042777_720.mp4,train,Yawning,Female,1,1224,1269,16,15,1,True,25.0,1.8
seq_train_002595,P1042777_720.mp4,train,Yawning,Female,1,1296,1341,16,16,0,False,25.0,1.8
seq_train_002596,P1042777_720.mp4,train,Yawning,Female,1,1320,1365,16,13,3,True,25.0,1.8
seq_train_002597,P1042777_720.mp4,train,Yawning,Female,1,1392,1437,16,16,0,False,25.0,1.8
seq_train_002598,P1042777_720.mp4,train,Yawning,Female,1,1416,1461,16,16,0,False,25.0,1.8
seq_train_002599,P1042777_720.mp4,train,Yawning,Female,1,1440,1485,16,15,1,True,25.0,1.8
seq_train_002600,P1042777_720.mp4,train,Yawning,Female,1,1464,1509,16,13,3,True,25.0,1.8
seq_train_002601,P1042777_720.mp4,train,Yawning,Female,1,1488,1533,16,14,2,True,25.0,1.8
seq_train_002602,P1042777_720.mp4,train,Yawning,Female,1,1512,1557,16,16,0,False,25.0,1.8
seq_train_002603,P1042777_720.mp4,train,Yawning,Female,1,1536,1581,16,16,0,False,25.0,1.8
seq_train_002604,P1042777_720.mp4,train,Yawning,Female,1,1560,1605,16,16,0,False,25.0,1.8
seq_train_002605,P1042777_720.mp4,train,Yawning,Female,1,1584,1629,16,16,0,False,25.0,1.8
seq_train_002606,P1042777_720.mp4,train,Yawning,Female,1,1608,1653,16,16,0,False,25.0,1.8
seq_train_002607,P1042777_720.mp4,train,Yawning,Female,1,1632,1677,16,16,0,False,25.0,1.8
seq_train_002608,P1042777_720.mp4,train,Yawning,Female,1,1656,1701,16,16,0,False,25.0,1.8
seq_train_002609,P1042777_720.mp4,train,Yawning,Female,1,1680,1725,16,16,0,False,25.0,1.8
seq_train_002610,P1042777_720.mp4,train,Yawning,Female,1,1704,1749,16,16,0,False,25.0,1.8
seq_train_002611,P1042777_720.mp4,train,Yawning,Female,1,1728,1773,16,16,0,False,25.0,1.8
seq_train_002612,P1042777_720.mp4,train,Yawning,Female,1,1752,1797,16,16,0,False,25.0,1.8
seq_train_002613,P1042777_720.mp4,train,Yawning,Female,1,1776,1821,16,16,0,False,25.0,1.8
seq_train_002614,P1042777_720.mp4,train,Yawning,Female,1,1800,1845,16,16,0,False,25.0,1.8
seq_train_002615,P1042777_720.mp4,train,Yawning,Female,1,1824,1869,16,16,0,False,25.0,1.8
seq_train_002616,P1042777_720.mp4,train,Yawning,Female,1,1848,1893,16,16,0,False,25.0,1.8
seq_train_002617,P1042777_720.mp4,train,Yawning,Female,1,1872,1917,16,16,0,False,25.0,1.8
seq_train_002618,P1042777_720.mp4,train,Yawning,Female,1,1896,1941,16,16,0,False,25.0,1.8
seq_train_002619,P1042777_720.mp4,train,Yawning,Female,1,1920,1965,16,16,0,False,25.0,1.8
seq_train_002620,P1042777_720.mp4,train,Yawning,Female,1,1944,1989,16,16,0,False,25.0,1.8
seq_train_002621,P1042777_720.mp4,train,Yawning,Female,1,1968,2013,16,16,0,False,25.0,1.8
seq_train_002622,P1042777_720.mp4,train,Yawning,Female,1,1992,2037,16,16,0,False,25.0,1.8
seq_train_002623,P1042777_720.mp4,train,Yawning,Female,1,2016,2061,16,16,0,False,25.0,1.8
seq_train_002624,P1042777_720.mp4,train,Yawning,Female,1,2040,2085,16,16,0,False,25.0,1.8
seq_train_002625,P1042777_720.mp4,train,Yawning,Female,1,2064,2109,16,16,0,False,25.0,1.8
seq_train_002626,P1042777_720.mp4,train,Yawning,Female,1,2088,2133,16,16,0,False,25.0,1.8
seq_train_002627,P1042777_720.mp4,train,Yawning,Female,1,2112,2157,16,16,0,False,25.0,1.8
seq_train_002628,P1042777_720.mp4,train,Yawning,Female,1,2136,2181,16,16,0,False,25.0,1.8
seq_train_002629,P1042777_720.mp4,train,Yawning,Female,1,2160,2205,16,16,0,False,25.0,1.8
seq_train_002630,P1042777_720.mp4,train,Yawning,Female,1,2184,2229,16,16,0,False,25.0,1.8
seq_train_002631,P1042777_720.mp4,train,Yawning,Female,1,2208,2253,16,16,0,False,25.0,1.8
seq_train_002632,P1042777_720.mp4,train,Yawning,Female,1,2232,2277,16,16,0,False,25.0,1.8
seq_train_002633,P1042777_720.mp4,train,Yawning,Female,1,2256,2301,16,16,0,False,25.0,1.8
seq_train_002634,P1042777_720.mp4,train,Yawning,Female,1,2280,2325,16,16,0,False,25.0,1.8
seq_train_002635,P1042777_720.mp4,train,Yawning,Female,1,2304,2349,16,16,0,False,25.0,1.8
seq_train_002636,P1042777_720.mp4,train,Yawning,Female,1,2328,2373,16,16,0,False,25.0,1.8
seq_train_002637,P1042777_720.mp4,train,Yawning,Female,1,2352,2397,16,16,0,False,25.0,1.8
seq_train_002638,P1042777_720.mp4,train,Yawning,Female,1,2376,2421,16,16,0,False,25.0,1.8
seq_train_002639,P1042777_720.mp4,train,Yawning,Female,1,2400,2445,16,16,0,False,25.0,1.8
seq_train_002640,P1042777_720.mp4,train,Yawning,Female,1,2424,2469,16,16,0,False,25.0,1.8
seq_train_002641,P1042777_720.mp4,train,Yawning,Female,1,2448,2493,16,16,0,False,25.0,1.8
seq_train_002642,P1042777_720.mp4,train,Yawning,Female,1,2472,2517,16,16,0,False,25.0,1.8
seq_train_002643,P1042777_720.mp4,train,Yawning,Female,1,2496,2541,16,16,0,False,25.0,1.8
seq_train_002644,P1042777_720.mp4,train,Yawning,Female,1,2520,2565,16,16,0,False,25.0,1.8
seq_train_002645,P1042777_720.mp4,train,Yawning,Female,1,2544,2589,16,16,0,False,25.0,1.8
seq_train_002646,P1042777_720.mp4,train,Yawning,Female,1,2568,2613,16,16,0,False,25.0,1.8
seq_train_002647,P1042777_720.mp4,train,Yawning,Female,1,2640,2685,16,16,0,False,25.0,1.8
seq_train_002648,P1042777_720.mp4,train,Yawning,Female,1,2664,2709,16,16,0,False,25.0,1.8
seq_train_002649,P1042777_720.mp4,train,Yawning,Female,1,2688,2733,16,16,0,False,25.0,1.8
seq_train_002650,P1042777_720.mp4,train,Yawning,Female,1,2712,2757,16,16,0,False,25.0,1.8
seq_train_002651,P1042777_720.mp4,train,Yawning,Female,1,2736,2781,16,16,0,False,25.0,1.8
seq_train_002652,P1042777_720.mp4,train,Yawning,Female,1,2760,2805,16,16,0,False,25.0,1.8
seq_train_002653,P1042777_720.mp4,train,Yawning,Female,1,2784,2829,16,16,0,False,25.0,1.8
seq_train_002654,P1042777_720.mp4,train,Yawning,Female,1,2808,2853,16,16,0,False,25.0,1.8
seq_train_002655,P1042777_720.mp4,train,Yawning,Female,1,2832,2877,16,16,0,False,25.0,1.8
seq_train_002656,P1042777_720.mp4,train,Yawning,Female,1,2856,2901,16,16,0,False,25.0,1.8
seq_train_002657,P1042777_720.mp4,train,Yawning,Female,1,2880,2925,16,16,0,False,25.0,1.8
seq_train_002658,P1042777_720.mp4,train,Yawning,Female,1,2904,2949,16,16,0,False,25.0,1.8
seq_train_002659,P1042777_720.mp4,train,Yawning,Female,1,2928,2973,16,16,0,False,25.0,1.8
seq_train_002660,P1042777_720.mp4,train,Yawning,Female,1,2952,2997,16,16,0,False,25.0,1.8
seq_train_002661,P1042777_720.mp4,train,Yawning,Female,1,2976,3021,16,16,0,False,25.0,1.8
seq_train_002662,P1042777_720.mp4,train,Yawning,Female,1,3000,3045,16,16,0,False,25.0,1.8
seq_train_002663,P1042777_720.mp4,train,Yawning,Female,1,3024,3069,16,16,0,False,25.0,1.8
seq_train_002664,P1042777_720.mp4,train,Yawning,Female,1,3048,3093,16,16,0,False,25.0,1.8
seq_train_002665,P1042777_720.mp4,train,Yawning,Female,1,3072,3117,16,16,0,False,25.0,1.8
seq_train_002666,P1043118_720.mp4,train,Yawning,Female,1,0,45,16,16,0,False,25.0,1.8
seq_train_002667,P1043118_720.mp4,train,Yawning,Female,1,24,69,16,16,0,False,25.0,1.8
seq_train_002668,P1043118_720.mp4,train,Yawning,Female,1,48,93,16,16,0,False,25.0,1.8
seq_train_002669,P1043118_720.mp4,train,Yawning,Female,1,72,117,16,16,0,False,25.0,1.8
seq_train_002670,P1043118_720.mp4,train,Yawning,Female,1,96,141,16,16,0,False,25.0,1.8
seq_train_002671,P1043118_720.mp4,train,Yawning,Female,1,120,165,16,16,0,False,25.0,1.8
seq_train_002672,P1043118_720.mp4,train,Yawning,Female,1,144,189,16,16,0,False,25.0,1.8
seq_train_002673,P1043118_720.mp4,train,Yawning,Female,1,168,213,16,16,0,False,25.0,1.8
seq_train_002674,P1043118_720.mp4,train,Yawning,Female,1,192,237,16,16,0,False,25.0,1.8
seq_train_002675,P1043118_720.mp4,train,Yawning,Female,1,216,261,16,16,0,False,25.0,1.8
seq_train_002676,P1043118_720.mp4,train,Yawning,Female,1,240,285,16,16,0,False,25.0,1.8
seq_train_002677,P1043118_720.mp4,train,Yawning,Female,1,264,309,16,16,0,False,25.0,1.8
seq_train_002678,P1043118_720.mp4,train,Yawning,Female,1,288,333,16,16,0,False,25.0,1.8
seq_train_002679,P1043118_720.mp4,train,Yawning,Female,1,312,357,16,16,0,False,25.0,1.8
seq_train_002680,P1043118_720.mp4,train,Yawning,Female,1,336,381,16,16,0,False,25.0,1.8
seq_train_002681,P1043118_720.mp4,train,Yawning,Female,1,360,405,16,16,0,False,25.0,1.8
seq_train_002682,P1043118_720.mp4,train,Yawning,Female,1,384,429,16,16,0,False,25.0,1.8
seq_train_002683,P1043118_720.mp4,train,Yawning,Female,1,408,453,16,16,0,False,25.0,1.8
seq_train_002684,P1043118_720.mp4,train,Yawning,Female,1,432,477,16,16,0,False,25.0,1.8
seq_train_002685,P1043118_720.mp4,train,Yawning,Female,1,456,501,16,16,0,False,25.0,1.8
seq_train_002686,P1043118_720.mp4,train,Yawning,Female,1,480,525,16,16,0,False,25.0,1.8
seq_train_002687,P1043070_720.mp4,train,Yawning,Female,1,0,45,16,16,0,False,25.0,1.8
seq_train_002688,P1043070_720.mp4,train,Yawning,Female,1,24,69,16,16,0,False,25.0,1.8
seq_train_002689,P1043070_720.mp4,train,Yawning,Female,1,48,93,16,16,0,False,25.0,1.8
seq_train_002690,P1043070_720.mp4,train,Yawning,Female,1,72,117,16,16,0,False,25.0,1.8
seq_train_002691,P1043070_720.mp4,train,Yawning,Female,1,96,141,16,16,0,False,25.0,1.8
seq_train_002692,P1043070_720.mp4,train,Yawning,Female,1,120,165,16,16,0,False,25.0,1.8
seq_train_002693,P1043070_720.mp4,train,Yawning,Female,1,144,189,16,16,0,False,25.0,1.8
seq_train_002694,P1043070_720.mp4,train,Yawning,Female,1,168,213,16,16,0,False,25.0,1.8
seq_train_002695,P1043070_720.mp4,train,Yawning,Female,1,192,237,16,16,0,False,25.0,1.8
seq_train_002696,P1043070_720.mp4,train,Yawning,Female,1,216,261,16,16,0,False,25.0,1.8
seq_train_002697,P1043070_720.mp4,train,Yawning,Female,1,240,285,16,16,0,False,25.0,1.8
seq_train_002698,P1043070_720.mp4,train,Yawning,Female,1,264,309,16,16,0,False,25.0,1.8
seq_train_002699,P1043070_720.mp4,train,Yawning,Female,1,288,333,16,16,0,False,25.0,1.8
seq_train_002700,P1043070_720.mp4,train,Yawning,Female,1,312,357,16,16,0,False,25.0,1.8
seq_train_002701,P1043070_720.mp4,train,Yawning,Female,1,336,381,16,16,0,False,25.0,1.8
seq_train_002702,P1043070_720.mp4,train,Yawning,Female,1,360,405,16,16,0,False,25.0,1.8
seq_train_002703,P1043070_720.mp4,train,Yawning,Female,1,384,429,16,16,0,False,25.0,1.8
seq_train_002704,P1043070_720.mp4,train,Yawning,Female,1,408,453,16,16,0,False,25.0,1.8
seq_train_002705,P1043070_720.mp4,train,Yawning,Female,1,432,477,16,16,0,False,25.0,1.8
seq_train_002706,P1043070_720.mp4,train,Yawning,Female,1,456,501,16,16,0,False,25.0,1.8
seq_train_002707,P1043070_720.mp4,train,Yawning,Female,1,480,525,16,16,0,False,25.0,1.8
seq_train_002708,P1043070_720.mp4,train,Yawning,Female,1,504,549,16,16,0,False,25.0,1.8
seq_train_002709,P1042770_720.mp4,train,Yawning,Male,1,0,45,16,15,1,True,25.0,1.8
seq_train_002710,P1042770_720.mp4,train,Yawning,Male,1,24,69,16,16,0,False,25.0,1.8
seq_train_002711,P1042770_720.mp4,train,Yawning,Male,1,48,93,16,16,0,False,25.0,1.8
seq_train_002712,P1042770_720.mp4,train,Yawning,Male,1,72,117,16,16,0,False,25.0,1.8
seq_train_002713,P1042770_720.mp4,train,Yawning,Male,1,96,141,16,15,1,True,25.0,1.8
seq_train_002714,P1042770_720.mp4,train,Yawning,Male,1,120,165,16,15,1,True,25.0,1.8
seq_train_002715,P1042770_720.mp4,train,Yawning,Male,1,144,189,16,16,0,False,25.0,1.8
seq_train_002716,P1042770_720.mp4,train,Yawning,Male,1,168,213,16,16,0,False,25.0,1.8
seq_train_002717,P1042770_720.mp4,train,Yawning,Male,1,192,237,16,16,0,False,25.0,1.8
seq_train_002718,P1042770_720.mp4,train,Yawning,Male,1,216,261,16,16,0,False,25.0,1.8
seq_train_002719,P1042770_720.mp4,train,Yawning,Male,1,240,285,16,16,0,False,25.0,1.8
seq_train_002720,P1042770_720.mp4,train,Yawning,Male,1,264,309,16,16,0,False,25.0,1.8
seq_train_002721,P1042770_720.mp4,train,Yawning,Male,1,288,333,16,16,0,False,25.0,1.8
seq_train_002722,P1042770_720.mp4,train,Yawning,Male,1,312,357,16,16,0,False,25.0,1.8
seq_train_002723,P1042770_720.mp4,train,Yawning,Male,1,336,381,16,16,0,False,25.0,1.8
seq_train_002724,P1042770_720.mp4,train,Yawning,Male,1,360,405,16,16,0,False,25.0,1.8
seq_train_002725,P1042770_720.mp4,train,Yawning,Male,1,384,429,16,16,0,False,25.0,1.8
seq_train_002726,P1042770_720.mp4,train,Yawning,Male,1,408,453,16,16,0,False,25.0,1.8
seq_train_002727,P1042770_720.mp4,train,Yawning,Male,1,432,477,16,16,0,False,25.0,1.8
seq_train_002728,P1042770_720.mp4,train,Yawning,Male,1,456,501,16,16,0,False,25.0,1.8
seq_train_002729,P1042770_720.mp4,train,Yawning,Male,1,480,525,16,15,1,True,25.0,1.8
seq_train_002730,P1042770_720.mp4,train,Yawning,Male,1,528,573,16,13,3,True,25.0,1.8
seq_train_002731,P1042770_720.mp4,train,Yawning,Male,1,552,597,16,16,0,False,25.0,1.8
seq_train_002732,P1042770_720.mp4,train,Yawning,Male,1,576,621,16,16,0,False,25.0,1.8
seq_train_002733,P1042770_720.mp4,train,Yawning,Male,1,600,645,16,16,0,False,25.0,1.8
seq_train_002734,P1042770_720.mp4,train,Yawning,Male,1,624,669,16,16,0,False,25.0,1.8
seq_train_002735,P1042770_720.mp4,train,Yawning,Male,1,648,693,16,16,0,False,25.0,1.8
seq_train_002736,P1042770_720.mp4,train,Yawning,Male,1,672,717,16,16,0,False,25.0,1.8
seq_train_002737,P1042770_720.mp4,train,Yawning,Male,1,696,741,16,16,0,False,25.0,1.8
seq_train_002738,P1042770_720.mp4,train,Yawning,Male,1,720,765,16,16,0,False,25.0,1.8
seq_train_002739,P1042770_720.mp4,train,Yawning,Male,1,744,789,16,16,0,False,25.0,1.8
seq_train_002740,P1042770_720.mp4,train,Yawning,Male,1,768,813,16,16,0,False,25.0,1.8
seq_train_002741,P1042770_720.mp4,train,Yawning,Male,1,792,837,16,16,0,False,25.0,1.8
seq_train_002742,P1042770_720.mp4,train,Yawning,Male,1,816,861,16,16,0,False,25.0,1.8
seq_train_002743,P1042770_720.mp4,train,Yawning,Male,1,840,885,16,16,0,False,25.0,1.8
seq_train_002744,P1042770_720.mp4,train,Yawning,Male,1,864,909,16,16,0,False,25.0,1.8
seq_train_002745,P1042770_720.mp4,train,Yawning,Male,1,888,933,16,16,0,False,25.0,1.8
seq_train_002746,P1042770_720.mp4,train,Yawning,Male,1,912,957,16,16,0,False,25.0,1.8
seq_train_002747,P1042770_720.mp4,train,Yawning,Male,1,936,981,16,16,0,False,25.0,1.8
seq_train_002748,P1042770_720.mp4,train,Yawning,Male,1,960,1005,16,16,0,False,25.0,1.8
seq_train_002749,P1042770_720.mp4,train,Yawning,Male,1,984,1029,16,16,0,False,25.0,1.8
seq_train_002750,P1042770_720.mp4,train,Yawning,Male,1,1008,1053,16,16,0,False,25.0,1.8
seq_train_002751,P1042770_720.mp4,train,Yawning,Male,1,1032,1077,16,16,0,False,25.0,1.8
seq_train_002752,P1042770_720.mp4,train,Yawning,Male,1,1056,1101,16,16,0,False,25.0,1.8
seq_train_002753,P1042770_720.mp4,train,Yawning,Male,1,1080,1125,16,16,0,False,25.0,1.8
seq_train_002754,P1042770_720.mp4,train,Yawning,Male,1,1104,1149,16,16,0,False,25.0,1.8
seq_train_002755,P1042770_720.mp4,train,Yawning,Male,1,1128,1173,16,16,0,False,25.0,1.8
seq_train_002756,P1042770_720.mp4,train,Yawning,Male,1,1152,1197,16,16,0,False,25.0,1.8
seq_train_002757,P1042770_720.mp4,train,Yawning,Male,1,1176,1221,16,16,0,False,25.0,1.8
seq_train_002758,P1042770_720.mp4,train,Yawning,Male,1,1200,1245,16,16,0,False,25.0,1.8
seq_train_002759,P1042770_720.mp4,train,Yawning,Male,1,1224,1269,16,16,0,False,25.0,1.8
seq_train_002760,P1043085_720.mp4,train,Yawning,Female,1,0,45,16,16,0,False,25.0,1.8
seq_train_002761,P1043085_720.mp4,train,Yawning,Female,1,24,69,16,16,0,False,25.0,1.8
seq_train_002762,P1043085_720.mp4,train,Yawning,Female,1,48,93,16,16,0,False,25.0,1.8
seq_train_002763,P1043085_720.mp4,train,Yawning,Female,1,72,117,16,16,0,False,25.0,1.8
seq_train_002764,P1043085_720.mp4,train,Yawning,Female,1,96,141,16,16,0,False,25.0,1.8
seq_train_002765,P1043085_720.mp4,train,Yawning,Female,1,120,165,16,16,0,False,25.0,1.8
seq_train_002766,P1043085_720.mp4,train,Yawning,Female,1,144,189,16,16,0,False,25.0,1.8
seq_train_002767,P1043085_720.mp4,train,Yawning,Female,1,168,213,16,16,0,False,25.0,1.8
seq_train_002768,P1043085_720.mp4,train,Yawning,Female,1,192,237,16,16,0,False,25.0,1.8
seq_train_002769,P1043085_720.mp4,train,Yawning,Female,1,216,261,16,16,0,False,25.0,1.8
seq_train_002770,P1043085_720.mp4,train,Yawning,Female,1,240,285,16,16,0,False,25.0,1.8
seq_train_002771,P1043085_720.mp4,train,Yawning,Female,1,264,309,16,16,0,False,25.0,1.8
seq_train_002772,P1043085_720.mp4,train,Yawning,Female,1,288,333,16,16,0,False,25.0,1.8
seq_train_002773,P1043085_720.mp4,train,Yawning,Female,1,312,357,16,16,0,False,25.0,1.8
seq_train_002774,P1043085_720.mp4,train,Yawning,Female,1,336,381,16,16,0,False,25.0,1.8
seq_train_002775,P1043085_720.mp4,train,Yawning,Female,1,360,405,16,16,0,False,25.0,1.8
seq_train_002776,P1043085_720.mp4,train,Yawning,Female,1,384,429,16,16,0,False,25.0,1.8
seq_train_002777,P1043085_720.mp4,train,Yawning,Female,1,408,453,16,16,0,False,25.0,1.8
seq_train_002778,P1043085_720.mp4,train,Yawning,Female,1,432,477,16,16,0,False,25.0,1.8
seq_train_002779,P1043085_720.mp4,train,Yawning,Female,1,456,501,16,16,0,False,25.0,1.8
seq_train_002780,P1043085_720.mp4,train,Yawning,Female,1,480,525,16,16,0,False,25.0,1.8
seq_train_002781,P1043085_720.mp4,train,Yawning,Female,1,504,549,16,16,0,False,25.0,1.8
seq_train_002782,P1043085_720.mp4,train,Yawning,Female,1,528,573,16,16,0,False,25.0,1.8
seq_train_002783,P1043085_720.mp4,train,Yawning,Female,1,552,597,16,16,0,False,25.0,1.8
seq_train_002784,P1043085_720.mp4,train,Yawning,Female,1,576,621,16,16,0,False,25.0,1.8
seq_train_002785,P1043085_720.mp4,train,Yawning,Female,1,600,645,16,16,0,False,25.0,1.8
seq_train_002786,P1043085_720.mp4,train,Yawning,Female,1,624,669,16,16,0,False,25.0,1.8
seq_train_002787,P1043085_720.mp4,train,Yawning,Female,1,648,693,16,16,0,False,25.0,1.8
seq_train_002788,P1043085_720.mp4,train,Yawning,Female,1,672,717,16,16,0,False,25.0,1.8
seq_train_002789,P1042798_720.mp4,train,Yawning,Male,1,0,45,16,16,0,False,25.0,1.8
seq_train_002790,P1042798_720.mp4,train,Yawning,Male,1,24,69,16,16,0,False,25.0,1.8
seq_train_002791,P1042798_720.mp4,train,Yawning,Male,1,48,93,16,16,0,False,25.0,1.8
seq_train_002792,P1042798_720.mp4,train,Yawning,Male,1,72,117,16,16,0,False,25.0,1.8
seq_train_002793,P1042798_720.mp4,train,Yawning,Male,1,96,141,16,16,0,False,25.0,1.8
seq_train_002794,P1042798_720.mp4,train,Yawning,Male,1,120,165,16,16,0,False,25.0,1.8
seq_train_002795,P1042798_720.mp4,train,Yawning,Male,1,144,189,16,16,0,False,25.0,1.8
seq_train_002796,P1042798_720.mp4,train,Yawning,Male,1,168,213,16,16,0,False,25.0,1.8
seq_train_002797,P1042798_720.mp4,train,Yawning,Male,1,192,237,16,16,0,False,25.0,1.8
seq_train_002798,P1042798_720.mp4,train,Yawning,Male,1,216,261,16,16,0,False,25.0,1.8
seq_train_002799,P1042798_720.mp4,train,Yawning,Male,1,240,285,16,16,0,False,25.0,1.8
seq_train_002800,P1042798_720.mp4,train,Yawning,Male,1,264,309,16,16,0,False,25.0,1.8
seq_train_002801,P1042798_720.mp4,train,Yawning,Male,1,288,333,16,16,0,False,25.0,1.8
seq_train_002802,P1042798_720.mp4,train,Yawning,Male,1,312,357,16,16,0,False,25.0,1.8
seq_train_002803,P1042798_720.mp4,train,Yawning,Male,1,336,381,16,16,0,False,25.0,1.8
seq_train_002804,P1042798_720.mp4,train,Yawning,Male,1,360,405,16,16,0,False,25.0,1.8
seq_train_002805,P1042798_720.mp4,train,Yawning,Male,1,384,429,16,16,0,False,25.0,1.8
seq_train_002806,P1042798_720.mp4,train,Yawning,Male,1,408,453,16,16,0,False,25.0,1.8
seq_train_002807,P1042798_720.mp4,train,Yawning,Male,1,432,477,16,16,0,False,25.0,1.8
seq_train_002808,P1042798_720.mp4,train,Yawning,Male,1,456,501,16,16,0,False,25.0,1.8
seq_train_002809,P1042798_720.mp4,train,Yawning,Male,1,480,525,16,16,0,False,25.0,1.8
seq_train_002810,P1042798_720.mp4,train,Yawning,Male,1,504,549,16,16,0,False,25.0,1.8
seq_train_002811,P1042798_720.mp4,train,Yawning,Male,1,528,573,16,16,0,False,25.0,1.8
seq_train_002812,P1042798_720.mp4,train,Yawning,Male,1,552,597,16,16,0,False,25.0,1.8
seq_train_002813,P1042798_720.mp4,train,Yawning,Male,1,576,621,16,16,0,False,25.0,1.8
seq_train_002814,P1042798_720.mp4,train,Yawning,Male,1,600,645,16,16,0,False,25.0,1.8
seq_train_002815,P1042798_720.mp4,train,Yawning,Male,1,624,669,16,16,0,False,25.0,1.8
seq_train_002816,P1042798_720.mp4,train,Yawning,Male,1,648,693,16,16,0,False,25.0,1.8
seq_train_002817,P1042798_720.mp4,train,Yawning,Male,1,672,717,16,16,0,False,25.0,1.8
seq_train_002818,P1042798_720.mp4,train,Yawning,Male,1,696,741,16,16,0,False,25.0,1.8
seq_train_002819,P1042798_720.mp4,train,Yawning,Male,1,720,765,16,16,0,False,25.0,1.8
seq_train_002820,P1042798_720.mp4,train,Yawning,Male,1,744,789,16,16,0,False,25.0,1.8
seq_train_002821,P1042798_720.mp4,train,Yawning,Male,1,768,813,16,16,0,False,25.0,1.8
seq_train_002822,P1042798_720.mp4,train,Yawning,Male,1,792,837,16,16,0,False,25.0,1.8
seq_train_002823,P1042798_720.mp4,train,Yawning,Male,1,816,861,16,16,0,False,25.0,1.8
seq_train_002824,P1042798_720.mp4,train,Yawning,Male,1,840,885,16,16,0,False,25.0,1.8
seq_train_002825,P1042798_720.mp4,train,Yawning,Male,1,864,909,16,16,0,False,25.0,1.8
seq_train_002826,P1042798_720.mp4,train,Yawning,Male,1,888,933,16,16,0,False,25.0,1.8
seq_train_002827,P1042798_720.mp4,train,Yawning,Male,1,912,957,16,16,0,False,25.0,1.8
seq_train_002828,P1042798_720.mp4,train,Yawning,Male,1,936,981,16,16,0,False,25.0,1.8
seq_train_002829,P1043089_720.mp4,train,Microsleep,Female,1,0,45,16,16,0,False,25.0,1.8
seq_train_002830,P1043089_720.mp4,train,Microsleep,Female,1,24,69,16,16,0,False,25.0,1.8
seq_train_002831,P1043089_720.mp4,train,Microsleep,Female,1,48,93,16,16,0,False,25.0,1.8
seq_train_002832,P1043089_720.mp4,train,Microsleep,Female,1,72,117,16,16,0,False,25.0,1.8
seq_train_002833,P1043089_720.mp4,train,Microsleep,Female,1,96,141,16,16,0,False,25.0,1.8
seq_train_002834,P1043089_720.mp4,train,Microsleep,Female,1,120,165,16,16,0,False,25.0,1.8
seq_train_002835,P1043089_720.mp4,train,Microsleep,Female,1,144,189,16,16,0,False,25.0,1.8
seq_train_002836,P1043089_720.mp4,train,Microsleep,Female,1,168,213,16,16,0,False,25.0,1.8
seq_train_002837,P1043089_720.mp4,train,Microsleep,Female,1,192,237,16,16,0,False,25.0,1.8
seq_train_002838,P1043089_720.mp4,train,Microsleep,Female,1,216,261,16,16,0,False,25.0,1.8
seq_train_002839,P1043089_720.mp4,train,Microsleep,Female,1,240,285,16,16,0,False,25.0,1.8
seq_train_002840,P1043089_720.mp4,train,Microsleep,Female,1,264,309,16,16,0,False,25.0,1.8
seq_train_002841,P1043089_720.mp4,train,Microsleep,Female,1,288,333,16,16,0,False,25.0,1.8
seq_train_002842,P1043089_720.mp4,train,Microsleep,Female,1,312,357,16,16,0,False,25.0,1.8
seq_train_002843,P1043089_720.mp4,train,Microsleep,Female,1,336,381,16,16,0,False,25.0,1.8
seq_train_002844,P1043089_720.mp4,train,Microsleep,Female,1,360,405,16,16,0,False,25.0,1.8
seq_train_002845,P1043089_720.mp4,train,Microsleep,Female,1,384,429,16,16,0,False,25.0,1.8
seq_train_002846,P1043089_720.mp4,train,Microsleep,Female,1,408,453,16,16,0,False,25.0,1.8
seq_train_002847,P1043089_720.mp4,train,Microsleep,Female,1,432,477,16,16,0,False,25.0,1.8
seq_train_002848,P1043089_720.mp4,train,Microsleep,Female,1,456,501,16,16,0,False,25.0,1.8
seq_train_002849,P1043089_720.mp4,train,Microsleep,Female,1,480,525,16,16,0,False,25.0,1.8
seq_train_002850,P1043089_720.mp4,train,Microsleep,Female,1,504,549,16,16,0,False,25.0,1.8
seq_train_002851,P1043089_720.mp4,train,Microsleep,Female,1,528,573,16,16,0,False,25.0,1.8
seq_train_002852,P1043089_720.mp4,train,Microsleep,Female,1,552,597,16,16,0,False,25.0,1.8
seq_train_002853,P1043089_720.mp4,train,Microsleep,Female,1,576,621,16,16,0,False,25.0,1.8
seq_train_002854,P1043089_720.mp4,train,Microsleep,Female,1,600,645,16,16,0,False,25.0,1.8
seq_train_002855,P1043089_720.mp4,train,Microsleep,Female,1,624,669,16,16,0,False,25.0,1.8
seq_train_002856,P1043089_720.mp4,train,Microsleep,Female,1,648,693,16,16,0,False,25.0,1.8
seq_train_002857,P1043089_720.mp4,train,Microsleep,Female,1,672,717,16,16,0,False,25.0,1.8
seq_train_002858,P1043089_720.mp4,train,Microsleep,Female,1,696,741,16,16,0,False,25.0,1.8
seq_train_002859,P1043089_720.mp4,train,Microsleep,Female,1,720,765,16,16,0,False,25.0,1.8
seq_train_002860,P1043089_720.mp4,train,Microsleep,Female,1,744,789,16,16,0,False,25.0,1.8
seq_train_002861,P1043089_720.mp4,train,Microsleep,Female,1,768,813,16,16,0,False,25.0,1.8
seq_train_002862,P1043089_720.mp4,train,Microsleep,Female,1,792,837,16,16,0,False,25.0,1.8
seq_train_002863,P1043089_720.mp4,train,Microsleep,Female,1,816,861,16,16,0,False,25.0,1.8
seq_train_002864,P1043089_720.mp4,train,Microsleep,Female,1,840,885,16,16,0,False,25.0,1.8
seq_train_002865,P1043089_720.mp4,train,Microsleep,Female,1,864,909,16,16,0,False,25.0,1.8
seq_train_002866,P1043089_720.mp4,train,Microsleep,Female,1,888,933,16,16,0,False,25.0,1.8
seq_train_002867,P1043089_720.mp4,train,Microsleep,Female,1,912,957,16,16,0,False,25.0,1.8
seq_train_002868,P1043089_720.mp4,train,Microsleep,Female,1,936,981,16,16,0,False,25.0,1.8
seq_train_002869,P1043089_720.mp4,train,Microsleep,Female,1,960,1005,16,16,0,False,25.0,1.8
seq_train_002870,P1043089_720.mp4,train,Microsleep,Female,1,984,1029,16,16,0,False,25.0,1.8
seq_train_002871,P1043089_720.mp4,train,Microsleep,Female,1,1008,1053,16,16,0,False,25.0,1.8
seq_train_002872,P1043089_720.mp4,train,Microsleep,Female,1,1032,1077,16,16,0,False,25.0,1.8
seq_train_002873,P1043089_720.mp4,train,Microsleep,Female,1,1056,1101,16,16,0,False,25.0,1.8
seq_train_002874,P1043089_720.mp4,train,Microsleep,Female,1,1080,1125,16,16,0,False,25.0,1.8
seq_train_002875,P1043089_720.mp4,train,Microsleep,Female,1,1104,1149,16,16,0,False,25.0,1.8
seq_train_002876,P1043089_720.mp4,train,Microsleep,Female,1,1128,1173,16,16,0,False,25.0,1.8
seq_train_002877,P1043089_720.mp4,train,Microsleep,Female,1,1152,1197,16,16,0,False,25.0,1.8
seq_train_002878,P1043089_720.mp4,train,Microsleep,Female,1,1176,1221,16,16,0,False,25.0,1.8
seq_train_002879,P1043089_720.mp4,train,Microsleep,Female,1,1200,1245,16,16,0,False,25.0,1.8
seq_train_002880,P1043089_720.mp4,train,Microsleep,Female,1,1224,1269,16,16,0,False,25.0,1.8
seq_train_002881,P1043089_720.mp4,train,Microsleep,Female,1,1248,1293,16,16,0,False,25.0,1.8
seq_train_002882,P1043089_720.mp4,train,Microsleep,Female,1,1272,1317,16,16,0,False,25.0,1.8
seq_train_002883,P1043089_720.mp4,train,Microsleep,Female,1,1296,1341,16,16,0,False,25.0,1.8
seq_train_002884,P1043089_720.mp4,train,Microsleep,Female,1,1320,1365,16,16,0,False,25.0,1.8
seq_train_002885,P1043089_720.mp4,train,Microsleep,Female,1,1344,1389,16,16,0,False,25.0,1.8
seq_train_002886,P1043089_720.mp4,train,Microsleep,Female,1,1368,1413,16,16,0,False,25.0,1.8
seq_train_002887,P1043089_720.mp4,train,Microsleep,Female,1,1392,1437,16,16,0,False,25.0,1.8
seq_train_002888,P1043089_720.mp4,train,Microsleep,Female,1,1416,1461,16,16,0,False,25.0,1.8
seq_train_002889,P1043089_720.mp4,train,Microsleep,Female,1,1440,1485,16,16,0,False,25.0,1.8
seq_train_002890,P1043089_720.mp4,train,Microsleep,Female,1,1464,1509,16,16,0,False,25.0,1.8
seq_train_002891,P1043089_720.mp4,train,Microsleep,Female,1,1488,1533,16,16,0,False,25.0,1.8
seq_train_002892,P1043089_720.mp4,train,Microsleep,Female,1,1512,1557,16,16,0,False,25.0,1.8
seq_train_002893,P1043089_720.mp4,train,Microsleep,Female,1,1536,1581,16,16,0,False,25.0,1.8
seq_train_002894,P1043089_720.mp4,train,Microsleep,Female,1,1560,1605,16,16,0,False,25.0,1.8
seq_train_002895,P1043089_720.mp4,train,Microsleep,Female,1,1584,1629,16,16,0,False,25.0,1.8
seq_train_002896,P1043089_720.mp4,train,Microsleep,Female,1,1608,1653,16,16,0,False,25.0,1.8
seq_train_002897,P1043089_720.mp4,train,Microsleep,Female,1,1680,1725,16,13,3,True,25.0,1.8
seq_train_002898,P1043089_720.mp4,train,Microsleep,Female,1,1704,1749,16,16,0,False,25.0,1.8
seq_train_002899,P1043089_720.mp4,train,Microsleep,Female,1,1728,1773,16,16,0,False,25.0,1.8
seq_train_002900,P1043089_720.mp4,train,Microsleep,Female,1,1752,1797,16,16,0,False,25.0,1.8
seq_train_002901,P1043089_720.mp4,train,Microsleep,Female,1,1776,1821,16,16,0,False,25.0,1.8
seq_train_002902,P1043089_720.mp4,train,Microsleep,Female,1,1800,1845,16,16,0,False,25.0,1.8
seq_train_002903,P1043089_720.mp4,train,Microsleep,Female,1,1824,1869,16,16,0,False,25.0,1.8
seq_train_002904,P1043089_720.mp4,train,Microsleep,Female,1,1848,1893,16,16,0,False,25.0,1.8
seq_train_002905,P1043089_720.mp4,train,Microsleep,Female,1,1872,1917,16,16,0,False,25.0,1.8
seq_train_002906,P1043089_720.mp4,train,Microsleep,Female,1,1896,1941,16,16,0,False,25.0,1.8
seq_train_002907,P1043089_720.mp4,train,Microsleep,Female,1,1920,1965,16,16,0,False,25.0,1.8
seq_train_002908,P1043089_720.mp4,train,Microsleep,Female,1,1944,1989,16,16,0,False,25.0,1.8
seq_train_002909,P1043089_720.mp4,train,Microsleep,Female,1,1968,2013,16,16,0,False,25.0,1.8
seq_train_002910,P1043089_720.mp4,train,Microsleep,Female,1,1992,2037,16,16,0,False,25.0,1.8
seq_train_002911,P1043089_720.mp4,train,Microsleep,Female,1,2016,2061,16,16,0,False,25.0,1.8
seq_train_002912,P1043089_720.mp4,train,Microsleep,Female,1,2040,2085,16,16,0,False,25.0,1.8
seq_train_002913,P1043089_720.mp4,train,Microsleep,Female,1,2064,2109,16,16,0,False,25.0,1.8
seq_train_002914,P1043089_720.mp4,train,Microsleep,Female,1,2088,2133,16,16,0,False,25.0,1.8
seq_train_002915,P1043089_720.mp4,train,Microsleep,Female,1,2112,2157,16,16,0,False,25.0,1.8
seq_train_002916,P1043089_720.mp4,train,Microsleep,Female,1,2136,2181,16,16,0,False,25.0,1.8
seq_train_002917,P1043089_720.mp4,train,Microsleep,Female,1,2160,2205,16,16,0,False,25.0,1.8
seq_train_002918,P1043089_720.mp4,train,Microsleep,Female,1,2184,2229,16,16,0,False,25.0,1.8
seq_train_002919,P1043089_720.mp4,train,Microsleep,Female,1,2208,2253,16,16,0,False,25.0,1.8
seq_train_002920,P1043089_720.mp4,train,Microsleep,Female,1,2232,2277,16,16,0,False,25.0,1.8
seq_train_002921,P1043089_720.mp4,train,Microsleep,Female,1,2256,2301,16,16,0,False,25.0,1.8
seq_train_002922,P1043089_720.mp4,train,Microsleep,Female,1,2280,2325,16,16,0,False,25.0,1.8
seq_train_002923,P1043089_720.mp4,train,Microsleep,Female,1,2304,2349,16,16,0,False,25.0,1.8
seq_train_002924,P1043089_720.mp4,train,Microsleep,Female,1,2328,2373,16,16,0,False,25.0,1.8
seq_train_002925,P1043089_720.mp4,train,Microsleep,Female,1,2352,2397,16,16,0,False,25.0,1.8
seq_train_002926,P1043089_720.mp4,train,Microsleep,Female,1,2376,2421,16,16,0,False,25.0,1.8
seq_train_002927,P1043089_720.mp4,train,Microsleep,Female,1,2400,2445,16,16,0,False,25.0,1.8
seq_train_002928,P1043089_720.mp4,train,Microsleep,Female,1,2424,2469,16,16,0,False,25.0,1.8
seq_train_002929,P1043089_720.mp4,train,Microsleep,Female,1,2448,2493,16,16,0,False,25.0,1.8
seq_train_002930,P1043089_720.mp4,train,Microsleep,Female,1,2472,2517,16,16,0,False,25.0,1.8
seq_train_002931,P1043089_720.mp4,train,Microsleep,Female,1,2496,2541,16,16,0,False,25.0,1.8
seq_train_002932,P1043089_720.mp4,train,Microsleep,Female,1,2520,2565,16,16,0,False,25.0,1.8
seq_train_002933,P1043089_720.mp4,train,Microsleep,Female,1,2544,2589,16,16,0,False,25.0,1.8
seq_train_002934,P1043089_720.mp4,train,Microsleep,Female,1,2568,2613,16,16,0,False,25.0,1.8
seq_train_002935,P1043089_720.mp4,train,Microsleep,Female,1,2592,2637,16,13,3,True,25.0,1.8
seq_train_002936,P1043089_720.mp4,train,Microsleep,Female,1,2640,2685,16,15,1,True,25.0,1.8
seq_train_002937,P1043089_720.mp4,train,Microsleep,Female,1,2664,2709,16,16,0,False,25.0,1.8
seq_train_002938,P1043089_720.mp4,train,Microsleep,Female,1,2688,2733,16,16,0,False,25.0,1.8
seq_train_002939,P1043089_720.mp4,train,Microsleep,Female,1,2712,2757,16,16,0,False,25.0,1.8
seq_train_002940,P1043089_720.mp4,train,Microsleep,Female,1,2736,2781,16,16,0,False,25.0,1.8
seq_train_002941,P1043089_720.mp4,train,Microsleep,Female,1,2760,2805,16,16,0,False,25.0,1.8
seq_train_002942,P1043089_720.mp4,train,Microsleep,Female,1,2784,2829,16,16,0,False,25.0,1.8
seq_train_002943,P1043089_720.mp4,train,Microsleep,Female,1,2808,2853,16,16,0,False,25.0,1.8
seq_train_002944,P1043089_720.mp4,train,Microsleep,Female,1,2832,2877,16,16,0,False,25.0,1.8
seq_train_002945,P1043089_720.mp4,train,Microsleep,Female,1,2856,2901,16,16,0,False,25.0,1.8
seq_train_002946,P1043089_720.mp4,train,Microsleep,Female,1,2880,2925,16,16,0,False,25.0,1.8
seq_train_002947,P1043089_720.mp4,train,Microsleep,Female,1,2904,2949,16,16,0,False,25.0,1.8
seq_train_002948,P1043089_720.mp4,train,Microsleep,Female,1,2928,2973,16,16,0,False,25.0,1.8
seq_train_002949,P1043089_720.mp4,train,Microsleep,Female,1,2952,2997,16,16,0,False,25.0,1.8
seq_train_002950,P1043089_720.mp4,train,Microsleep,Female,1,2976,3021,16,16,0,False,25.0,1.8
seq_train_002951,P1043089_720.mp4,train,Microsleep,Female,1,3000,3045,16,16,0,False,25.0,1.8
seq_train_002952,P1043089_720.mp4,train,Microsleep,Female,1,3024,3069,16,16,0,False,25.0,1.8
seq_train_002953,P1043089_720.mp4,train,Microsleep,Female,1,3048,3093,16,16,0,False,25.0,1.8
seq_train_002954,P1043089_720.mp4,train,Microsleep,Female,1,3072,3117,16,16,0,False,25.0,1.8
seq_train_002955,P1043067_720.mp4,train,Microsleep,Female,1,0,45,16,16,0,False,25.0,1.8
seq_train_002956,P1043067_720.mp4,train,Microsleep,Female,1,24,69,16,16,0,False,25.0,1.8
seq_train_002957,P1043067_720.mp4,train,Microsleep,Female,1,48,93,16,16,0,False,25.0,1.8
seq_train_002958,P1043067_720.mp4,train,Microsleep,Female,1,72,117,16,16,0,False,25.0,1.8
seq_train_002959,P1043067_720.mp4,train,Microsleep,Female,1,96,141,16,16,0,False,25.0,1.8
seq_train_002960,P1043067_720.mp4,train,Microsleep,Female,1,120,165,16,16,0,False,25.0,1.8
seq_train_002961,P1043067_720.mp4,train,Microsleep,Female,1,144,189,16,16,0,False,25.0,1.8
seq_train_002962,P1043067_720.mp4,train,Microsleep,Female,1,168,213,16,16,0,False,25.0,1.8
seq_train_002963,P1043067_720.mp4,train,Microsleep,Female,1,192,237,16,16,0,False,25.0,1.8
seq_train_002964,P1043067_720.mp4,train,Microsleep,Female,1,216,261,16,16,0,False,25.0,1.8
seq_train_002965,P1043067_720.mp4,train,Microsleep,Female,1,240,285,16,16,0,False,25.0,1.8
seq_train_002966,P1043067_720.mp4,train,Microsleep,Female,1,264,309,16,16,0,False,25.0,1.8
seq_train_002967,P1043067_720.mp4,train,Microsleep,Female,1,288,333,16,16,0,False,25.0,1.8
seq_train_002968,P1043067_720.mp4,train,Microsleep,Female,1,312,357,16,16,0,False,25.0,1.8
seq_train_002969,P1043067_720.mp4,train,Microsleep,Female,1,336,381,16,16,0,False,25.0,1.8
seq_train_002970,P1043067_720.mp4,train,Microsleep,Female,1,360,405,16,16,0,False,25.0,1.8
seq_train_002971,P1043067_720.mp4,train,Microsleep,Female,1,384,429,16,16,0,False,25.0,1.8
seq_train_002972,P1043067_720.mp4,train,Microsleep,Female,1,408,453,16,14,2,True,25.0,1.8
seq_train_002973,P1043067_720.mp4,train,Microsleep,Female,1,432,477,16,14,2,True,25.0,1.8
seq_train_002974,P1043067_720.mp4,train,Microsleep,Female,1,456,501,16,16,0,False,25.0,1.8
seq_train_002975,P1043067_720.mp4,train,Microsleep,Female,1,480,525,16,16,0,False,25.0,1.8
seq_train_002976,P1043067_720.mp4,train,Microsleep,Female,1,504,549,16,16,0,False,25.0,1.8
seq_train_002977,P1043067_720.mp4,train,Microsleep,Female,1,528,573,16,16,0,False,25.0,1.8
seq_train_002978,P1043067_720.mp4,train,Microsleep,Female,1,552,597,16,16,0,False,25.0,1.8
seq_train_002979,P1043067_720.mp4,train,Microsleep,Female,1,576,621,16,16,0,False,25.0,1.8
seq_train_002980,P1043067_720.mp4,train,Microsleep,Female,1,600,645,16,16,0,False,25.0,1.8
seq_train_002981,P1043067_720.mp4,train,Microsleep,Female,1,624,669,16,16,0,False,25.0,1.8
seq_train_002982,P1043067_720.mp4,train,Microsleep,Female,1,648,693,16,16,0,False,25.0,1.8
seq_train_002983,P1043067_720.mp4,train,Microsleep,Female,1,672,717,16,16,0,False,25.0,1.8
seq_train_002984,P1043067_720.mp4,train,Microsleep,Female,1,696,741,16,16,0,False,25.0,1.8
seq_train_002985,P1043067_720.mp4,train,Microsleep,Female,1,720,765,16,16,0,False,25.0,1.8
seq_train_002986,P1043067_720.mp4,train,Microsleep,Female,1,744,789,16,16,0,False,25.0,1.8
seq_train_002987,P1043067_720.mp4,train,Microsleep,Female,1,768,813,16,16,0,False,25.0,1.8
seq_train_002988,P1043067_720.mp4,train,Microsleep,Female,1,792,837,16,16,0,False,25.0,1.8
seq_train_002989,P1043067_720.mp4,train,Microsleep,Female,1,816,861,16,16,0,False,25.0,1.8
seq_train_002990,P1043067_720.mp4,train,Microsleep,Female,1,840,885,16,16,0,False,25.0,1.8
seq_train_002991,P1043067_720.mp4,train,Microsleep,Female,1,864,909,16,16,0,False,25.0,1.8
seq_train_002992,P1043067_720.mp4,train,Microsleep,Female,1,888,933,16,16,0,False,25.0,1.8
seq_train_002993,P1043067_720.mp4,train,Microsleep,Female,1,912,957,16,16,0,False,25.0,1.8
seq_train_002994,P1043067_720.mp4,train,Microsleep,Female,1,936,981,16,16,0,False,25.0,1.8
seq_train_002995,P1043067_720.mp4,train,Microsleep,Female,1,960,1005,16,16,0,False,25.0,1.8
seq_train_002996,P1043067_720.mp4,train,Microsleep,Female,1,984,1029,16,16,0,False,25.0,1.8
seq_train_002997,P1043067_720.mp4,train,Microsleep,Female,1,1008,1053,16,16,0,False,25.0,1.8
seq_train_002998,P1043067_720.mp4,train,Microsleep,Female,1,1032,1077,16,16,0,False,25.0,1.8
seq_train_002999,P1043067_720.mp4,train,Microsleep,Female,1,1056,1101,16,16,0,False,25.0,1.8
seq_train_003000,P1043067_720.mp4,train,Microsleep,Female,1,1080,1125,16,16,0,False,25.0,1.8
seq_train_003001,P1043067_720.mp4,train,Microsleep,Female,1,1104,1149,16,16,0,False,25.0,1.8
seq_train_003002,P1043067_720.mp4,train,Microsleep,Female,1,1128,1173,16,16,0,False,25.0,1.8
seq_train_003003,P1043067_720.mp4,train,Microsleep,Female,1,1152,1197,16,16,0,False,25.0,1.8
seq_train_003004,P1043067_720.mp4,train,Microsleep,Female,1,1176,1221,16,16,0,False,25.0,1.8
seq_train_003005,P1043067_720.mp4,train,Microsleep,Female,1,1200,1245,16,16,0,False,25.0,1.8
seq_train_003006,P1043067_720.mp4,train,Microsleep,Female,1,1224,1269,16,16,0,False,25.0,1.8
seq_train_003007,P1043067_720.mp4,train,Microsleep,Female,1,1248,1293,16,16,0,False,25.0,1.8
seq_train_003008,P1043067_720.mp4,train,Microsleep,Female,1,1272,1317,16,16,0,False,25.0,1.8
seq_train_003009,P1043067_720.mp4,train,Microsleep,Female,1,1296,1341,16,16,0,False,25.0,1.8
seq_train_003010,P1043067_720.mp4,train,Microsleep,Female,1,1320,1365,16,16,0,False,25.0,1.8
seq_train_003011,P1043067_720.mp4,train,Microsleep,Female,1,1344,1389,16,16,0,False,25.0,1.8
seq_train_003012,P1043067_720.mp4,train,Microsleep,Female,1,1368,1413,16,16,0,False,25.0,1.8
seq_train_003013,P1043067_720.mp4,train,Microsleep,Female,1,1392,1437,16,16,0,False,25.0,1.8
seq_train_003014,P1043067_720.mp4,train,Microsleep,Female,1,1416,1461,16,16,0,False,25.0,1.8
seq_train_003015,P1043067_720.mp4,train,Microsleep,Female,1,1440,1485,16,16,0,False,25.0,1.8
seq_train_003016,P1043067_720.mp4,train,Microsleep,Female,1,1464,1509,16,16,0,False,25.0,1.8
seq_train_003017,P1043067_720.mp4,train,Microsleep,Female,1,1488,1533,16,16,0,False,25.0,1.8
seq_train_003018,P1043067_720.mp4,train,Microsleep,Female,1,1512,1557,16,16,0,False,25.0,1.8
seq_train_003019,P1043067_720.mp4,train,Microsleep,Female,1,1536,1581,16,16,0,False,25.0,1.8
seq_train_003020,P1043067_720.mp4,train,Microsleep,Female,1,1560,1605,16,16,0,False,25.0,1.8
seq_train_003021,P1043067_720.mp4,train,Microsleep,Female,1,1584,1629,16,16,0,False,25.0,1.8
seq_train_003022,P1043067_720.mp4,train,Microsleep,Female,1,1608,1653,16,16,0,False,25.0,1.8
seq_train_003023,P1043067_720.mp4,train,Microsleep,Female,1,1632,1677,16,16,0,False,25.0,1.8
seq_train_003024,P1043067_720.mp4,train,Microsleep,Female,1,1656,1701,16,16,0,False,25.0,1.8
seq_train_003025,P1043067_720.mp4,train,Microsleep,Female,1,1680,1725,16,16,0,False,25.0,1.8
seq_train_003026,P1043067_720.mp4,train,Microsleep,Female,1,1704,1749,16,16,0,False,25.0,1.8
seq_train_003027,P1043067_720.mp4,train,Microsleep,Female,1,1728,1773,16,16,0,False,25.0,1.8
seq_train_003028,P1043067_720.mp4,train,Microsleep,Female,1,1752,1797,16,16,0,False,25.0,1.8
seq_train_003029,P1043067_720.mp4,train,Microsleep,Female,1,1776,1821,16,16,0,False,25.0,1.8
seq_train_003030,P1043067_720.mp4,train,Microsleep,Female,1,1800,1845,16,16,0,False,25.0,1.8
seq_train_003031,P1043067_720.mp4,train,Microsleep,Female,1,1824,1869,16,16,0,False,25.0,1.8
seq_train_003032,P1043067_720.mp4,train,Microsleep,Female,1,1848,1893,16,16,0,False,25.0,1.8
seq_train_003033,P1043067_720.mp4,train,Microsleep,Female,1,1872,1917,16,16,0,False,25.0,1.8
seq_train_003034,P1043067_720.mp4,train,Microsleep,Female,1,1896,1941,16,16,0,False,25.0,1.8
seq_train_003035,P1043067_720.mp4,train,Microsleep,Female,1,1920,1965,16,16,0,False,25.0,1.8
seq_train_003036,P1043067_720.mp4,train,Microsleep,Female,1,1944,1989,16,16,0,False,25.0,1.8
seq_train_003037,P1043067_720.mp4,train,Microsleep,Female,1,1968,2013,16,16,0,False,25.0,1.8
seq_train_003038,P1043067_720.mp4,train,Microsleep,Female,1,1992,2037,16,16,0,False,25.0,1.8
seq_train_003039,P1043067_720.mp4,train,Microsleep,Female,1,2016,2061,16,16,0,False,25.0,1.8
seq_train_003040,P1043067_720.mp4,train,Microsleep,Female,1,2040,2085,16,16,0,False,25.0,1.8
seq_train_003041,P1043067_720.mp4,train,Microsleep,Female,1,2064,2109,16,16,0,False,25.0,1.8
seq_train_003042,P1043067_720.mp4,train,Microsleep,Female,1,2088,2133,16,16,0,False,25.0,1.8
seq_train_003043,P1043067_720.mp4,train,Microsleep,Female,1,2112,2157,16,16,0,False,25.0,1.8
seq_train_003044,P1043067_720.mp4,train,Microsleep,Female,1,2136,2181,16,16,0,False,25.0,1.8
seq_train_003045,P1043067_720.mp4,train,Microsleep,Female,1,2160,2205,16,16,0,False,25.0,1.8
seq_train_003046,P1043067_720.mp4,train,Microsleep,Female,1,2184,2229,16,16,0,False,25.0,1.8
seq_train_003047,P1043067_720.mp4,train,Microsleep,Female,1,2208,2253,16,16,0,False,25.0,1.8
seq_train_003048,P1043067_720.mp4,train,Microsleep,Female,1,2232,2277,16,16,0,False,25.0,1.8
seq_train_003049,P1043067_720.mp4,train,Microsleep,Female,1,2256,2301,16,16,0,False,25.0,1.8
seq_train_003050,P1043067_720.mp4,train,Microsleep,Female,1,2280,2325,16,16,0,False,25.0,1.8
seq_train_003051,P1043067_720.mp4,train,Microsleep,Female,1,2304,2349,16,16,0,False,25.0,1.8
seq_train_003052,P1043067_720.mp4,train,Microsleep,Female,1,2328,2373,16,16,0,False,25.0,1.8
seq_train_003053,P1043067_720.mp4,train,Microsleep,Female,1,2352,2397,16,16,0,False,25.0,1.8
seq_train_003054,P1043067_720.mp4,train,Microsleep,Female,1,2376,2421,16,16,0,False,25.0,1.8
seq_train_003055,P1043067_720.mp4,train,Microsleep,Female,1,2400,2445,16,16,0,False,25.0,1.8
seq_train_003056,P1043067_720.mp4,train,Microsleep,Female,1,2424,2469,16,16,0,False,25.0,1.8
seq_train_003057,P1043067_720.mp4,train,Microsleep,Female,1,2448,2493,16,16,0,False,25.0,1.8
seq_train_003058,P1043067_720.mp4,train,Microsleep,Female,1,2472,2517,16,16,0,False,25.0,1.8
seq_train_003059,P1043067_720.mp4,train,Microsleep,Female,1,2496,2541,16,16,0,False,25.0,1.8
seq_train_003060,P1043067_720.mp4,train,Microsleep,Female,1,2520,2565,16,16,0,False,25.0,1.8
seq_train_003061,P1043067_720.mp4,train,Microsleep,Female,1,2544,2589,16,16,0,False,25.0,1.8
seq_train_003062,P1043067_720.mp4,train,Microsleep,Female,1,2568,2613,16,16,0,False,25.0,1.8
seq_train_003063,P1043067_720.mp4,train,Microsleep,Female,1,2592,2637,16,16,0,False,25.0,1.8
seq_train_003064,P1043067_720.mp4,train,Microsleep,Female,1,2616,2661,16,16,0,False,25.0,1.8
seq_train_003065,P1043067_720.mp4,train,Microsleep,Female,1,2640,2685,16,16,0,False,25.0,1.8
seq_train_003066,P1043067_720.mp4,train,Microsleep,Female,1,2664,2709,16,16,0,False,25.0,1.8
seq_train_003067,P1043067_720.mp4,train,Microsleep,Female,1,2688,2733,16,16,0,False,25.0,1.8
seq_train_003068,P1043067_720.mp4,train,Microsleep,Female,1,2712,2757,16,16,0,False,25.0,1.8
seq_train_003069,P1043067_720.mp4,train,Microsleep,Female,1,2736,2781,16,16,0,False,25.0,1.8
seq_train_003070,P1043067_720.mp4,train,Microsleep,Female,1,2760,2805,16,16,0,False,25.0,1.8
seq_train_003071,P1043067_720.mp4,train,Microsleep,Female,1,2784,2829,16,16,0,False,25.0,1.8
seq_train_003072,P1043067_720.mp4,train,Microsleep,Female,1,2808,2853,16,16,0,False,25.0,1.8
seq_train_003073,P1043067_720.mp4,train,Microsleep,Female,1,2832,2877,16,16,0,False,25.0,1.8
seq_train_003074,P1043067_720.mp4,train,Microsleep,Female,1,2856,2901,16,16,0,False,25.0,1.8
seq_train_003075,P1043067_720.mp4,train,Microsleep,Female,1,2880,2925,16,16,0,False,25.0,1.8
seq_train_003076,P1043067_720.mp4,train,Microsleep,Female,1,2904,2949,16,16,0,False,25.0,1.8
seq_train_003077,P1043067_720.mp4,train,Microsleep,Female,1,2928,2973,16,16,0,False,25.0,1.8
seq_train_003078,P1043067_720.mp4,train,Microsleep,Female,1,2952,2997,16,16,0,False,25.0,1.8
seq_train_003079,P1043067_720.mp4,train,Microsleep,Female,1,2976,3021,16,16,0,False,25.0,1.8
seq_train_003080,P1043067_720.mp4,train,Microsleep,Female,1,3000,3045,16,16,0,False,25.0,1.8
seq_train_003081,P1043067_720.mp4,train,Microsleep,Female,1,3024,3069,16,16,0,False,25.0,1.8
seq_train_003082,P1043067_720.mp4,train,Microsleep,Female,1,3048,3093,16,16,0,False,25.0,1.8
seq_train_003083,P1043067_720.mp4,train,Microsleep,Female,1,3072,3117,16,16,0,False,25.0,1.8
seq_train_003084,P1043067_720.mp4,train,Microsleep,Female,1,3096,3141,16,16,0,False,25.0,1.8
seq_train_003085,P1043067_720.mp4,train,Microsleep,Female,1,3120,3165,16,16,0,False,25.0,1.8
seq_train_003086,P1043067_720.mp4,train,Microsleep,Female,1,3144,3189,16,16,0,False,25.0,1.8
seq_train_003087,P1043067_720.mp4,train,Microsleep,Female,1,3168,3213,16,16,0,False,25.0,1.8
seq_train_003088,P1043067_720.mp4,train,Microsleep,Female,1,3192,3237,16,16,0,False,25.0,1.8
seq_train_003089,P1043067_720.mp4,train,Microsleep,Female,1,3216,3261,16,16,0,False,25.0,1.8
seq_train_003090,P1043093_720.mp4,train,Yawning,Female,1,0,45,16,16,0,False,25.0,1.8
seq_train_003091,P1043093_720.mp4,train,Yawning,Female,1,24,69,16,16,0,False,25.0,1.8
seq_train_003092,P1043093_720.mp4,train,Yawning,Female,1,48,93,16,16,0,False,25.0,1.8
seq_train_003093,P1043093_720.mp4,train,Yawning,Female,1,72,117,16,16,0,False,25.0,1.8
seq_train_003094,P1043093_720.mp4,train,Yawning,Female,1,96,141,16,16,0,False,25.0,1.8
seq_train_003095,P1043093_720.mp4,train,Yawning,Female,1,120,165,16,16,0,False,25.0,1.8
seq_train_003096,P1043093_720.mp4,train,Yawning,Female,1,144,189,16,16,0,False,25.0,1.8
seq_train_003097,P1043093_720.mp4,train,Yawning,Female,1,168,213,16,16,0,False,25.0,1.8
seq_train_003098,P1043093_720.mp4,train,Yawning,Female,1,192,237,16,16,0,False,25.0,1.8
seq_train_003099,P1043093_720.mp4,train,Yawning,Female,1,216,261,16,16,0,False,25.0,1.8
seq_train_003100,P1043093_720.mp4,train,Yawning,Female,1,240,285,16,16,0,False,25.0,1.8
seq_train_003101,P1043093_720.mp4,train,Yawning,Female,1,264,309,16,16,0,False,25.0,1.8
seq_train_003102,P1043093_720.mp4,train,Yawning,Female,1,288,333,16,16,0,False,25.0,1.8
seq_train_003103,P1043093_720.mp4,train,Yawning,Female,1,312,357,16,16,0,False,25.0,1.8
seq_train_003104,P1043093_720.mp4,train,Yawning,Female,1,336,381,16,16,0,False,25.0,1.8
seq_train_003105,P1043093_720.mp4,train,Yawning,Female,1,360,405,16,16,0,False,25.0,1.8
seq_train_003106,P1043093_720.mp4,train,Yawning,Female,1,384,429,16,16,0,False,25.0,1.8
seq_train_003107,P1043093_720.mp4,train,Yawning,Female,1,408,453,16,16,0,False,25.0,1.8
seq_train_003108,P1043093_720.mp4,train,Yawning,Female,1,432,477,16,16,0,False,25.0,1.8
seq_train_003109,P1043093_720.mp4,train,Yawning,Female,1,456,501,16,16,0,False,25.0,1.8
seq_train_003110,P1043093_720.mp4,train,Yawning,Female,1,480,525,16,16,0,False,25.0,1.8
seq_train_003111,P1043093_720.mp4,train,Yawning,Female,1,504,549,16,16,0,False,25.0,1.8
seq_train_003112,P1043080_720.mp4,train,Yawning,Male,1,0,45,16,16,0,False,25.0,1.8
seq_train_003113,P1043080_720.mp4,train,Yawning,Male,1,24,69,16,16,0,False,25.0,1.8
seq_train_003114,P1043080_720.mp4,train,Yawning,Male,1,48,93,16,16,0,False,25.0,1.8
seq_train_003115,P1043080_720.mp4,train,Yawning,Male,1,72,117,16,16,0,False,25.0,1.8
seq_train_003116,P1043080_720.mp4,train,Yawning,Male,1,96,141,16,16,0,False,25.0,1.8
seq_train_003117,P1043080_720.mp4,train,Yawning,Male,1,120,165,16,16,0,False,25.0,1.8
seq_train_003118,P1043080_720.mp4,train,Yawning,Male,1,144,189,16,16,0,False,25.0,1.8
seq_train_003119,P1043080_720.mp4,train,Yawning,Male,1,168,213,16,16,0,False,25.0,1.8
seq_train_003120,P1043080_720.mp4,train,Yawning,Male,1,192,237,16,16,0,False,25.0,1.8
seq_train_003121,P1043080_720.mp4,train,Yawning,Male,1,216,261,16,16,0,False,25.0,1.8
seq_train_003122,P1043080_720.mp4,train,Yawning,Male,1,240,285,16,16,0,False,25.0,1.8
seq_train_003123,P1043080_720.mp4,train,Yawning,Male,1,264,309,16,16,0,False,25.0,1.8
seq_train_003124,P1043080_720.mp4,train,Yawning,Male,1,288,333,16,16,0,False,25.0,1.8
seq_train_003125,P1043080_720.mp4,train,Yawning,Male,1,312,357,16,16,0,False,25.0,1.8
seq_train_003126,P1043080_720.mp4,train,Yawning,Male,1,336,381,16,16,0,False,25.0,1.8
seq_train_003127,P1043080_720.mp4,train,Yawning,Male,1,360,405,16,16,0,False,25.0,1.8
seq_train_003128,P1043080_720.mp4,train,Yawning,Male,1,384,429,16,16,0,False,25.0,1.8
seq_train_003129,P1043080_720.mp4,train,Yawning,Male,1,408,453,16,16,0,False,25.0,1.8
seq_train_003130,P1043080_720.mp4,train,Yawning,Male,1,432,477,16,16,0,False,25.0,1.8
seq_train_003131,P1043080_720.mp4,train,Yawning,Male,1,456,501,16,16,0,False,25.0,1.8
seq_train_003132,P1043080_720.mp4,train,Yawning,Male,1,480,525,16,16,0,False,25.0,1.8
seq_train_003133,P1043080_720.mp4,train,Yawning,Male,1,504,549,16,16,0,False,25.0,1.8
seq_train_003134,P1042768_720.mp4,train,Yawning,Male,1,0,45,16,14,2,True,25.0,1.8
seq_train_003135,P1042768_720.mp4,train,Yawning,Male,1,24,69,16,13,3,True,25.0,1.8
seq_train_003136,P1042768_720.mp4,train,Yawning,Male,1,48,93,16,15,1,True,25.0,1.8
seq_train_003137,P1042768_720.mp4,train,Yawning,Male,1,72,117,16,16,0,False,25.0,1.8
seq_train_003138,P1042768_720.mp4,train,Yawning,Male,1,96,141,16,16,0,False,25.0,1.8
seq_train_003139,P1042768_720.mp4,train,Yawning,Male,1,120,165,16,16,0,False,25.0,1.8
seq_train_003140,P1042768_720.mp4,train,Yawning,Male,1,144,189,16,16,0,False,25.0,1.8
seq_train_003141,P1042768_720.mp4,train,Yawning,Male,1,168,213,16,16,0,False,25.0,1.8
seq_train_003142,P1042768_720.mp4,train,Yawning,Male,1,192,237,16,16,0,False,25.0,1.8
seq_train_003143,P1042768_720.mp4,train,Yawning,Male,1,216,261,16,16,0,False,25.0,1.8
seq_train_003144,P1042768_720.mp4,train,Yawning,Male,1,240,285,16,15,1,True,25.0,1.8
seq_train_003145,P1042768_720.mp4,train,Yawning,Male,1,264,309,16,15,1,True,25.0,1.8
seq_train_003146,P1042768_720.mp4,train,Yawning,Male,1,288,333,16,16,0,False,25.0,1.8
seq_train_003147,P1042768_720.mp4,train,Yawning,Male,1,312,357,16,16,0,False,25.0,1.8
seq_train_003148,P1042768_720.mp4,train,Yawning,Male,1,336,381,16,16,0,False,25.0,1.8
seq_train_003149,P1042768_720.mp4,train,Yawning,Male,1,360,405,16,16,0,False,25.0,1.8
seq_train_003150,P1042768_720.mp4,train,Yawning,Male,1,384,429,16,16,0,False,25.0,1.8
seq_train_003151,P1042768_720.mp4,train,Yawning,Male,1,408,453,16,16,0,False,25.0,1.8
seq_train_003152,P1042768_720.mp4,train,Yawning,Male,1,432,477,16,16,0,False,25.0,1.8
seq_train_003153,P1042768_720.mp4,train,Yawning,Male,1,456,501,16,16,0,False,25.0,1.8
seq_train_003154,P1042768_720.mp4,train,Yawning,Male,1,480,525,16,16,0,False,25.0,1.8
seq_train_003155,P1042768_720.mp4,train,Yawning,Male,1,504,549,16,16,0,False,25.0,1.8
seq_train_003156,P1042768_720.mp4,train,Yawning,Male,1,528,573,16,16,0,False,25.0,1.8
seq_train_003157,P1042768_720.mp4,train,Yawning,Male,1,552,597,16,16,0,False,25.0,1.8
seq_train_003158,P1042768_720.mp4,train,Yawning,Male,1,576,621,16,16,0,False,25.0,1.8
seq_train_003159,P1042768_720.mp4,train,Yawning,Male,1,600,645,16,16,0,False,25.0,1.8
seq_train_003160,P1042768_720.mp4,train,Yawning,Male,1,624,669,16,16,0,False,25.0,1.8
seq_train_003161,P1042768_720.mp4,train,Yawning,Male,1,648,693,16,16,0,False,25.0,1.8
seq_train_003162,P1042768_720.mp4,train,Yawning,Male,1,672,717,16,16,0,False,25.0,1.8
seq_train_003163,P1042768_720.mp4,train,Yawning,Male,1,696,741,16,16,0,False,25.0,1.8
seq_train_003164,P1042768_720.mp4,train,Yawning,Male,1,720,765,16,16,0,False,25.0,1.8
seq_train_003165,P1042768_720.mp4,train,Yawning,Male,1,744,789,16,16,0,False,25.0,1.8
seq_train_003166,P1043073_720.mp4,train,Yawning,Female,1,0,45,16,16,0,False,25.0,1.8
seq_train_003167,P1043073_720.mp4,train,Yawning,Female,1,24,69,16,16,0,False,25.0,1.8
seq_train_003168,P1043073_720.mp4,train,Yawning,Female,1,48,93,16,16,0,False,25.0,1.8
seq_train_003169,P1043073_720.mp4,train,Yawning,Female,1,72,117,16,16,0,False,25.0,1.8
seq_train_003170,P1043073_720.mp4,train,Yawning,Female,1,96,141,16,16,0,False,25.0,1.8
seq_train_003171,P1043073_720.mp4,train,Yawning,Female,1,120,165,16,16,0,False,25.0,1.8
seq_train_003172,P1043073_720.mp4,train,Yawning,Female,1,144,189,16,16,0,False,25.0,1.8
seq_train_003173,P1043073_720.mp4,train,Yawning,Female,1,168,213,16,16,0,False,25.0,1.8
seq_train_003174,P1043073_720.mp4,train,Yawning,Female,1,192,237,16,16,0,False,25.0,1.8
seq_train_003175,P1043073_720.mp4,train,Yawning,Female,1,216,261,16,16,0,False,25.0,1.8
seq_train_003176,P1043073_720.mp4,train,Yawning,Female,1,240,285,16,16,0,False,25.0,1.8
seq_train_003177,P1043073_720.mp4,train,Yawning,Female,1,264,309,16,16,0,False,25.0,1.8
seq_train_003178,P1043073_720.mp4,train,Yawning,Female,1,288,333,16,16,0,False,25.0,1.8
seq_train_003179,P1043073_720.mp4,train,Yawning,Female,1,312,357,16,16,0,False,25.0,1.8
seq_train_003180,P1043073_720.mp4,train,Yawning,Female,1,336,381,16,16,0,False,25.0,1.8
seq_train_003181,P1043073_720.mp4,train,Yawning,Female,1,360,405,16,16,0,False,25.0,1.8
seq_train_003182,P1043073_720.mp4,train,Yawning,Female,1,384,429,16,16,0,False,25.0,1.8
seq_train_003183,P1043073_720.mp4,train,Yawning,Female,1,408,453,16,16,0,False,25.0,1.8
seq_train_003184,P1043073_720.mp4,train,Yawning,Female,1,432,477,16,16,0,False,25.0,1.8
seq_train_003185,P1043073_720.mp4,train,Yawning,Female,1,456,501,16,16,0,False,25.0,1.8
seq_train_003186,P1043073_720.mp4,train,Yawning,Female,1,480,525,16,16,0,False,25.0,1.8
seq_train_003187,P1043073_720.mp4,train,Yawning,Female,1,504,549,16,15,1,True,25.0,1.8
seq_train_003188,P1043130_720.mp4,train,Yawning,Female,1,0,45,16,16,0,False,25.0,1.8
seq_train_003189,P1043130_720.mp4,train,Yawning,Female,1,24,69,16,16,0,False,25.0,1.8
seq_train_003190,P1043130_720.mp4,train,Yawning,Female,1,48,93,16,16,0,False,25.0,1.8
seq_train_003191,P1043130_720.mp4,train,Yawning,Female,1,72,117,16,16,0,False,25.0,1.8
seq_train_003192,P1043130_720.mp4,train,Yawning,Female,1,96,141,16,16,0,False,25.0,1.8
seq_train_003193,P1043130_720.mp4,train,Yawning,Female,1,120,165,16,16,0,False,25.0,1.8
seq_train_003194,P1043130_720.mp4,train,Yawning,Female,1,144,189,16,16,0,False,25.0,1.8
seq_train_003195,P1043130_720.mp4,train,Yawning,Female,1,168,213,16,16,0,False,25.0,1.8
seq_train_003196,P1043130_720.mp4,train,Yawning,Female,1,192,237,16,16,0,False,25.0,1.8
seq_train_003197,P1043130_720.mp4,train,Yawning,Female,1,216,261,16,16,0,False,25.0,1.8
seq_train_003198,P1043130_720.mp4,train,Yawning,Female,1,240,285,16,16,0,False,25.0,1.8
seq_train_003199,P1043130_720.mp4,train,Yawning,Female,1,264,309,16,16,0,False,25.0,1.8
seq_train_003200,P1043130_720.mp4,train,Yawning,Female,1,288,333,16,16,0,False,25.0,1.8
seq_train_003201,P1043130_720.mp4,train,Yawning,Female,1,312,357,16,16,0,False,25.0,1.8
seq_train_003202,P1043081_720.mp4,train,Yawning,Male,1,0,45,16,16,0,False,25.0,1.8
seq_train_003203,P1043081_720.mp4,train,Yawning,Male,1,24,69,16,16,0,False,25.0,1.8
seq_train_003204,P1043081_720.mp4,train,Yawning,Male,1,48,93,16,16,0,False,25.0,1.8
seq_train_003205,P1043081_720.mp4,train,Yawning,Male,1,72,117,16,16,0,False,25.0,1.8
seq_train_003206,P1043081_720.mp4,train,Yawning,Male,1,96,141,16,16,0,False,25.0,1.8
seq_train_003207,P1043081_720.mp4,train,Yawning,Male,1,120,165,16,16,0,False,25.0,1.8
seq_train_003208,P1043081_720.mp4,train,Yawning,Male,1,144,189,16,16,0,False,25.0,1.8
seq_train_003209,P1043081_720.mp4,train,Yawning,Male,1,168,213,16,16,0,False,25.0,1.8
seq_train_003210,P1043081_720.mp4,train,Yawning,Male,1,192,237,16,16,0,False,25.0,1.8
seq_train_003211,P1043081_720.mp4,train,Yawning,Male,1,216,261,16,16,0,False,25.0,1.8
seq_train_003212,P1043081_720.mp4,train,Yawning,Male,1,240,285,16,16,0,False,25.0,1.8
seq_train_003213,P1043081_720.mp4,train,Yawning,Male,1,264,309,16,16,0,False,25.0,1.8
seq_train_003214,P1043081_720.mp4,train,Yawning,Male,1,288,333,16,16,0,False,25.0,1.8
seq_train_003215,P1043081_720.mp4,train,Yawning,Male,1,312,357,16,16,0,False,25.0,1.8
seq_train_003216,P1043081_720.mp4,train,Yawning,Male,1,336,381,16,16,0,False,25.0,1.8
seq_train_003217,P1043081_720.mp4,train,Yawning,Male,1,360,405,16,16,0,False,25.0,1.8
seq_train_003218,P1043081_720.mp4,train,Yawning,Male,1,384,429,16,16,0,False,25.0,1.8
seq_train_003219,P1043081_720.mp4,train,Yawning,Male,1,408,453,16,16,0,False,25.0,1.8
seq_train_003220,P1043081_720.mp4,train,Yawning,Male,1,432,477,16,16,0,False,25.0,1.8
seq_train_003221,P1043081_720.mp4,train,Yawning,Male,1,456,501,16,16,0,False,25.0,1.8
seq_train_003222,P1043081_720.mp4,train,Yawning,Male,1,480,525,16,16,0,False,25.0,1.8
seq_train_003223,P1043081_720.mp4,train,Yawning,Male,1,504,549,16,16,0,False,25.0,1.8
seq_train_003224,P1043081_720.mp4,train,Yawning,Male,1,528,573,16,16,0,False,25.0,1.8
seq_train_003225,P1043081_720.mp4,train,Yawning,Male,1,552,597,16,16,0,False,25.0,1.8
seq_train_003226,P1043131_720.mp4,train,Yawning,Female,1,0,45,16,16,0,False,25.0,1.8
seq_train_003227,P1043131_720.mp4,train,Yawning,Female,1,24,69,16,16,0,False,25.0,1.8
seq_train_003228,P1043131_720.mp4,train,Yawning,Female,1,48,93,16,16,0,False,25.0,1.8
seq_train_003229,P1043131_720.mp4,train,Yawning,Female,1,72,117,16,16,0,False,25.0,1.8
seq_train_003230,P1043131_720.mp4,train,Yawning,Female,1,96,141,16,16,0,False,25.0,1.8
seq_train_003231,P1043131_720.mp4,train,Yawning,Female,1,120,165,16,16,0,False,25.0,1.8
seq_train_003232,P1043131_720.mp4,train,Yawning,Female,1,144,189,16,16,0,False,25.0,1.8
seq_train_003233,P1043131_720.mp4,train,Yawning,Female,1,168,213,16,16,0,False,25.0,1.8
seq_train_003234,P1043131_720.mp4,train,Yawning,Female,1,192,237,16,16,0,False,25.0,1.8
seq_train_003235,P1043131_720.mp4,train,Yawning,Female,1,216,261,16,16,0,False,25.0,1.8
seq_train_003236,P1043131_720.mp4,train,Yawning,Female,1,240,285,16,16,0,False,25.0,1.8
seq_train_003237,P1043131_720.mp4,train,Yawning,Female,1,264,309,16,16,0,False,25.0,1.8
seq_train_003238,P1043131_720.mp4,train,Yawning,Female,1,288,333,16,16,0,False,25.0,1.8
seq_train_003239,P1043131_720.mp4,train,Yawning,Female,1,312,357,16,16,0,False,25.0,1.8
seq_train_003240,P1043131_720.mp4,train,Yawning,Female,1,336,381,16,16,0,False,25.0,1.8
seq_train_003241,P1043131_720.mp4,train,Yawning,Female,1,360,405,16,16,0,False,25.0,1.8
seq_train_003242,P1043131_720.mp4,train,Yawning,Female,1,384,429,16,16,0,False,25.0,1.8
seq_train_003243,P1043131_720.mp4,train,Yawning,Female,1,408,453,16,16,0,False,25.0,1.8
seq_train_003244,P1043131_720.mp4,train,Yawning,Female,1,432,477,16,16,0,False,25.0,1.8
seq_train_003245,P1043131_720.mp4,train,Yawning,Female,1,456,501,16,16,0,False,25.0,1.8
seq_train_003246,P1043131_720.mp4,train,Yawning,Female,1,480,525,16,16,0,False,25.0,1.8
seq_train_003247,P1043131_720.mp4,train,Yawning,Female,1,504,549,16,16,0,False,25.0,1.8
seq_train_003248,P1043131_720.mp4,train,Yawning,Female,1,528,573,16,16,0,False,25.0,1.8
seq_train_003249,P1043131_720.mp4,train,Yawning,Female,1,552,597,16,16,0,False,25.0,1.8
seq_train_003250,P1043131_720.mp4,train,Yawning,Female,1,576,621,16,16,0,False,25.0,1.8
seq_train_003251,P1043131_720.mp4,train,Yawning,Female,1,600,645,16,16,0,False,25.0,1.8
seq_train_003252,P1043131_720.mp4,train,Yawning,Female,1,624,669,16,15,1,True,25.0,1.8
seq_train_003253,P1043066_720.mp4,train,Yawning,Female,1,48,93,16,15,1,True,25.0,1.8
seq_train_003254,P1043066_720.mp4,train,Yawning,Female,1,72,117,16,15,1,True,25.0,1.8
seq_train_003255,P1043066_720.mp4,train,Yawning,Female,1,96,141,16,16,0,False,25.0,1.8
seq_train_003256,P1043066_720.mp4,train,Yawning,Female,1,120,165,16,16,0,False,25.0,1.8
seq_train_003257,P1043066_720.mp4,train,Yawning,Female,1,144,189,16,16,0,False,25.0,1.8
seq_train_003258,P1043066_720.mp4,train,Yawning,Female,1,168,213,16,16,0,False,25.0,1.8
seq_train_003259,P1043066_720.mp4,train,Yawning,Female,1,192,237,16,16,0,False,25.0,1.8
seq_train_003260,P1043066_720.mp4,train,Yawning,Female,1,216,261,16,16,0,False,25.0,1.8
seq_train_003261,P1043066_720.mp4,train,Yawning,Female,1,240,285,16,16,0,False,25.0,1.8
seq_train_003262,P1043066_720.mp4,train,Yawning,Female,1,264,309,16,16,0,False,25.0,1.8
seq_train_003263,P1043066_720.mp4,train,Yawning,Female,1,288,333,16,16,0,False,25.0,1.8
seq_train_003264,P1043066_720.mp4,train,Yawning,Female,1,312,357,16,16,0,False,25.0,1.8
seq_train_003265,P1043066_720.mp4,train,Yawning,Female,1,336,381,16,16,0,False,25.0,1.8
seq_train_003266,P1043066_720.mp4,train,Yawning,Female,1,360,405,16,16,0,False,25.0,1.8
seq_train_003267,P1043066_720.mp4,train,Yawning,Female,1,384,429,16,16,0,False,25.0,1.8
seq_train_003268,P1043066_720.mp4,train,Yawning,Female,1,408,453,16,16,0,False,25.0,1.8
seq_train_003269,P1043066_720.mp4,train,Yawning,Female,1,432,477,16,16,0,False,25.0,1.8
seq_train_003270,P1043066_720.mp4,train,Yawning,Female,1,456,501,16,16,0,False,25.0,1.8
seq_train_003271,P1043066_720.mp4,train,Yawning,Female,1,480,525,16,16,0,False,25.0,1.8
seq_train_003272,P1043066_720.mp4,train,Yawning,Female,1,504,549,16,16,0,False,25.0,1.8
seq_train_003273,P1043066_720.mp4,train,Yawning,Female,1,528,573,16,16,0,False,25.0,1.8
seq_train_003274,P1043066_720.mp4,train,Yawning,Female,1,552,597,16,16,0,False,25.0,1.8
seq_train_003275,P1043066_720.mp4,train,Yawning,Female,1,576,621,16,16,0,False,25.0,1.8
seq_train_003276,P1043066_720.mp4,train,Yawning,Female,1,600,645,16,16,0,False,25.0,1.8
seq_train_003277,P1043066_720.mp4,train,Yawning,Female,1,624,669,16,14,2,True,25.0,1.8
seq_train_003278,P1043066_720.mp4,train,Yawning,Female,1,648,693,16,14,2,True,25.0,1.8
seq_train_003279,P1043066_720.mp4,train,Yawning,Female,1,672,717,16,16,0,False,25.0,1.8
seq_train_003280,P1042775_720.mp4,train,Yawning,Male,1,48,93,16,16,0,False,25.0,1.8
seq_train_003281,P1042775_720.mp4,train,Yawning,Male,1,72,117,16,16,0,False,25.0,1.8
seq_train_003282,P1042775_720.mp4,train,Yawning,Male,1,144,189,16,15,1,True,25.0,1.8
seq_train_003283,P1042775_720.mp4,train,Yawning,Male,1,168,213,16,16,0,False,25.0,1.8
seq_train_003284,P1042775_720.mp4,train,Yawning,Male,1,192,237,16,16,0,False,25.0,1.8
seq_train_003285,P1042775_720.mp4,train,Yawning,Male,1,216,261,16,16,0,False,25.0,1.8
seq_train_003286,P1042775_720.mp4,train,Yawning,Male,1,240,285,16,16,0,False,25.0,1.8
seq_train_003287,P1042775_720.mp4,train,Yawning,Male,1,264,309,16,16,0,False,25.0,1.8
seq_train_003288,P1042775_720.mp4,train,Yawning,Male,1,288,333,16,16,0,False,25.0,1.8
seq_train_003289,P1042775_720.mp4,train,Yawning,Male,1,312,357,16,16,0,False,25.0,1.8
seq_train_003290,P1042775_720.mp4,train,Yawning,Male,1,336,381,16,16,0,False,25.0,1.8
seq_train_003291,P1042775_720.mp4,train,Yawning,Male,1,360,405,16,16,0,False,25.0,1.8
seq_train_003292,P1042775_720.mp4,train,Yawning,Male,1,384,429,16,16,0,False,25.0,1.8
seq_train_003293,P1042775_720.mp4,train,Yawning,Male,1,408,453,16,16,0,False,25.0,1.8
seq_train_003294,P1042775_720.mp4,train,Yawning,Male,1,432,477,16,16,0,False,25.0,1.8
seq_train_003295,P1042775_720.mp4,train,Yawning,Male,1,456,501,16,16,0,False,25.0,1.8
seq_train_003296,P1042775_720.mp4,train,Yawning,Male,1,480,525,16,16,0,False,25.0,1.8
seq_train_003297,P1042775_720.mp4,train,Yawning,Male,1,504,549,16,16,0,False,25.0,1.8
seq_train_003298,P1042775_720.mp4,train,Yawning,Male,1,528,573,16,16,0,False,25.0,1.8
seq_train_003299,P1042775_720.mp4,train,Yawning,Male,1,552,597,16,16,0,False,25.0,1.8
seq_train_003300,P1042775_720.mp4,train,Yawning,Male,1,576,621,16,16,0,False,25.0,1.8
seq_train_003301,P1042775_720.mp4,train,Yawning,Male,1,600,645,16,16,0,False,25.0,1.8
seq_train_003302,P1042775_720.mp4,train,Yawning,Male,1,624,669,16,16,0,False,25.0,1.8
seq_train_003303,P1042775_720.mp4,train,Yawning,Male,1,648,693,16,16,0,False,25.0,1.8
seq_train_003304,P1042775_720.mp4,train,Yawning,Male,1,672,717,16,16,0,False,25.0,1.8
seq_train_003305,P1042775_720.mp4,train,Yawning,Male,1,696,741,16,16,0,False,25.0,1.8
seq_train_003306,P1042775_720.mp4,train,Yawning,Male,1,720,765,16,16,0,False,25.0,1.8
seq_train_003307,P1042775_720.mp4,train,Yawning,Male,1,744,789,16,16,0,False,25.0,1.8
seq_train_003308,P1042775_720.mp4,train,Yawning,Male,1,768,813,16,16,0,False,25.0,1.8
seq_train_003309,P1043133_720.mp4,train,Yawning,Female,1,0,45,16,16,0,False,25.0,1.8
seq_train_003310,P1043133_720.mp4,train,Yawning,Female,1,24,69,16,16,0,False,25.0,1.8
seq_train_003311,P1043133_720.mp4,train,Yawning,Female,1,48,93,16,16,0,False,25.0,1.8
seq_train_003312,P1043133_720.mp4,train,Yawning,Female,1,72,117,16,16,0,False,25.0,1.8
seq_train_003313,P1043133_720.mp4,train,Yawning,Female,1,96,141,16,16,0,False,25.0,1.8
seq_train_003314,P1043133_720.mp4,train,Yawning,Female,1,120,165,16,16,0,False,25.0,1.8
seq_train_003315,P1043133_720.mp4,train,Yawning,Female,1,144,189,16,16,0,False,25.0,1.8
seq_train_003316,P1043133_720.mp4,train,Yawning,Female,1,168,213,16,16,0,False,25.0,1.8
seq_train_003317,P1043133_720.mp4,train,Yawning,Female,1,192,237,16,16,0,False,25.0,1.8
seq_train_003318,P1043133_720.mp4,train,Yawning,Female,1,216,261,16,16,0,False,25.0,1.8
seq_train_003319,P1043133_720.mp4,train,Yawning,Female,1,240,285,16,16,0,False,25.0,1.8
seq_train_003320,P1043133_720.mp4,train,Yawning,Female,1,264,309,16,16,0,False,25.0,1.8
seq_train_003321,P1043133_720.mp4,train,Yawning,Female,1,288,333,16,16,0,False,25.0,1.8
seq_train_003322,P1043133_720.mp4,train,Yawning,Female,1,312,357,16,16,0,False,25.0,1.8
seq_train_003323,P1043133_720.mp4,train,Yawning,Female,1,336,381,16,16,0,False,25.0,1.8
seq_train_003324,P1043133_720.mp4,train,Yawning,Female,1,360,405,16,16,0,False,25.0,1.8
seq_train_003325,P1043133_720.mp4,train,Yawning,Female,1,384,429,16,16,0,False,25.0,1.8
seq_train_003326,P1043133_720.mp4,train,Yawning,Female,1,408,453,16,16,0,False,25.0,1.8
seq_train_003327,P1043133_720.mp4,train,Yawning,Female,1,432,477,16,16,0,False,25.0,1.8
seq_train_003328,P1043133_720.mp4,train,Yawning,Female,1,456,501,16,16,0,False,25.0,1.8
seq_train_003329,P1043133_720.mp4,train,Yawning,Female,1,480,525,16,16,0,False,25.0,1.8
seq_train_003330,P1043133_720.mp4,train,Yawning,Female,1,504,549,16,16,0,False,25.0,1.8
seq_train_003331,P1043133_720.mp4,train,Yawning,Female,1,528,573,16,16,0,False,25.0,1.8
seq_train_003332,P1043133_720.mp4,train,Yawning,Female,1,552,597,16,16,0,False,25.0,1.8
seq_train_003333,P1043133_720.mp4,train,Yawning,Female,1,576,621,16,16,0,False,25.0,1.8
seq_train_003334,P1043133_720.mp4,train,Yawning,Female,1,600,645,16,16,0,False,25.0,1.8
seq_train_003335,P1043133_720.mp4,train,Yawning,Female,1,624,669,16,16,0,False,25.0,1.8
seq_train_003336,P1043133_720.mp4,train,Yawning,Female,1,648,693,16,16,0,False,25.0,1.8
seq_train_003337,P1042767_720.mp4,train,Microsleep,Male,1,0,45,16,16,0,False,25.0,1.8
seq_train_003338,P1042767_720.mp4,train,Microsleep,Male,1,24,69,16,16,0,False,25.0,1.8
seq_train_003339,P1042767_720.mp4,train,Microsleep,Male,1,48,93,16,16,0,False,25.0,1.8
seq_train_003340,P1042767_720.mp4,train,Microsleep,Male,1,72,117,16,16,0,False,25.0,1.8
seq_train_003341,P1042767_720.mp4,train,Microsleep,Male,1,96,141,16,16,0,False,25.0,1.8
seq_train_003342,P1042767_720.mp4,train,Microsleep,Male,1,120,165,16,16,0,False,25.0,1.8
seq_train_003343,P1042767_720.mp4,train,Microsleep,Male,1,144,189,16,16,0,False,25.0,1.8
seq_train_003344,P1042767_720.mp4,train,Microsleep,Male,1,168,213,16,16,0,False,25.0,1.8
seq_train_003345,P1042767_720.mp4,train,Microsleep,Male,1,192,237,16,16,0,False,25.0,1.8
seq_train_003346,P1042767_720.mp4,train,Microsleep,Male,1,216,261,16,16,0,False,25.0,1.8
seq_train_003347,P1042767_720.mp4,train,Microsleep,Male,1,240,285,16,16,0,False,25.0,1.8
seq_train_003348,P1042767_720.mp4,train,Microsleep,Male,1,264,309,16,16,0,False,25.0,1.8
seq_train_003349,P1042767_720.mp4,train,Microsleep,Male,1,288,333,16,16,0,False,25.0,1.8
seq_train_003350,P1042767_720.mp4,train,Microsleep,Male,1,312,357,16,16,0,False,25.0,1.8
seq_train_003351,P1042767_720.mp4,train,Microsleep,Male,1,336,381,16,16,0,False,25.0,1.8
seq_train_003352,P1042767_720.mp4,train,Microsleep,Male,1,360,405,16,16,0,False,25.0,1.8
seq_train_003353,P1042767_720.mp4,train,Microsleep,Male,1,384,429,16,14,2,True,25.0,1.8
seq_train_003354,P1042767_720.mp4,train,Microsleep,Male,1,432,477,16,13,3,True,25.0,1.8
seq_train_003355,P1042767_720.mp4,train,Microsleep,Male,1,456,501,16,16,0,False,25.0,1.8
seq_train_003356,P1042767_720.mp4,train,Microsleep,Male,1,480,525,16,16,0,False,25.0,1.8
seq_train_003357,P1042767_720.mp4,train,Microsleep,Male,1,504,549,16,16,0,False,25.0,1.8
seq_train_003358,P1042767_720.mp4,train,Microsleep,Male,1,528,573,16,16,0,False,25.0,1.8
seq_train_003359,P1042767_720.mp4,train,Microsleep,Male,1,552,597,16,16,0,False,25.0,1.8
seq_train_003360,P1042767_720.mp4,train,Microsleep,Male,1,576,621,16,16,0,False,25.0,1.8
seq_train_003361,P1042767_720.mp4,train,Microsleep,Male,1,600,645,16,16,0,False,25.0,1.8
seq_train_003362,P1042767_720.mp4,train,Microsleep,Male,1,624,669,16,16,0,False,25.0,1.8
seq_train_003363,P1042767_720.mp4,train,Microsleep,Male,1,648,693,16,16,0,False,25.0,1.8
seq_train_003364,P1042767_720.mp4,train,Microsleep,Male,1,672,717,16,16,0,False,25.0,1.8
seq_train_003365,P1042767_720.mp4,train,Microsleep,Male,1,696,741,16,16,0,False,25.0,1.8
seq_train_003366,P1042767_720.mp4,train,Microsleep,Male,1,720,765,16,16,0,False,25.0,1.8
seq_train_003367,P1042767_720.mp4,train,Microsleep,Male,1,744,789,16,16,0,False,25.0,1.8
seq_train_003368,P1042767_720.mp4,train,Microsleep,Male,1,768,813,16,16,0,False,25.0,1.8
seq_train_003369,P1042767_720.mp4,train,Microsleep,Male,1,792,837,16,16,0,False,25.0,1.8
seq_train_003370,P1042767_720.mp4,train,Microsleep,Male,1,816,861,16,16,0,False,25.0,1.8
seq_train_003371,P1042767_720.mp4,train,Microsleep,Male,1,840,885,16,16,0,False,25.0,1.8
seq_train_003372,P1042767_720.mp4,train,Microsleep,Male,1,864,909,16,16,0,False,25.0,1.8
seq_train_003373,P1042767_720.mp4,train,Microsleep,Male,1,888,933,16,14,2,True,25.0,1.8
seq_train_003374,P1042767_720.mp4,train,Microsleep,Male,1,912,957,16,14,2,True,25.0,1.8
seq_train_003375,P1042767_720.mp4,train,Microsleep,Male,1,936,981,16,16,0,False,25.0,1.8
seq_train_003376,P1042767_720.mp4,train,Microsleep,Male,1,960,1005,16,16,0,False,25.0,1.8
seq_train_003377,P1042767_720.mp4,train,Microsleep,Male,1,984,1029,16,16,0,False,25.0,1.8
seq_train_003378,P1042767_720.mp4,train,Microsleep,Male,1,1008,1053,16,16,0,False,25.0,1.8
seq_train_003379,P1042767_720.mp4,train,Microsleep,Male,1,1032,1077,16,16,0,False,25.0,1.8
seq_train_003380,P1042767_720.mp4,train,Microsleep,Male,1,1056,1101,16,16,0,False,25.0,1.8
seq_train_003381,P1042767_720.mp4,train,Microsleep,Male,1,1080,1125,16,16,0,False,25.0,1.8
seq_train_003382,P1042767_720.mp4,train,Microsleep,Male,1,1104,1149,16,16,0,False,25.0,1.8
seq_train_003383,P1042767_720.mp4,train,Microsleep,Male,1,1128,1173,16,16,0,False,25.0,1.8
seq_train_003384,P1042767_720.mp4,train,Microsleep,Male,1,1152,1197,16,16,0,False,25.0,1.8
seq_train_003385,P1042767_720.mp4,train,Microsleep,Male,1,1176,1221,16,16,0,False,25.0,1.8
seq_train_003386,P1042767_720.mp4,train,Microsleep,Male,1,1200,1245,16,16,0,False,25.0,1.8
seq_train_003387,P1042767_720.mp4,train,Microsleep,Male,1,1224,1269,16,16,0,False,25.0,1.8
seq_train_003388,P1042767_720.mp4,train,Microsleep,Male,1,1248,1293,16,16,0,False,25.0,1.8
seq_train_003389,P1042767_720.mp4,train,Microsleep,Male,1,1272,1317,16,16,0,False,25.0,1.8
seq_train_003390,P1042767_720.mp4,train,Microsleep,Male,1,1296,1341,16,16,0,False,25.0,1.8
seq_train_003391,P1042767_720.mp4,train,Microsleep,Male,1,1320,1365,16,16,0,False,25.0,1.8
seq_train_003392,P1042767_720.mp4,train,Microsleep,Male,1,1344,1389,16,16,0,False,25.0,1.8
seq_train_003393,P1042767_720.mp4,train,Microsleep,Male,1,1368,1413,16,16,0,False,25.0,1.8
seq_train_003394,P1042767_720.mp4,train,Microsleep,Male,1,1392,1437,16,16,0,False,25.0,1.8
seq_train_003395,P1042767_720.mp4,train,Microsleep,Male,1,1416,1461,16,16,0,False,25.0,1.8
seq_train_003396,P1042767_720.mp4,train,Microsleep,Male,1,1440,1485,16,16,0,False,25.0,1.8
seq_train_003397,P1042767_720.mp4,train,Microsleep,Male,1,1464,1509,16,16,0,False,25.0,1.8
seq_train_003398,P1042767_720.mp4,train,Microsleep,Male,1,1488,1533,16,16,0,False,25.0,1.8
seq_train_003399,P1042767_720.mp4,train,Microsleep,Male,1,1512,1557,16,16,0,False,25.0,1.8
seq_train_003400,P1042767_720.mp4,train,Microsleep,Male,1,1536,1581,16,16,0,False,25.0,1.8
seq_train_003401,P1042767_720.mp4,train,Microsleep,Male,1,1560,1605,16,16,0,False,25.0,1.8
seq_train_003402,P1042767_720.mp4,train,Microsleep,Male,1,1584,1629,16,16,0,False,25.0,1.8
seq_train_003403,P1042767_720.mp4,train,Microsleep,Male,1,1608,1653,16,16,0,False,25.0,1.8
seq_train_003404,P1042767_720.mp4,train,Microsleep,Male,1,1632,1677,16,16,0,False,25.0,1.8
seq_train_003405,P1042767_720.mp4,train,Microsleep,Male,1,1656,1701,16,16,0,False,25.0,1.8
seq_train_003406,P1042767_720.mp4,train,Microsleep,Male,1,1680,1725,16,16,0,False,25.0,1.8
seq_train_003407,P1042767_720.mp4,train,Microsleep,Male,1,1704,1749,16,16,0,False,25.0,1.8
seq_train_003408,P1042767_720.mp4,train,Microsleep,Male,1,1728,1773,16,16,0,False,25.0,1.8
seq_train_003409,P1042767_720.mp4,train,Microsleep,Male,1,1752,1797,16,16,0,False,25.0,1.8
seq_train_003410,P1042767_720.mp4,train,Microsleep,Male,1,1776,1821,16,16,0,False,25.0,1.8
seq_train_003411,P1042767_720.mp4,train,Microsleep,Male,1,1800,1845,16,16,0,False,25.0,1.8
seq_train_003412,P1042767_720.mp4,train,Microsleep,Male,1,1824,1869,16,16,0,False,25.0,1.8
seq_train_003413,P1042767_720.mp4,train,Microsleep,Male,1,1848,1893,16,16,0,False,25.0,1.8
seq_train_003414,P1042767_720.mp4,train,Microsleep,Male,1,1872,1917,16,16,0,False,25.0,1.8
seq_train_003415,P1042767_720.mp4,train,Microsleep,Male,1,1896,1941,16,16,0,False,25.0,1.8
seq_train_003416,P1042767_720.mp4,train,Microsleep,Male,1,1920,1965,16,16,0,False,25.0,1.8
seq_train_003417,P1042767_720.mp4,train,Microsleep,Male,1,1944,1989,16,16,0,False,25.0,1.8
seq_train_003418,P1042767_720.mp4,train,Microsleep,Male,1,1968,2013,16,16,0,False,25.0,1.8
seq_train_003419,P1042767_720.mp4,train,Microsleep,Male,1,1992,2037,16,16,0,False,25.0,1.8
seq_train_003420,P1042767_720.mp4,train,Microsleep,Male,1,2016,2061,16,16,0,False,25.0,1.8
seq_train_003421,P1042767_720.mp4,train,Microsleep,Male,1,2040,2085,16,16,0,False,25.0,1.8
seq_train_003422,P1042767_720.mp4,train,Microsleep,Male,1,2064,2109,16,16,0,False,25.0,1.8
seq_train_003423,P1042767_720.mp4,train,Microsleep,Male,1,2088,2133,16,16,0,False,25.0,1.8
seq_train_003424,P1042767_720.mp4,train,Microsleep,Male,1,2112,2157,16,16,0,False,25.0,1.8
seq_train_003425,P1042767_720.mp4,train,Microsleep,Male,1,2136,2181,16,16,0,False,25.0,1.8
seq_train_003426,P1042767_720.mp4,train,Microsleep,Male,1,2160,2205,16,16,0,False,25.0,1.8
seq_train_003427,P1042767_720.mp4,train,Microsleep,Male,1,2184,2229,16,16,0,False,25.0,1.8
seq_train_003428,P1042767_720.mp4,train,Microsleep,Male,1,2208,2253,16,16,0,False,25.0,1.8
seq_train_003429,P1042767_720.mp4,train,Microsleep,Male,1,2232,2277,16,16,0,False,25.0,1.8
seq_train_003430,P1042767_720.mp4,train,Microsleep,Male,1,2256,2301,16,16,0,False,25.0,1.8
seq_train_003431,P1042767_720.mp4,train,Microsleep,Male,1,2280,2325,16,16,0,False,25.0,1.8
seq_train_003432,P1042767_720.mp4,train,Microsleep,Male,1,2304,2349,16,16,0,False,25.0,1.8
seq_train_003433,P1042767_720.mp4,train,Microsleep,Male,1,2328,2373,16,16,0,False,25.0,1.8
seq_train_003434,P1042767_720.mp4,train,Microsleep,Male,1,2352,2397,16,16,0,False,25.0,1.8
seq_train_003435,P1042767_720.mp4,train,Microsleep,Male,1,2376,2421,16,16,0,False,25.0,1.8
seq_train_003436,P1042767_720.mp4,train,Microsleep,Male,1,2400,2445,16,16,0,False,25.0,1.8
seq_train_003437,P1042767_720.mp4,train,Microsleep,Male,1,2424,2469,16,16,0,False,25.0,1.8
seq_train_003438,P1042767_720.mp4,train,Microsleep,Male,1,2448,2493,16,16,0,False,25.0,1.8
seq_train_003439,P1042767_720.mp4,train,Microsleep,Male,1,2472,2517,16,16,0,False,25.0,1.8
seq_train_003440,P1042767_720.mp4,train,Microsleep,Male,1,2496,2541,16,16,0,False,25.0,1.8
seq_train_003441,P1042767_720.mp4,train,Microsleep,Male,1,2520,2565,16,16,0,False,25.0,1.8
seq_train_003442,P1042767_720.mp4,train,Microsleep,Male,1,2544,2589,16,16,0,False,25.0,1.8
seq_train_003443,P1042767_720.mp4,train,Microsleep,Male,1,2568,2613,16,16,0,False,25.0,1.8
seq_train_003444,P1042767_720.mp4,train,Microsleep,Male,1,2592,2637,16,16,0,False,25.0,1.8
seq_train_003445,P1042767_720.mp4,train,Microsleep,Male,1,2616,2661,16,16,0,False,25.0,1.8
seq_train_003446,P1042767_720.mp4,train,Microsleep,Male,1,2640,2685,16,16,0,False,25.0,1.8
seq_train_003447,P1042767_720.mp4,train,Microsleep,Male,1,2664,2709,16,16,0,False,25.0,1.8
seq_train_003448,P1042767_720.mp4,train,Microsleep,Male,1,2688,2733,16,16,0,False,25.0,1.8
seq_train_003449,P1042767_720.mp4,train,Microsleep,Male,1,2712,2757,16,16,0,False,25.0,1.8
seq_train_003450,P1042767_720.mp4,train,Microsleep,Male,1,2736,2781,16,16,0,False,25.0,1.8
seq_train_003451,P1042767_720.mp4,train,Microsleep,Male,1,2760,2805,16,16,0,False,25.0,1.8
seq_train_003452,P1042767_720.mp4,train,Microsleep,Male,1,2784,2829,16,16,0,False,25.0,1.8
seq_train_003453,P1042767_720.mp4,train,Microsleep,Male,1,2808,2853,16,16,0,False,25.0,1.8
seq_train_003454,P1042767_720.mp4,train,Microsleep,Male,1,2832,2877,16,16,0,False,25.0,1.8
seq_train_003455,P1042767_720.mp4,train,Microsleep,Male,1,2856,2901,16,16,0,False,25.0,1.8
seq_train_003456,P1042767_720.mp4,train,Microsleep,Male,1,2880,2925,16,16,0,False,25.0,1.8
seq_train_003457,P1042767_720.mp4,train,Microsleep,Male,1,2904,2949,16,16,0,False,25.0,1.8
seq_train_003458,P1042767_720.mp4,train,Microsleep,Male,1,2928,2973,16,16,0,False,25.0,1.8
seq_train_003459,P1042767_720.mp4,train,Microsleep,Male,1,2952,2997,16,16,0,False,25.0,1.8
seq_train_003460,P1042767_720.mp4,train,Microsleep,Male,1,2976,3021,16,16,0,False,25.0,1.8
seq_train_003461,P1042767_720.mp4,train,Microsleep,Male,1,3000,3045,16,16,0,False,25.0,1.8
seq_train_003462,P1042767_720.mp4,train,Microsleep,Male,1,3024,3069,16,16,0,False,25.0,1.8
seq_train_003463,P1042767_720.mp4,train,Microsleep,Male,1,3048,3093,16,16,0,False,25.0,1.8
seq_train_003464,P1042767_720.mp4,train,Microsleep,Male,1,3072,3117,16,16,0,False,25.0,1.8
seq_train_003465,P1042767_720.mp4,train,Microsleep,Male,1,3096,3141,16,16,0,False,25.0,1.8
seq_train_003466,P1042767_720.mp4,train,Microsleep,Male,1,3120,3165,16,16,0,False,25.0,1.8
seq_train_003467,P1042767_720.mp4,train,Microsleep,Male,1,3144,3189,16,16,0,False,25.0,1.8
seq_train_003468,P1042767_720.mp4,train,Microsleep,Male,1,3168,3213,16,16,0,False,25.0,1.8
seq_train_003469,P1042783_720.mp4,train,Yawning,Male,1,0,45,16,16,0,False,25.0,1.8
seq_train_003470,P1042783_720.mp4,train,Yawning,Male,1,24,69,16,16,0,False,25.0,1.8
seq_train_003471,P1042783_720.mp4,train,Yawning,Male,1,48,93,16,16,0,False,25.0,1.8
seq_train_003472,P1042783_720.mp4,train,Yawning,Male,1,72,117,16,16,0,False,25.0,1.8
seq_train_003473,P1042783_720.mp4,train,Yawning,Male,1,96,141,16,16,0,False,25.0,1.8
seq_train_003474,P1042783_720.mp4,train,Yawning,Male,1,120,165,16,16,0,False,25.0,1.8
seq_train_003475,P1042783_720.mp4,train,Yawning,Male,1,144,189,16,16,0,False,25.0,1.8
seq_train_003476,P1042783_720.mp4,train,Yawning,Male,1,168,213,16,16,0,False,25.0,1.8
seq_train_003477,P1042783_720.mp4,train,Yawning,Male,1,192,237,16,16,0,False,25.0,1.8
seq_train_003478,P1042783_720.mp4,train,Yawning,Male,1,216,261,16,16,0,False,25.0,1.8
seq_train_003479,P1042783_720.mp4,train,Yawning,Male,1,240,285,16,16,0,False,25.0,1.8
seq_train_003480,P1042783_720.mp4,train,Yawning,Male,1,264,309,16,16,0,False,25.0,1.8
seq_train_003481,P1042783_720.mp4,train,Yawning,Male,1,288,333,16,16,0,False,25.0,1.8
seq_train_003482,P1042783_720.mp4,train,Yawning,Male,1,312,357,16,16,0,False,25.0,1.8
seq_train_003483,P1042783_720.mp4,train,Yawning,Male,1,336,381,16,16,0,False,25.0,1.8
seq_train_003484,P1042783_720.mp4,train,Yawning,Male,1,360,405,16,16,0,False,25.0,1.8
seq_train_003485,P1042783_720.mp4,train,Yawning,Male,1,384,429,16,16,0,False,25.0,1.8
seq_train_003486,P1042783_720.mp4,train,Yawning,Male,1,408,453,16,16,0,False,25.0,1.8
seq_train_003487,P1042783_720.mp4,train,Yawning,Male,1,432,477,16,16,0,False,25.0,1.8
seq_train_003488,P1042783_720.mp4,train,Yawning,Male,1,456,501,16,16,0,False,25.0,1.8
seq_train_003489,P1042783_720.mp4,train,Yawning,Male,1,480,525,16,16,0,False,25.0,1.8
seq_train_003490,P1042783_720.mp4,train,Yawning,Male,1,504,549,16,16,0,False,25.0,1.8
seq_train_003491,P1042783_720.mp4,train,Yawning,Male,1,528,573,16,16,0,False,25.0,1.8
seq_train_003492,P1042783_720.mp4,train,Yawning,Male,1,552,597,16,16,0,False,25.0,1.8
seq_train_003493,P1042783_720.mp4,train,Yawning,Male,1,576,621,16,16,0,False,25.0,1.8
seq_train_003494,P1042783_720.mp4,train,Yawning,Male,1,600,645,16,16,0,False,25.0,1.8
seq_train_003495,P1042783_720.mp4,train,Yawning,Male,1,624,669,16,16,0,False,25.0,1.8
seq_train_003496,P1042783_720.mp4,train,Yawning,Male,1,648,693,16,16,0,False,25.0,1.8
seq_train_003497,P1042783_720.mp4,train,Yawning,Male,1,672,717,16,16,0,False,25.0,1.8
seq_train_003498,P1042783_720.mp4,train,Yawning,Male,1,696,741,16,16,0,False,25.0,1.8
seq_train_003499,P1042783_720.mp4,train,Yawning,Male,1,720,765,16,16,0,False,25.0,1.8
seq_train_003500,P1042783_720.mp4,train,Yawning,Male,1,744,789,16,16,0,False,25.0,1.8
seq_train_003501,P1042783_720.mp4,train,Yawning,Male,1,768,813,16,16,0,False,25.0,1.8
seq_train_003502,P1042782_720.mp4,train,Yawning,Male,1,0,45,16,15,1,True,25.0,1.8
seq_train_003503,P1042782_720.mp4,train,Yawning,Male,1,24,69,16,15,1,True,25.0,1.8
seq_train_003504,P1042782_720.mp4,train,Yawning,Male,1,48,93,16,16,0,False,25.0,1.8
seq_train_003505,P1042782_720.mp4,train,Yawning,Male,1,72,117,16,16,0,False,25.0,1.8
seq_train_003506,P1042782_720.mp4,train,Yawning,Male,1,96,141,16,16,0,False,25.0,1.8
seq_train_003507,P1042782_720.mp4,train,Yawning,Male,1,120,165,16,16,0,False,25.0,1.8
seq_train_003508,P1042782_720.mp4,train,Yawning,Male,1,144,189,16,16,0,False,25.0,1.8
seq_train_003509,P1042782_720.mp4,train,Yawning,Male,1,168,213,16,16,0,False,25.0,1.8
seq_train_003510,P1042782_720.mp4,train,Yawning,Male,1,192,237,16,16,0,False,25.0,1.8
seq_train_003511,P1042782_720.mp4,train,Yawning,Male,1,216,261,16,16,0,False,25.0,1.8
seq_train_003512,P1042782_720.mp4,train,Yawning,Male,1,240,285,16,16,0,False,25.0,1.8
seq_train_003513,P1042782_720.mp4,train,Yawning,Male,1,264,309,16,16,0,False,25.0,1.8
seq_train_003514,P1042782_720.mp4,train,Yawning,Male,1,288,333,16,16,0,False,25.0,1.8
seq_train_003515,P1042782_720.mp4,train,Yawning,Male,1,312,357,16,16,0,False,25.0,1.8
seq_train_003516,P1042782_720.mp4,train,Yawning,Male,1,336,381,16,16,0,False,25.0,1.8
seq_train_003517,P1042782_720.mp4,train,Yawning,Male,1,360,405,16,16,0,False,25.0,1.8
seq_train_003518,P1042782_720.mp4,train,Yawning,Male,1,384,429,16,16,0,False,25.0,1.8
seq_train_003519,P1042782_720.mp4,train,Yawning,Male,1,408,453,16,16,0,False,25.0,1.8
seq_train_003520,P1042782_720.mp4,train,Yawning,Male,1,432,477,16,16,0,False,25.0,1.8
seq_train_003521,P1042782_720.mp4,train,Yawning,Male,1,456,501,16,16,0,False,25.0,1.8
seq_train_003522,P1042782_720.mp4,train,Yawning,Male,1,480,525,16,16,0,False,25.0,1.8
seq_train_003523,P1042782_720.mp4,train,Yawning,Male,1,504,549,16,16,0,False,25.0,1.8
seq_train_003524,P1042782_720.mp4,train,Yawning,Male,1,528,573,16,16,0,False,25.0,1.8
seq_train_003525,P1042782_720.mp4,train,Yawning,Male,1,552,597,16,16,0,False,25.0,1.8
seq_train_003526,P1042782_720.mp4,train,Yawning,Male,1,576,621,16,16,0,False,25.0,1.8
seq_train_003527,P1042782_720.mp4,train,Yawning,Male,1,600,645,16,16,0,False,25.0,1.8
seq_train_003528,P1042782_720.mp4,train,Yawning,Male,1,624,669,16,16,0,False,25.0,1.8
seq_train_003529,P1042782_720.mp4,train,Yawning,Male,1,648,693,16,16,0,False,25.0,1.8
seq_train_003530,P1042782_720.mp4,train,Yawning,Male,1,672,717,16,16,0,False,25.0,1.8
seq_train_003531,P1042782_720.mp4,train,Yawning,Male,1,696,741,16,16,0,False,25.0,1.8
seq_train_003532,P1042782_720.mp4,train,Yawning,Male,1,720,765,16,16,0,False,25.0,1.8
seq_train_003533,P1042782_720.mp4,train,Yawning,Male,1,744,789,16,16,0,False,25.0,1.8
seq_train_003534,P1042782_720.mp4,train,Yawning,Male,1,768,813,16,16,0,False,25.0,1.8
seq_train_003535,P1042782_720.mp4,train,Yawning,Male,1,792,837,16,16,0,False,25.0,1.8
seq_train_003536,P1042782_720.mp4,train,Yawning,Male,1,816,861,16,16,0,False,25.0,1.8
seq_train_003537,P1042782_720.mp4,train,Yawning,Male,1,840,885,16,16,0,False,25.0,1.8
seq_train_003538,P1042782_720.mp4,train,Yawning,Male,1,864,909,16,16,0,False,25.0,1.8
seq_train_003539,P1042782_720.mp4,train,Yawning,Male,1,888,933,16,16,0,False,25.0,1.8
seq_train_003540,P1042751_720.mp4,train,Microsleep,Male,1,0,45,16,16,0,False,25.0,1.8
seq_train_003541,P1042751_720.mp4,train,Microsleep,Male,1,24,69,16,16,0,False,25.0,1.8
seq_train_003542,P1042751_720.mp4,train,Microsleep,Male,1,48,93,16,16,0,False,25.0,1.8
seq_train_003543,P1042751_720.mp4,train,Microsleep,Male,1,72,117,16,16,0,False,25.0,1.8
seq_train_003544,P1042751_720.mp4,train,Microsleep,Male,1,96,141,16,16,0,False,25.0,1.8
seq_train_003545,P1042751_720.mp4,train,Microsleep,Male,1,120,165,16,16,0,False,25.0,1.8
seq_train_003546,P1042751_720.mp4,train,Microsleep,Male,1,144,189,16,16,0,False,25.0,1.8
seq_train_003547,P1042751_720.mp4,train,Microsleep,Male,1,168,213,16,16,0,False,25.0,1.8
seq_train_003548,P1042751_720.mp4,train,Microsleep,Male,1,192,237,16,16,0,False,25.0,1.8
seq_train_003549,P1042751_720.mp4,train,Microsleep,Male,1,216,261,16,16,0,False,25.0,1.8
seq_train_003550,P1042751_720.mp4,train,Microsleep,Male,1,240,285,16,16,0,False,25.0,1.8
seq_train_003551,P1042751_720.mp4,train,Microsleep,Male,1,264,309,16,16,0,False,25.0,1.8
seq_train_003552,P1042751_720.mp4,train,Microsleep,Male,1,288,333,16,16,0,False,25.0,1.8
seq_train_003553,P1042751_720.mp4,train,Microsleep,Male,1,312,357,16,16,0,False,25.0,1.8
seq_train_003554,P1042751_720.mp4,train,Microsleep,Male,1,336,381,16,16,0,False,25.0,1.8
seq_train_003555,P1042751_720.mp4,train,Microsleep,Male,1,360,405,16,16,0,False,25.0,1.8
seq_train_003556,P1042751_720.mp4,train,Microsleep,Male,1,384,429,16,16,0,False,25.0,1.8
seq_train_003557,P1042751_720.mp4,train,Microsleep,Male,1,408,453,16,16,0,False,25.0,1.8
seq_train_003558,P1042751_720.mp4,train,Microsleep,Male,1,432,477,16,16,0,False,25.0,1.8
seq_train_003559,P1042751_720.mp4,train,Microsleep,Male,1,456,501,16,16,0,False,25.0,1.8
seq_train_003560,P1042751_720.mp4,train,Microsleep,Male,1,480,525,16,16,0,False,25.0,1.8
seq_train_003561,P1042751_720.mp4,train,Microsleep,Male,1,504,549,16,16,0,False,25.0,1.8
seq_train_003562,P1042751_720.mp4,train,Microsleep,Male,1,528,573,16,16,0,False,25.0,1.8
seq_train_003563,P1042751_720.mp4,train,Microsleep,Male,1,552,597,16,16,0,False,25.0,1.8
seq_train_003564,P1042751_720.mp4,train,Microsleep,Male,1,576,621,16,16,0,False,25.0,1.8
seq_train_003565,P1042751_720.mp4,train,Microsleep,Male,1,600,645,16,16,0,False,25.0,1.8
seq_train_003566,P1042751_720.mp4,train,Microsleep,Male,1,624,669,16,16,0,False,25.0,1.8
seq_train_003567,P1042751_720.mp4,train,Microsleep,Male,1,648,693,16,16,0,False,25.0,1.8
seq_train_003568,P1042751_720.mp4,train,Microsleep,Male,1,672,717,16,16,0,False,25.0,1.8
seq_train_003569,P1042751_720.mp4,train,Microsleep,Male,1,696,741,16,16,0,False,25.0,1.8
seq_train_003570,P1042751_720.mp4,train,Microsleep,Male,1,720,765,16,16,0,False,25.0,1.8
seq_train_003571,P1042751_720.mp4,train,Microsleep,Male,1,744,789,16,16,0,False,25.0,1.8
seq_train_003572,P1042751_720.mp4,train,Microsleep,Male,1,768,813,16,16,0,False,25.0,1.8
seq_train_003573,P1042751_720.mp4,train,Microsleep,Male,1,792,837,16,16,0,False,25.0,1.8
seq_train_003574,P1042751_720.mp4,train,Microsleep,Male,1,816,861,16,16,0,False,25.0,1.8
seq_train_003575,P1042751_720.mp4,train,Microsleep,Male,1,840,885,16,16,0,False,25.0,1.8
seq_train_003576,P1042751_720.mp4,train,Microsleep,Male,1,864,909,16,16,0,False,25.0,1.8
seq_train_003577,P1042751_720.mp4,train,Microsleep,Male,1,888,933,16,16,0,False,25.0,1.8
seq_train_003578,P1042751_720.mp4,train,Microsleep,Male,1,912,957,16,16,0,False,25.0,1.8
seq_train_003579,P1042751_720.mp4,train,Microsleep,Male,1,936,981,16,16,0,False,25.0,1.8
seq_train_003580,P1042751_720.mp4,train,Microsleep,Male,1,960,1005,16,16,0,False,25.0,1.8
seq_train_003581,P1042751_720.mp4,train,Microsleep,Male,1,984,1029,16,16,0,False,25.0,1.8
seq_train_003582,P1042751_720.mp4,train,Microsleep,Male,1,1008,1053,16,16,0,False,25.0,1.8
seq_train_003583,P1042751_720.mp4,train,Microsleep,Male,1,1032,1077,16,16,0,False,25.0,1.8
seq_train_003584,P1042751_720.mp4,train,Microsleep,Male,1,1056,1101,16,16,0,False,25.0,1.8
seq_train_003585,P1042751_720.mp4,train,Microsleep,Male,1,1080,1125,16,16,0,False,25.0,1.8
seq_train_003586,P1042751_720.mp4,train,Microsleep,Male,1,1104,1149,16,16,0,False,25.0,1.8
seq_train_003587,P1042751_720.mp4,train,Microsleep,Male,1,1128,1173,16,16,0,False,25.0,1.8
seq_train_003588,P1042751_720.mp4,train,Microsleep,Male,1,1152,1197,16,16,0,False,25.0,1.8
seq_train_003589,P1042751_720.mp4,train,Microsleep,Male,1,1176,1221,16,16,0,False,25.0,1.8
seq_train_003590,P1042751_720.mp4,train,Microsleep,Male,1,1200,1245,16,16,0,False,25.0,1.8
seq_train_003591,P1042751_720.mp4,train,Microsleep,Male,1,1224,1269,16,16,0,False,25.0,1.8
seq_train_003592,P1042751_720.mp4,train,Microsleep,Male,1,1248,1293,16,16,0,False,25.0,1.8
seq_train_003593,P1042751_720.mp4,train,Microsleep,Male,1,1272,1317,16,16,0,False,25.0,1.8
seq_train_003594,P1042751_720.mp4,train,Microsleep,Male,1,1296,1341,16,16,0,False,25.0,1.8
seq_train_003595,P1042751_720.mp4,train,Microsleep,Male,1,1320,1365,16,16,0,False,25.0,1.8
seq_train_003596,P1042751_720.mp4,train,Microsleep,Male,1,1344,1389,16,16,0,False,25.0,1.8
seq_train_003597,P1042751_720.mp4,train,Microsleep,Male,1,1368,1413,16,16,0,False,25.0,1.8
seq_train_003598,P1042751_720.mp4,train,Microsleep,Male,1,1392,1437,16,16,0,False,25.0,1.8
seq_train_003599,P1042751_720.mp4,train,Microsleep,Male,1,1416,1461,16,16,0,False,25.0,1.8
seq_train_003600,P1042751_720.mp4,train,Microsleep,Male,1,1440,1485,16,16,0,False,25.0,1.8
seq_train_003601,P1042751_720.mp4,train,Microsleep,Male,1,1464,1509,16,16,0,False,25.0,1.8
seq_train_003602,P1042751_720.mp4,train,Microsleep,Male,1,1488,1533,16,16,0,False,25.0,1.8
seq_train_003603,P1042751_720.mp4,train,Microsleep,Male,1,1512,1557,16,16,0,False,25.0,1.8
seq_train_003604,P1042751_720.mp4,train,Microsleep,Male,1,1536,1581,16,16,0,False,25.0,1.8
seq_train_003605,P1042751_720.mp4,train,Microsleep,Male,1,1560,1605,16,16,0,False,25.0,1.8
seq_train_003606,P1042751_720.mp4,train,Microsleep,Male,1,1584,1629,16,16,0,False,25.0,1.8
seq_train_003607,P1042751_720.mp4,train,Microsleep,Male,1,1608,1653,16,16,0,False,25.0,1.8
seq_train_003608,P1042751_720.mp4,train,Microsleep,Male,1,1632,1677,16,16,0,False,25.0,1.8
seq_train_003609,P1042751_720.mp4,train,Microsleep,Male,1,1656,1701,16,16,0,False,25.0,1.8
seq_train_003610,P1042751_720.mp4,train,Microsleep,Male,1,1680,1725,16,16,0,False,25.0,1.8
seq_train_003611,P1042751_720.mp4,train,Microsleep,Male,1,1704,1749,16,13,3,True,25.0,1.8
seq_train_003612,P1042751_720.mp4,train,Microsleep,Male,1,1728,1773,16,13,3,True,25.0,1.8
seq_train_003613,P1042751_720.mp4,train,Microsleep,Male,1,1752,1797,16,16,0,False,25.0,1.8
seq_train_003614,P1042751_720.mp4,train,Microsleep,Male,1,1776,1821,16,16,0,False,25.0,1.8
seq_train_003615,P1042751_720.mp4,train,Microsleep,Male,1,1800,1845,16,16,0,False,25.0,1.8
seq_train_003616,P1042751_720.mp4,train,Microsleep,Male,1,1824,1869,16,16,0,False,25.0,1.8
seq_train_003617,P1042751_720.mp4,train,Microsleep,Male,1,1848,1893,16,16,0,False,25.0,1.8
seq_train_003618,P1042751_720.mp4,train,Microsleep,Male,1,1872,1917,16,16,0,False,25.0,1.8
seq_train_003619,P1042751_720.mp4,train,Microsleep,Male,1,1896,1941,16,16,0,False,25.0,1.8
seq_train_003620,P1042751_720.mp4,train,Microsleep,Male,1,1920,1965,16,16,0,False,25.0,1.8
seq_train_003621,P1042751_720.mp4,train,Microsleep,Male,1,1944,1989,16,16,0,False,25.0,1.8
seq_train_003622,P1042751_720.mp4,train,Microsleep,Male,1,1968,2013,16,16,0,False,25.0,1.8
seq_train_003623,P1042751_720.mp4,train,Microsleep,Male,1,1992,2037,16,16,0,False,25.0,1.8
seq_train_003624,P1042751_720.mp4,train,Microsleep,Male,1,2016,2061,16,14,2,True,25.0,1.8
seq_train_003625,P1042751_720.mp4,train,Microsleep,Male,1,2040,2085,16,14,2,True,25.0,1.8
seq_train_003626,P1042751_720.mp4,train,Microsleep,Male,1,2064,2109,16,16,0,False,25.0,1.8
seq_train_003627,P1042751_720.mp4,train,Microsleep,Male,1,2088,2133,16,16,0,False,25.0,1.8
seq_train_003628,P1042751_720.mp4,train,Microsleep,Male,1,2112,2157,16,16,0,False,25.0,1.8
seq_train_003629,P1042751_720.mp4,train,Microsleep,Male,1,2136,2181,16,16,0,False,25.0,1.8
seq_train_003630,P1042751_720.mp4,train,Microsleep,Male,1,2160,2205,16,16,0,False,25.0,1.8
seq_train_003631,P1042751_720.mp4,train,Microsleep,Male,1,2184,2229,16,16,0,False,25.0,1.8
seq_train_003632,P1042751_720.mp4,train,Microsleep,Male,1,2208,2253,16,16,0,False,25.0,1.8
seq_train_003633,P1042751_720.mp4,train,Microsleep,Male,1,2232,2277,16,16,0,False,25.0,1.8
seq_train_003634,P1042751_720.mp4,train,Microsleep,Male,1,2256,2301,16,16,0,False,25.0,1.8
seq_train_003635,P1042751_720.mp4,train,Microsleep,Male,1,2280,2325,16,16,0,False,25.0,1.8
seq_train_003636,P1042751_720.mp4,train,Microsleep,Male,1,2304,2349,16,16,0,False,25.0,1.8
seq_train_003637,P1042751_720.mp4,train,Microsleep,Male,1,2328,2373,16,16,0,False,25.0,1.8
seq_train_003638,P1042751_720.mp4,train,Microsleep,Male,1,2352,2397,16,16,0,False,25.0,1.8
seq_train_003639,P1042751_720.mp4,train,Microsleep,Male,1,2376,2421,16,16,0,False,25.0,1.8
seq_train_003640,P1042751_720.mp4,train,Microsleep,Male,1,2400,2445,16,16,0,False,25.0,1.8
seq_train_003641,P1042751_720.mp4,train,Microsleep,Male,1,2424,2469,16,16,0,False,25.0,1.8
seq_train_003642,P1042751_720.mp4,train,Microsleep,Male,1,2448,2493,16,16,0,False,25.0,1.8
seq_train_003643,P1042751_720.mp4,train,Microsleep,Male,1,2472,2517,16,16,0,False,25.0,1.8
seq_train_003644,P1042751_720.mp4,train,Microsleep,Male,1,2496,2541,16,16,0,False,25.0,1.8
seq_train_003645,P1042751_720.mp4,train,Microsleep,Male,1,2520,2565,16,16,0,False,25.0,1.8
seq_train_003646,P1042751_720.mp4,train,Microsleep,Male,1,2544,2589,16,16,0,False,25.0,1.8
seq_train_003647,P1042751_720.mp4,train,Microsleep,Male,1,2568,2613,16,16,0,False,25.0,1.8
seq_train_003648,P1042751_720.mp4,train,Microsleep,Male,1,2592,2637,16,16,0,False,25.0,1.8
seq_train_003649,P1042751_720.mp4,train,Microsleep,Male,1,2616,2661,16,16,0,False,25.0,1.8
seq_train_003650,P1042751_720.mp4,train,Microsleep,Male,1,2640,2685,16,16,0,False,25.0,1.8
seq_train_003651,P1042751_720.mp4,train,Microsleep,Male,1,2664,2709,16,16,0,False,25.0,1.8
seq_train_003652,P1042751_720.mp4,train,Microsleep,Male,1,2688,2733,16,16,0,False,25.0,1.8
seq_train_003653,P1042751_720.mp4,train,Microsleep,Male,1,2712,2757,16,16,0,False,25.0,1.8
seq_train_003654,P1042751_720.mp4,train,Microsleep,Male,1,2736,2781,16,16,0,False,25.0,1.8
seq_train_003655,P1042751_720.mp4,train,Microsleep,Male,1,2760,2805,16,16,0,False,25.0,1.8
seq_train_003656,P1042751_720.mp4,train,Microsleep,Male,1,2784,2829,16,16,0,False,25.0,1.8
seq_train_003657,P1042751_720.mp4,train,Microsleep,Male,1,2808,2853,16,16,0,False,25.0,1.8
seq_train_003658,P1042751_720.mp4,train,Microsleep,Male,1,2832,2877,16,16,0,False,25.0,1.8
seq_train_003659,P1042751_720.mp4,train,Microsleep,Male,1,2856,2901,16,16,0,False,25.0,1.8
seq_train_003660,P1042751_720.mp4,train,Microsleep,Male,1,2880,2925,16,16,0,False,25.0,1.8
seq_train_003661,P1042751_720.mp4,train,Microsleep,Male,1,2904,2949,16,16,0,False,25.0,1.8
seq_train_003662,P1042751_720.mp4,train,Microsleep,Male,1,2928,2973,16,16,0,False,25.0,1.8
seq_train_003663,P1042751_720.mp4,train,Microsleep,Male,1,2952,2997,16,16,0,False,25.0,1.8
seq_train_003664,P1042751_720.mp4,train,Microsleep,Male,1,2976,3021,16,16,0,False,25.0,1.8
seq_train_003665,P1042751_720.mp4,train,Microsleep,Male,1,3000,3045,16,16,0,False,25.0,1.8
seq_train_003666,P1042751_720.mp4,train,Microsleep,Male,1,3024,3069,16,16,0,False,25.0,1.8
seq_train_003667,P1042751_720.mp4,train,Microsleep,Male,1,3048,3093,16,16,0,False,25.0,1.8
seq_train_003668,P1042751_720.mp4,train,Microsleep,Male,1,3072,3117,16,16,0,False,25.0,1.8
seq_train_003669,P1042751_720.mp4,train,Microsleep,Male,1,3096,3141,16,16,0,False,25.0,1.8
seq_train_003670,P1042751_720.mp4,train,Microsleep,Male,1,3120,3165,16,16,0,False,25.0,1.8
seq_train_003671,P1042751_720.mp4,train,Microsleep,Male,1,3144,3189,16,16,0,False,25.0,1.8
seq_train_003672,P1042751_720.mp4,train,Microsleep,Male,1,3168,3213,16,16,0,False,25.0,1.8
seq_train_003673,P1043112_720.mp4,train,Yawning,Female,1,0,45,16,16,0,False,25.0,1.8
seq_train_003674,P1043112_720.mp4,train,Yawning,Female,1,24,69,16,16,0,False,25.0,1.8
seq_train_003675,P1043112_720.mp4,train,Yawning,Female,1,48,93,16,16,0,False,25.0,1.8
seq_train_003676,P1043112_720.mp4,train,Yawning,Female,1,72,117,16,16,0,False,25.0,1.8
seq_train_003677,P1043112_720.mp4,train,Yawning,Female,1,96,141,16,16,0,False,25.0,1.8
seq_train_003678,P1043112_720.mp4,train,Yawning,Female,1,120,165,16,16,0,False,25.0,1.8
seq_train_003679,P1043112_720.mp4,train,Yawning,Female,1,144,189,16,16,0,False,25.0,1.8
seq_train_003680,P1043112_720.mp4,train,Yawning,Female,1,168,213,16,16,0,False,25.0,1.8
seq_train_003681,P1043112_720.mp4,train,Yawning,Female,1,192,237,16,16,0,False,25.0,1.8
seq_train_003682,P1043112_720.mp4,train,Yawning,Female,1,216,261,16,16,0,False,25.0,1.8
seq_train_003683,P1043112_720.mp4,train,Yawning,Female,1,240,285,16,16,0,False,25.0,1.8
seq_train_003684,P1043112_720.mp4,train,Yawning,Female,1,264,309,16,16,0,False,25.0,1.8
seq_train_003685,P1043112_720.mp4,train,Yawning,Female,1,288,333,16,16,0,False,25.0,1.8
seq_train_003686,P1043112_720.mp4,train,Yawning,Female,1,312,357,16,16,0,False,25.0,1.8
seq_train_003687,P1043112_720.mp4,train,Yawning,Female,1,336,381,16,16,0,False,25.0,1.8
seq_train_003688,P1043112_720.mp4,train,Yawning,Female,1,360,405,16,16,0,False,25.0,1.8
seq_train_003689,P1043112_720.mp4,train,Yawning,Female,1,384,429,16,16,0,False,25.0,1.8
seq_train_003690,P1043112_720.mp4,train,Yawning,Female,1,408,453,16,16,0,False,25.0,1.8
seq_train_003691,P1043112_720.mp4,train,Yawning,Female,1,432,477,16,16,0,False,25.0,1.8
seq_train_003692,P1043112_720.mp4,train,Yawning,Female,1,456,501,16,16,0,False,25.0,1.8
seq_train_003693,P1043060_720.mp4,train,Yawning,Female,1,0,45,16,16,0,False,25.0,1.8
seq_train_003694,P1043060_720.mp4,train,Yawning,Female,1,24,69,16,16,0,False,25.0,1.8
seq_train_003695,P1043060_720.mp4,train,Yawning,Female,1,48,93,16,16,0,False,25.0,1.8
seq_train_003696,P1043060_720.mp4,train,Yawning,Female,1,72,117,16,16,0,False,25.0,1.8
seq_train_003697,P1043060_720.mp4,train,Yawning,Female,1,96,141,16,16,0,False,25.0,1.8
seq_train_003698,P1043060_720.mp4,train,Yawning,Female,1,120,165,16,16,0,False,25.0,1.8
seq_train_003699,P1043060_720.mp4,train,Yawning,Female,1,144,189,16,16,0,False,25.0,1.8
seq_train_003700,P1043060_720.mp4,train,Yawning,Female,1,168,213,16,16,0,False,25.0,1.8
seq_train_003701,P1043060_720.mp4,train,Yawning,Female,1,192,237,16,16,0,False,25.0,1.8
seq_train_003702,P1043060_720.mp4,train,Yawning,Female,1,216,261,16,16,0,False,25.0,1.8
seq_train_003703,P1043060_720.mp4,train,Yawning,Female,1,240,285,16,16,0,False,25.0,1.8
seq_train_003704,P1043060_720.mp4,train,Yawning,Female,1,264,309,16,14,2,True,25.0,1.8
seq_train_003705,P1043060_720.mp4,train,Yawning,Female,1,288,333,16,14,2,True,25.0,1.8
seq_train_003706,P1043060_720.mp4,train,Yawning,Female,1,312,357,16,16,0,False,25.0,1.8
seq_train_003707,P1043060_720.mp4,train,Yawning,Female,1,336,381,16,16,0,False,25.0,1.8
seq_train_003708,P1043060_720.mp4,train,Yawning,Female,1,360,405,16,16,0,False,25.0,1.8
seq_train_003709,P1043060_720.mp4,train,Yawning,Female,1,384,429,16,16,0,False,25.0,1.8
seq_train_003710,P1043060_720.mp4,train,Yawning,Female,1,408,453,16,16,0,False,25.0,1.8
seq_train_003711,P1043060_720.mp4,train,Yawning,Female,1,432,477,16,16,0,False,25.0,1.8
seq_train_003712,P1043060_720.mp4,train,Yawning,Female,1,456,501,16,16,0,False,25.0,1.8
seq_train_003713,P1043060_720.mp4,train,Yawning,Female,1,480,525,16,16,0,False,25.0,1.8
seq_train_003714,P1043060_720.mp4,train,Yawning,Female,1,504,549,16,16,0,False,25.0,1.8
seq_train_003715,P1043060_720.mp4,train,Yawning,Female,1,528,573,16,16,0,False,25.0,1.8
seq_train_003716,P1043060_720.mp4,train,Yawning,Female,1,552,597,16,16,0,False,25.0,1.8
seq_train_003717,P1043060_720.mp4,train,Yawning,Female,1,576,621,16,16,0,False,25.0,1.8
seq_train_003718,P1043060_720.mp4,train,Yawning,Female,1,648,693,16,15,1,True,25.0,1.8
seq_train_003719,P1043060_720.mp4,train,Yawning,Female,1,672,717,16,16,0,False,25.0,1.8
seq_train_003720,P1043060_720.mp4,train,Yawning,Female,1,696,741,16,16,0,False,25.0,1.8
seq_train_003721,P1043060_720.mp4,train,Yawning,Female,1,720,765,16,16,0,False,25.0,1.8
seq_train_003722,P1043068_720.mp4,train,Microsleep,Female,1,0,45,16,16,0,False,25.0,1.8
seq_train_003723,P1043068_720.mp4,train,Microsleep,Female,1,24,69,16,16,0,False,25.0,1.8
seq_train_003724,P1043068_720.mp4,train,Microsleep,Female,1,48,93,16,16,0,False,25.0,1.8
seq_train_003725,P1043068_720.mp4,train,Microsleep,Female,1,72,117,16,16,0,False,25.0,1.8
seq_train_003726,P1043068_720.mp4,train,Microsleep,Female,1,96,141,16,16,0,False,25.0,1.8
seq_train_003727,P1043068_720.mp4,train,Microsleep,Female,1,120,165,16,16,0,False,25.0,1.8
seq_train_003728,P1043068_720.mp4,train,Microsleep,Female,1,144,189,16,16,0,False,25.0,1.8
seq_train_003729,P1043068_720.mp4,train,Microsleep,Female,1,168,213,16,16,0,False,25.0,1.8
seq_train_003730,P1043068_720.mp4,train,Microsleep,Female,1,192,237,16,16,0,False,25.0,1.8
seq_train_003731,P1043068_720.mp4,train,Microsleep,Female,1,216,261,16,16,0,False,25.0,1.8
seq_train_003732,P1043068_720.mp4,train,Microsleep,Female,1,240,285,16,16,0,False,25.0,1.8
seq_train_003733,P1043068_720.mp4,train,Microsleep,Female,1,264,309,16,16,0,False,25.0,1.8
seq_train_003734,P1043068_720.mp4,train,Microsleep,Female,1,288,333,16,16,0,False,25.0,1.8
seq_train_003735,P1043068_720.mp4,train,Microsleep,Female,1,312,357,16,16,0,False,25.0,1.8
seq_train_003736,P1043068_720.mp4,train,Microsleep,Female,1,336,381,16,16,0,False,25.0,1.8
seq_train_003737,P1043068_720.mp4,train,Microsleep,Female,1,360,405,16,16,0,False,25.0,1.8
seq_train_003738,P1043068_720.mp4,train,Microsleep,Female,1,384,429,16,16,0,False,25.0,1.8
seq_train_003739,P1043068_720.mp4,train,Microsleep,Female,1,408,453,16,16,0,False,25.0,1.8
seq_train_003740,P1043068_720.mp4,train,Microsleep,Female,1,432,477,16,15,1,True,25.0,1.8
seq_train_003741,P1043068_720.mp4,train,Microsleep,Female,1,504,549,16,16,0,False,25.0,1.8
seq_train_003742,P1043068_720.mp4,train,Microsleep,Female,1,528,573,16,16,0,False,25.0,1.8
seq_train_003743,P1043068_720.mp4,train,Microsleep,Female,1,552,597,16,16,0,False,25.0,1.8
seq_train_003744,P1043068_720.mp4,train,Microsleep,Female,1,576,621,16,16,0,False,25.0,1.8
seq_train_003745,P1043068_720.mp4,train,Microsleep,Female,1,600,645,16,16,0,False,25.0,1.8
seq_train_003746,P1043068_720.mp4,train,Microsleep,Female,1,624,669,16,16,0,False,25.0,1.8
seq_train_003747,P1043068_720.mp4,train,Microsleep,Female,1,648,693,16,16,0,False,25.0,1.8
seq_train_003748,P1043068_720.mp4,train,Microsleep,Female,1,672,717,16,16,0,False,25.0,1.8
seq_train_003749,P1043068_720.mp4,train,Microsleep,Female,1,696,741,16,15,1,True,25.0,1.8
seq_train_003750,P1043068_720.mp4,train,Microsleep,Female,1,744,789,16,13,3,True,25.0,1.8
seq_train_003751,P1043068_720.mp4,train,Microsleep,Female,1,768,813,16,16,0,False,25.0,1.8
seq_train_003752,P1043068_720.mp4,train,Microsleep,Female,1,792,837,16,16,0,False,25.0,1.8
seq_train_003753,P1043068_720.mp4,train,Microsleep,Female,1,816,861,16,16,0,False,25.0,1.8
seq_train_003754,P1043068_720.mp4,train,Microsleep,Female,1,840,885,16,16,0,False,25.0,1.8
seq_train_003755,P1043068_720.mp4,train,Microsleep,Female,1,864,909,16,16,0,False,25.0,1.8
seq_train_003756,P1043068_720.mp4,train,Microsleep,Female,1,888,933,16,16,0,False,25.0,1.8
seq_train_003757,P1043068_720.mp4,train,Microsleep,Female,1,912,957,16,16,0,False,25.0,1.8
seq_train_003758,P1043068_720.mp4,train,Microsleep,Female,1,936,981,16,16,0,False,25.0,1.8
seq_train_003759,P1043068_720.mp4,train,Microsleep,Female,1,960,1005,16,15,1,True,25.0,1.8
seq_train_003760,P1043068_720.mp4,train,Microsleep,Female,1,984,1029,16,13,3,True,25.0,1.8
seq_train_003761,P1043068_720.mp4,train,Microsleep,Female,1,1008,1053,16,14,2,True,25.0,1.8
seq_train_003762,P1043068_720.mp4,train,Microsleep,Female,1,1032,1077,16,16,0,False,25.0,1.8
seq_train_003763,P1043068_720.mp4,train,Microsleep,Female,1,1056,1101,16,16,0,False,25.0,1.8
seq_train_003764,P1043068_720.mp4,train,Microsleep,Female,1,1080,1125,16,16,0,False,25.0,1.8
seq_train_003765,P1043068_720.mp4,train,Microsleep,Female,1,1104,1149,16,16,0,False,25.0,1.8
seq_train_003766,P1043068_720.mp4,train,Microsleep,Female,1,1128,1173,16,13,3,True,25.0,1.8
seq_train_003767,P1043068_720.mp4,train,Microsleep,Female,1,1152,1197,16,13,3,True,25.0,1.8
seq_train_003768,P1043068_720.mp4,train,Microsleep,Female,1,1176,1221,16,16,0,False,25.0,1.8
seq_train_003769,P1043068_720.mp4,train,Microsleep,Female,1,1200,1245,16,16,0,False,25.0,1.8
seq_train_003770,P1043068_720.mp4,train,Microsleep,Female,1,1224,1269,16,16,0,False,25.0,1.8
seq_train_003771,P1043068_720.mp4,train,Microsleep,Female,1,1248,1293,16,16,0,False,25.0,1.8
seq_train_003772,P1043068_720.mp4,train,Microsleep,Female,1,1272,1317,16,16,0,False,25.0,1.8
seq_train_003773,P1043068_720.mp4,train,Microsleep,Female,1,1296,1341,16,16,0,False,25.0,1.8
seq_train_003774,P1043068_720.mp4,train,Microsleep,Female,1,1320,1365,16,16,0,False,25.0,1.8
seq_train_003775,P1043068_720.mp4,train,Microsleep,Female,1,1344,1389,16,16,0,False,25.0,1.8
seq_train_003776,P1043068_720.mp4,train,Microsleep,Female,1,1368,1413,16,16,0,False,25.0,1.8
seq_train_003777,P1043068_720.mp4,train,Microsleep,Female,1,1392,1437,16,16,0,False,25.0,1.8
seq_train_003778,P1043068_720.mp4,train,Microsleep,Female,1,1416,1461,16,16,0,False,25.0,1.8
seq_train_003779,P1043068_720.mp4,train,Microsleep,Female,1,1440,1485,16,16,0,False,25.0,1.8
seq_train_003780,P1043068_720.mp4,train,Microsleep,Female,1,1464,1509,16,16,0,False,25.0,1.8
seq_train_003781,P1043068_720.mp4,train,Microsleep,Female,1,1488,1533,16,16,0,False,25.0,1.8
seq_train_003782,P1043068_720.mp4,train,Microsleep,Female,1,1512,1557,16,16,0,False,25.0,1.8
seq_train_003783,P1043068_720.mp4,train,Microsleep,Female,1,1536,1581,16,16,0,False,25.0,1.8
seq_train_003784,P1043068_720.mp4,train,Microsleep,Female,1,1560,1605,16,16,0,False,25.0,1.8
seq_train_003785,P1043068_720.mp4,train,Microsleep,Female,1,1584,1629,16,16,0,False,25.0,1.8
seq_train_003786,P1043068_720.mp4,train,Microsleep,Female,1,1608,1653,16,16,0,False,25.0,1.8
seq_train_003787,P1043068_720.mp4,train,Microsleep,Female,1,1632,1677,16,16,0,False,25.0,1.8
seq_train_003788,P1043068_720.mp4,train,Microsleep,Female,1,1656,1701,16,14,2,True,25.0,1.8
seq_train_003789,P1043068_720.mp4,train,Microsleep,Female,1,1704,1749,16,14,2,True,25.0,1.8
seq_train_003790,P1043068_720.mp4,train,Microsleep,Female,1,1728,1773,16,16,0,False,25.0,1.8
seq_train_003791,P1043068_720.mp4,train,Microsleep,Female,1,1752,1797,16,16,0,False,25.0,1.8
seq_train_003792,P1043068_720.mp4,train,Microsleep,Female,1,1776,1821,16,16,0,False,25.0,1.8
seq_train_003793,P1043068_720.mp4,train,Microsleep,Female,1,1800,1845,16,15,1,True,25.0,1.8
seq_train_003794,P1043068_720.mp4,train,Microsleep,Female,1,1824,1869,16,15,1,True,25.0,1.8
seq_train_003795,P1043068_720.mp4,train,Microsleep,Female,1,1848,1893,16,16,0,False,25.0,1.8
seq_train_003796,P1043068_720.mp4,train,Microsleep,Female,1,1872,1917,16,16,0,False,25.0,1.8
seq_train_003797,P1043068_720.mp4,train,Microsleep,Female,1,1896,1941,16,16,0,False,25.0,1.8
seq_train_003798,P1043068_720.mp4,train,Microsleep,Female,1,1920,1965,16,16,0,False,25.0,1.8
seq_train_003799,P1043068_720.mp4,train,Microsleep,Female,1,1944,1989,16,16,0,False,25.0,1.8
seq_train_003800,P1043068_720.mp4,train,Microsleep,Female,1,1968,2013,16,16,0,False,25.0,1.8
seq_train_003801,P1043068_720.mp4,train,Microsleep,Female,1,1992,2037,16,15,1,True,25.0,1.8
seq_train_003802,P1043068_720.mp4,train,Microsleep,Female,1,2040,2085,16,13,3,True,25.0,1.8
seq_train_003803,P1043068_720.mp4,train,Microsleep,Female,1,2064,2109,16,16,0,False,25.0,1.8
seq_train_003804,P1043068_720.mp4,train,Microsleep,Female,1,2088,2133,16,16,0,False,25.0,1.8
seq_train_003805,P1043068_720.mp4,train,Microsleep,Female,1,2112,2157,16,16,0,False,25.0,1.8
seq_train_003806,P1043068_720.mp4,train,Microsleep,Female,1,2136,2181,16,16,0,False,25.0,1.8
seq_train_003807,P1043068_720.mp4,train,Microsleep,Female,1,2160,2205,16,16,0,False,25.0,1.8
seq_train_003808,P1043068_720.mp4,train,Microsleep,Female,1,2184,2229,16,16,0,False,25.0,1.8
seq_train_003809,P1043068_720.mp4,train,Microsleep,Female,1,2208,2253,16,16,0,False,25.0,1.8
seq_train_003810,P1043068_720.mp4,train,Microsleep,Female,1,2232,2277,16,16,0,False,25.0,1.8
seq_train_003811,P1043068_720.mp4,train,Microsleep,Female,1,2256,2301,16,16,0,False,25.0,1.8
seq_train_003812,P1043068_720.mp4,train,Microsleep,Female,1,2280,2325,16,16,0,False,25.0,1.8
seq_train_003813,P1043068_720.mp4,train,Microsleep,Female,1,2304,2349,16,16,0,False,25.0,1.8
seq_train_003814,P1043068_720.mp4,train,Microsleep,Female,1,2328,2373,16,16,0,False,25.0,1.8
seq_train_003815,P1043068_720.mp4,train,Microsleep,Female,1,2352,2397,16,16,0,False,25.0,1.8
seq_train_003816,P1043068_720.mp4,train,Microsleep,Female,1,2376,2421,16,16,0,False,25.0,1.8
seq_train_003817,P1043068_720.mp4,train,Microsleep,Female,1,2400,2445,16,16,0,False,25.0,1.8
seq_train_003818,P1043068_720.mp4,train,Microsleep,Female,1,2424,2469,16,16,0,False,25.0,1.8
seq_train_003819,P1043068_720.mp4,train,Microsleep,Female,1,2448,2493,16,14,2,True,25.0,1.8
seq_train_003820,P1043068_720.mp4,train,Microsleep,Female,1,2472,2517,16,14,2,True,25.0,1.8
seq_train_003821,P1043068_720.mp4,train,Microsleep,Female,1,2496,2541,16,16,0,False,25.0,1.8
seq_train_003822,P1043068_720.mp4,train,Microsleep,Female,1,2520,2565,16,16,0,False,25.0,1.8
seq_train_003823,P1043068_720.mp4,train,Microsleep,Female,1,2544,2589,16,16,0,False,25.0,1.8
seq_train_003824,P1043068_720.mp4,train,Microsleep,Female,1,2568,2613,16,16,0,False,25.0,1.8
seq_train_003825,P1043068_720.mp4,train,Microsleep,Female,1,2592,2637,16,16,0,False,25.0,1.8
seq_train_003826,P1043068_720.mp4,train,Microsleep,Female,1,2616,2661,16,16,0,False,25.0,1.8
seq_train_003827,P1043068_720.mp4,train,Microsleep,Female,1,2640,2685,16,16,0,False,25.0,1.8
seq_train_003828,P1043068_720.mp4,train,Microsleep,Female,1,2664,2709,16,16,0,False,25.0,1.8
seq_train_003829,P1043068_720.mp4,train,Microsleep,Female,1,2688,2733,16,16,0,False,25.0,1.8
seq_train_003830,P1043068_720.mp4,train,Microsleep,Female,1,2712,2757,16,16,0,False,25.0,1.8
seq_train_003831,P1043068_720.mp4,train,Microsleep,Female,1,2736,2781,16,16,0,False,25.0,1.8
seq_train_003832,P1043068_720.mp4,train,Microsleep,Female,1,2760,2805,16,16,0,False,25.0,1.8
seq_train_003833,P1043068_720.mp4,train,Microsleep,Female,1,2784,2829,16,16,0,False,25.0,1.8
seq_train_003834,P1043068_720.mp4,train,Microsleep,Female,1,2808,2853,16,16,0,False,25.0,1.8
seq_train_003835,P1043068_720.mp4,train,Microsleep,Female,1,2832,2877,16,16,0,False,25.0,1.8
seq_train_003836,P1043068_720.mp4,train,Microsleep,Female,1,2856,2901,16,16,0,False,25.0,1.8
seq_train_003837,P1043068_720.mp4,train,Microsleep,Female,1,2880,2925,16,16,0,False,25.0,1.8
seq_train_003838,P1043068_720.mp4,train,Microsleep,Female,1,2904,2949,16,16,0,False,25.0,1.8
seq_train_003839,P1043068_720.mp4,train,Microsleep,Female,1,2928,2973,16,16,0,False,25.0,1.8
seq_train_003840,P1043068_720.mp4,train,Microsleep,Female,1,2952,2997,16,16,0,False,25.0,1.8
seq_train_003841,P1043068_720.mp4,train,Microsleep,Female,1,2976,3021,16,16,0,False,25.0,1.8
seq_train_003842,P1043068_720.mp4,train,Microsleep,Female,1,3000,3045,16,16,0,False,25.0,1.8
seq_train_003843,P1043068_720.mp4,train,Microsleep,Female,1,3024,3069,16,16,0,False,25.0,1.8
seq_train_003844,P1043068_720.mp4,train,Microsleep,Female,1,3048,3093,16,16,0,False,25.0,1.8
seq_train_003845,P1043068_720.mp4,train,Microsleep,Female,1,3072,3117,16,16,0,False,25.0,1.8
seq_train_003846,P1043068_720.mp4,train,Microsleep,Female,1,3096,3141,16,16,0,False,25.0,1.8
seq_train_003847,P1043068_720.mp4,train,Microsleep,Female,1,3120,3165,16,16,0,False,25.0,1.8
seq_train_003848,P1043068_720.mp4,train,Microsleep,Female,1,3144,3189,16,16,0,False,25.0,1.8
seq_train_003849,P1043068_720.mp4,train,Microsleep,Female,1,3168,3213,16,16,0,False,25.0,1.8
seq_train_003850,P1043068_720.mp4,train,Microsleep,Female,1,3192,3237,16,16,0,False,25.0,1.8
seq_train_003851,P1043068_720.mp4,train,Microsleep,Female,1,3216,3261,16,16,0,False,25.0,1.8
seq_train_003852,P1043068_720.mp4,train,Microsleep,Female,1,3240,3285,16,16,0,False,25.0,1.8
seq_train_003853,P1043068_720.mp4,train,Microsleep,Female,1,3264,3309,16,16,0,False,25.0,1.8
seq_train_003854,P1043068_720.mp4,train,Microsleep,Female,1,3288,3333,16,16,0,False,25.0,1.8
seq_train_003855,P1043068_720.mp4,train,Microsleep,Female,1,3312,3357,16,16,0,False,25.0,1.8
seq_train_003856,P1043068_720.mp4,train,Microsleep,Female,1,3336,3381,16,16,0,False,25.0,1.8
seq_train_003857,P1043068_720.mp4,train,Microsleep,Female,1,3360,3405,16,16,0,False,25.0,1.8
seq_train_003858,P1043068_720.mp4,train,Microsleep,Female,1,3384,3429,16,16,0,False,25.0,1.8
seq_train_003859,P1043068_720.mp4,train,Microsleep,Female,1,3408,3453,16,16,0,False,25.0,1.8
seq_train_003860,P1043068_720.mp4,train,Microsleep,Female,1,3432,3477,16,16,0,False,25.0,1.8
seq_train_003861,P1043068_720.mp4,train,Microsleep,Female,1,3456,3501,16,16,0,False,25.0,1.8
seq_train_003862,P1043068_720.mp4,train,Microsleep,Female,1,3480,3525,16,16,0,False,25.0,1.8
seq_train_003863,P1043068_720.mp4,train,Microsleep,Female,1,3504,3549,16,16,0,False,25.0,1.8
seq_train_003864,P1043068_720.mp4,train,Microsleep,Female,1,3528,3573,16,16,0,False,25.0,1.8
seq_train_003865,P1043068_720.mp4,train,Microsleep,Female,1,3552,3597,16,16,0,False,25.0,1.8
seq_train_003866,P1043068_720.mp4,train,Microsleep,Female,1,3576,3621,16,16,0,False,25.0,1.8
seq_train_003867,P1043068_720.mp4,train,Microsleep,Female,1,3600,3645,16,16,0,False,25.0,1.8
seq_train_003868,P1043117_720.mp4,train,Yawning,Female,1,0,45,16,16,0,False,25.0,1.8
seq_train_003869,P1043117_720.mp4,train,Yawning,Female,1,24,69,16,16,0,False,25.0,1.8
seq_train_003870,P1043117_720.mp4,train,Yawning,Female,1,48,93,16,16,0,False,25.0,1.8
seq_train_003871,P1043117_720.mp4,train,Yawning,Female,1,72,117,16,16,0,False,25.0,1.8
seq_train_003872,P1043117_720.mp4,train,Yawning,Female,1,96,141,16,16,0,False,25.0,1.8
seq_train_003873,P1043117_720.mp4,train,Yawning,Female,1,120,165,16,16,0,False,25.0,1.8
seq_train_003874,P1043117_720.mp4,train,Yawning,Female,1,144,189,16,16,0,False,25.0,1.8
seq_train_003875,P1043117_720.mp4,train,Yawning,Female,1,168,213,16,16,0,False,25.0,1.8
seq_train_003876,P1043117_720.mp4,train,Yawning,Female,1,192,237,16,16,0,False,25.0,1.8
seq_train_003877,P1043117_720.mp4,train,Yawning,Female,1,216,261,16,16,0,False,25.0,1.8
seq_train_003878,P1043117_720.mp4,train,Yawning,Female,1,240,285,16,16,0,False,25.0,1.8
seq_train_003879,P1043117_720.mp4,train,Yawning,Female,1,264,309,16,16,0,False,25.0,1.8
seq_train_003880,P1043117_720.mp4,train,Yawning,Female,1,288,333,16,16,0,False,25.0,1.8
seq_train_003881,P1043117_720.mp4,train,Yawning,Female,1,312,357,16,16,0,False,25.0,1.8
seq_train_003882,P1043117_720.mp4,train,Yawning,Female,1,336,381,16,16,0,False,25.0,1.8
seq_train_003883,P1043117_720.mp4,train,Yawning,Female,1,360,405,16,16,0,False,25.0,1.8
seq_train_003884,P1043117_720.mp4,train,Yawning,Female,1,384,429,16,16,0,False,25.0,1.8
seq_train_003885,P1043117_720.mp4,train,Yawning,Female,1,408,453,16,16,0,False,25.0,1.8
seq_train_003886,P1043117_720.mp4,train,Yawning,Female,1,432,477,16,16,0,False,25.0,1.8
seq_train_003887,P1042769_720.mp4,train,Yawning,Male,1,0,45,16,16,0,False,25.0,1.8
seq_train_003888,P1042769_720.mp4,train,Yawning,Male,1,24,69,16,16,0,False,25.0,1.8
seq_train_003889,P1042769_720.mp4,train,Yawning,Male,1,48,93,16,16,0,False,25.0,1.8
seq_train_003890,P1042769_720.mp4,train,Yawning,Male,1,72,117,16,16,0,False,25.0,1.8
seq_train_003891,P1042769_720.mp4,train,Yawning,Male,1,96,141,16,16,0,False,25.0,1.8
seq_train_003892,P1042769_720.mp4,train,Yawning,Male,1,120,165,16,16,0,False,25.0,1.8
seq_train_003893,P1042769_720.mp4,train,Yawning,Male,1,144,189,16,16,0,False,25.0,1.8
seq_train_003894,P1042769_720.mp4,train,Yawning,Male,1,168,213,16,16,0,False,25.0,1.8
seq_train_003895,P1042769_720.mp4,train,Yawning,Male,1,192,237,16,15,1,True,25.0,1.8
seq_train_003896,P1042769_720.mp4,train,Yawning,Male,1,216,261,16,14,2,True,25.0,1.8
seq_train_003897,P1042769_720.mp4,train,Yawning,Male,1,240,285,16,14,2,True,25.0,1.8
seq_train_003898,P1042769_720.mp4,train,Yawning,Male,1,264,309,16,13,3,True,25.0,1.8
seq_train_003899,P1042769_720.mp4,train,Yawning,Male,1,288,333,16,14,2,True,25.0,1.8
seq_train_003900,P1042769_720.mp4,train,Yawning,Male,1,312,357,16,16,0,False,25.0,1.8
seq_train_003901,P1042769_720.mp4,train,Yawning,Male,1,336,381,16,16,0,False,25.0,1.8
seq_train_003902,P1042769_720.mp4,train,Yawning,Male,1,360,405,16,16,0,False,25.0,1.8
seq_train_003903,P1042769_720.mp4,train,Yawning,Male,1,384,429,16,16,0,False,25.0,1.8
seq_train_003904,P1042769_720.mp4,train,Yawning,Male,1,408,453,16,16,0,False,25.0,1.8
seq_train_003905,P1042769_720.mp4,train,Yawning,Male,1,432,477,16,16,0,False,25.0,1.8
seq_train_003906,P1042769_720.mp4,train,Yawning,Male,1,456,501,16,16,0,False,25.0,1.8
seq_train_003907,P1042769_720.mp4,train,Yawning,Male,1,480,525,16,16,0,False,25.0,1.8
seq_train_003908,P1042769_720.mp4,train,Yawning,Male,1,504,549,16,16,0,False,25.0,1.8
seq_train_003909,P1042769_720.mp4,train,Yawning,Male,1,528,573,16,16,0,False,25.0,1.8
seq_train_003910,P1042769_720.mp4,train,Yawning,Male,1,552,597,16,16,0,False,25.0,1.8
seq_train_003911,P1042769_720.mp4,train,Yawning,Male,1,576,621,16,16,0,False,25.0,1.8
seq_train_003912,P1042769_720.mp4,train,Yawning,Male,1,600,645,16,16,0,False,25.0,1.8
seq_train_003913,P1042769_720.mp4,train,Yawning,Male,1,624,669,16,16,0,False,25.0,1.8
seq_train_003914,P1042769_720.mp4,train,Yawning,Male,1,648,693,16,16,0,False,25.0,1.8
seq_train_003915,P1042769_720.mp4,train,Yawning,Male,1,672,717,16,16,0,False,25.0,1.8
seq_train_003916,P1042769_720.mp4,train,Yawning,Male,1,696,741,16,16,0,False,25.0,1.8
seq_train_003917,P1042769_720.mp4,train,Yawning,Male,1,720,765,16,16,0,False,25.0,1.8
seq_train_003918,P1042769_720.mp4,train,Yawning,Male,1,744,789,16,16,0,False,25.0,1.8
seq_train_003919,P1042769_720.mp4,train,Yawning,Male,1,768,813,16,16,0,False,25.0,1.8
seq_train_003920,P1042769_720.mp4,train,Yawning,Male,1,792,837,16,16,0,False,25.0,1.8
seq_train_003921,P1042769_720.mp4,train,Yawning,Male,1,816,861,16,16,0,False,25.0,1.8
seq_train_003922,P1042769_720.mp4,train,Yawning,Male,1,840,885,16,16,0,False,25.0,1.8
seq_train_003923,P1042769_720.mp4,train,Yawning,Male,1,864,909,16,16,0,False,25.0,1.8
seq_train_003924,P1042769_720.mp4,train,Yawning,Male,1,888,933,16,16,0,False,25.0,1.8
seq_train_003925,P1042769_720.mp4,train,Yawning,Male,1,912,957,16,16,0,False,25.0,1.8
seq_train_003926,P1042769_720.mp4,train,Yawning,Male,1,936,981,16,16,0,False,25.0,1.8
seq_train_003927,P1042769_720.mp4,train,Yawning,Male,1,960,1005,16,16,0,False,25.0,1.8
seq_train_003928,P1042769_720.mp4,train,Yawning,Male,1,984,1029,16,16,0,False,25.0,1.8
seq_train_003929,P1042769_720.mp4,train,Yawning,Male,1,1008,1053,16,16,0,False,25.0,1.8
seq_train_003930,P1042769_720.mp4,train,Yawning,Male,1,1032,1077,16,16,0,False,25.0,1.8
seq_train_003931,P1042769_720.mp4,train,Yawning,Male,1,1056,1101,16,16,0,False,25.0,1.8
seq_train_003932,P1042769_720.mp4,train,Yawning,Male,1,1080,1125,16,16,0,False,25.0,1.8
seq_train_003933,P1042769_720.mp4,train,Yawning,Male,1,1104,1149,16,16,0,False,25.0,1.8
seq_train_003934,P1042769_720.mp4,train,Yawning,Male,1,1128,1173,16,16,0,False,25.0,1.8
seq_train_003935,P1042769_720.mp4,train,Yawning,Male,1,1152,1197,16,16,0,False,25.0,1.8
seq_train_003936,P1042769_720.mp4,train,Yawning,Male,1,1176,1221,16,16,0,False,25.0,1.8
seq_train_003937,P1042769_720.mp4,train,Yawning,Male,1,1200,1245,16,16,0,False,25.0,1.8
seq_train_003938,P1042769_720.mp4,train,Yawning,Male,1,1224,1269,16,16,0,False,25.0,1.8
seq_train_003939,P1042769_720.mp4,train,Yawning,Male,1,1248,1293,16,16,0,False,25.0,1.8
seq_train_003940,P1042769_720.mp4,train,Yawning,Male,1,1272,1317,16,16,0,False,25.0,1.8
seq_train_003941,P1042769_720.mp4,train,Yawning,Male,1,1296,1341,16,16,0,False,25.0,1.8
seq_train_003942,P1042769_720.mp4,train,Yawning,Male,1,1320,1365,16,16,0,False,25.0,1.8
seq_train_003943,P1042769_720.mp4,train,Yawning,Male,1,1344,1389,16,16,0,False,25.0,1.8
seq_train_003944,P1042769_720.mp4,train,Yawning,Male,1,1368,1413,16,16,0,False,25.0,1.8
seq_train_003945,P1042769_720.mp4,train,Yawning,Male,1,1392,1437,16,16,0,False,25.0,1.8
seq_train_003946,P1042769_720.mp4,train,Yawning,Male,1,1416,1461,16,16,0,False,25.0,1.8
seq_train_003947,P1042769_720.mp4,train,Yawning,Male,1,1440,1485,16,16,0,False,25.0,1.8
seq_train_003948,P1042769_720.mp4,train,Yawning,Male,1,1464,1509,16,16,0,False,25.0,1.8
seq_train_003949,P1043069_720.mp4,train,Yawning,Female,1,0,45,16,16,0,False,25.0,1.8
seq_train_003950,P1043069_720.mp4,train,Yawning,Female,1,24,69,16,16,0,False,25.0,1.8
seq_train_003951,P1043069_720.mp4,train,Yawning,Female,1,48,93,16,16,0,False,25.0,1.8
seq_train_003952,P1043069_720.mp4,train,Yawning,Female,1,72,117,16,16,0,False,25.0,1.8
seq_train_003953,P1043069_720.mp4,train,Yawning,Female,1,96,141,16,16,0,False,25.0,1.8
seq_train_003954,P1043069_720.mp4,train,Yawning,Female,1,120,165,16,16,0,False,25.0,1.8
seq_train_003955,P1043069_720.mp4,train,Yawning,Female,1,144,189,16,16,0,False,25.0,1.8
seq_train_003956,P1043069_720.mp4,train,Yawning,Female,1,168,213,16,16,0,False,25.0,1.8
seq_train_003957,P1043069_720.mp4,train,Yawning,Female,1,192,237,16,16,0,False,25.0,1.8
seq_train_003958,P1043069_720.mp4,train,Yawning,Female,1,216,261,16,16,0,False,25.0,1.8
seq_train_003959,P1043069_720.mp4,train,Yawning,Female,1,240,285,16,16,0,False,25.0,1.8
seq_train_003960,P1043069_720.mp4,train,Yawning,Female,1,264,309,16,16,0,False,25.0,1.8
seq_train_003961,P1043069_720.mp4,train,Yawning,Female,1,288,333,16,16,0,False,25.0,1.8
seq_train_003962,P1043069_720.mp4,train,Yawning,Female,1,312,357,16,16,0,False,25.0,1.8
seq_train_003963,P1043069_720.mp4,train,Yawning,Female,1,336,381,16,16,0,False,25.0,1.8
seq_train_003964,P1043069_720.mp4,train,Yawning,Female,1,360,405,16,16,0,False,25.0,1.8
seq_train_003965,P1043069_720.mp4,train,Yawning,Female,1,384,429,16,16,0,False,25.0,1.8
seq_train_003966,P1043069_720.mp4,train,Yawning,Female,1,408,453,16,16,0,False,25.0,1.8
seq_train_003967,P1043069_720.mp4,train,Yawning,Female,1,432,477,16,16,0,False,25.0,1.8
seq_train_003968,P1043069_720.mp4,train,Yawning,Female,1,456,501,16,16,0,False,25.0,1.8
seq_train_003969,P1043069_720.mp4,train,Yawning,Female,1,480,525,16,16,0,False,25.0,1.8
seq_train_003970,P1043069_720.mp4,train,Yawning,Female,1,504,549,16,16,0,False,25.0,1.8
seq_train_003971,P1043069_720.mp4,train,Yawning,Female,1,528,573,16,16,0,False,25.0,1.8
seq_train_003972,P1043069_720.mp4,train,Yawning,Female,1,552,597,16,16,0,False,25.0,1.8
seq_train_003973,P1043069_720.mp4,train,Yawning,Female,1,576,621,16,16,0,False,25.0,1.8
seq_train_003974,P1043069_720.mp4,train,Yawning,Female,1,600,645,16,16,0,False,25.0,1.8
seq_train_003975,P1043069_720.mp4,train,Yawning,Female,1,624,669,16,16,0,False,25.0,1.8
seq_train_003976,P1042756_720.mp4,train,Microsleep,Male,1,0,45,16,16,0,False,25.0,1.8
seq_train_003977,P1042756_720.mp4,train,Microsleep,Male,1,24,69,16,16,0,False,25.0,1.8
seq_train_003978,P1042756_720.mp4,train,Microsleep,Male,1,48,93,16,16,0,False,25.0,1.8
seq_train_003979,P1042756_720.mp4,train,Microsleep,Male,1,72,117,16,16,0,False,25.0,1.8
seq_train_003980,P1042756_720.mp4,train,Microsleep,Male,1,96,141,16,16,0,False,25.0,1.8
seq_train_003981,P1042756_720.mp4,train,Microsleep,Male,1,120,165,16,16,0,False,25.0,1.8
seq_train_003982,P1042756_720.mp4,train,Microsleep,Male,1,144,189,16,16,0,False,25.0,1.8
seq_train_003983,P1042756_720.mp4,train,Microsleep,Male,1,168,213,16,16,0,False,25.0,1.8
seq_train_003984,P1042756_720.mp4,train,Microsleep,Male,1,192,237,16,14,2,True,25.0,1.8
seq_train_003985,P1042756_720.mp4,train,Microsleep,Male,1,312,357,16,14,2,True,25.0,1.8
seq_train_003986,P1042756_720.mp4,train,Microsleep,Male,1,336,381,16,16,0,False,25.0,1.8
seq_train_003987,P1042756_720.mp4,train,Microsleep,Male,1,360,405,16,16,0,False,25.0,1.8
seq_train_003988,P1042756_720.mp4,train,Microsleep,Male,1,384,429,16,16,0,False,25.0,1.8
seq_train_003989,P1042756_720.mp4,train,Microsleep,Male,1,408,453,16,16,0,False,25.0,1.8
seq_train_003990,P1042756_720.mp4,train,Microsleep,Male,1,432,477,16,16,0,False,25.0,1.8
seq_train_003991,P1042756_720.mp4,train,Microsleep,Male,1,456,501,16,16,0,False,25.0,1.8
seq_train_003992,P1042756_720.mp4,train,Microsleep,Male,1,480,525,16,16,0,False,25.0,1.8
seq_train_003993,P1042756_720.mp4,train,Microsleep,Male,1,504,549,16,16,0,False,25.0,1.8
seq_train_003994,P1042756_720.mp4,train,Microsleep,Male,1,528,573,16,16,0,False,25.0,1.8
seq_train_003995,P1042756_720.mp4,train,Microsleep,Male,1,552,597,16,16,0,False,25.0,1.8
seq_train_003996,P1042756_720.mp4,train,Microsleep,Male,1,576,621,16,16,0,False,25.0,1.8
seq_train_003997,P1042756_720.mp4,train,Microsleep,Male,1,600,645,16,16,0,False,25.0,1.8
seq_train_003998,P1042756_720.mp4,train,Microsleep,Male,1,624,669,16,16,0,False,25.0,1.8
seq_train_003999,P1042756_720.mp4,train,Microsleep,Male,1,648,693,16,16,0,False,25.0,1.8
seq_train_004000,P1042756_720.mp4,train,Microsleep,Male,1,672,717,16,16,0,False,25.0,1.8
seq_train_004001,P1042756_720.mp4,train,Microsleep,Male,1,696,741,16,16,0,False,25.0,1.8
seq_train_004002,P1042756_720.mp4,train,Microsleep,Male,1,720,765,16,16,0,False,25.0,1.8
seq_train_004003,P1042756_720.mp4,train,Microsleep,Male,1,744,789,16,16,0,False,25.0,1.8
seq_train_004004,P1042756_720.mp4,train,Microsleep,Male,1,768,813,16,16,0,False,25.0,1.8
seq_train_004005,P1042756_720.mp4,train,Microsleep,Male,1,792,837,16,16,0,False,25.0,1.8
seq_train_004006,P1042756_720.mp4,train,Microsleep,Male,1,816,861,16,16,0,False,25.0,1.8
seq_train_004007,P1042756_720.mp4,train,Microsleep,Male,1,840,885,16,15,1,True,25.0,1.8
seq_train_004008,P1042756_720.mp4,train,Microsleep,Male,1,864,909,16,14,2,True,25.0,1.8
seq_train_004009,P1042756_720.mp4,train,Microsleep,Male,1,888,933,16,15,1,True,25.0,1.8
seq_train_004010,P1042756_720.mp4,train,Microsleep,Male,1,912,957,16,16,0,False,25.0,1.8
seq_train_004011,P1042756_720.mp4,train,Microsleep,Male,1,936,981,16,16,0,False,25.0,1.8
seq_train_004012,P1042756_720.mp4,train,Microsleep,Male,1,960,1005,16,16,0,False,25.0,1.8
seq_train_004013,P1042756_720.mp4,train,Microsleep,Male,1,984,1029,16,16,0,False,25.0,1.8
seq_train_004014,P1042756_720.mp4,train,Microsleep,Male,1,1008,1053,16,16,0,False,25.0,1.8
seq_train_004015,P1042756_720.mp4,train,Microsleep,Male,1,1032,1077,16,16,0,False,25.0,1.8
seq_train_004016,P1042756_720.mp4,train,Microsleep,Male,1,1056,1101,16,16,0,False,25.0,1.8
seq_train_004017,P1042756_720.mp4,train,Microsleep,Male,1,1080,1125,16,16,0,False,25.0,1.8
seq_train_004018,P1042756_720.mp4,train,Microsleep,Male,1,1104,1149,16,16,0,False,25.0,1.8
seq_train_004019,P1042756_720.mp4,train,Microsleep,Male,1,1128,1173,16,16,0,False,25.0,1.8
seq_train_004020,P1042756_720.mp4,train,Microsleep,Male,1,1152,1197,16,16,0,False,25.0,1.8
seq_train_004021,P1042756_720.mp4,train,Microsleep,Male,1,1176,1221,16,16,0,False,25.0,1.8
seq_train_004022,P1042756_720.mp4,train,Microsleep,Male,1,1200,1245,16,16,0,False,25.0,1.8
seq_train_004023,P1042756_720.mp4,train,Microsleep,Male,1,1224,1269,16,16,0,False,25.0,1.8
seq_train_004024,P1042756_720.mp4,train,Microsleep,Male,1,1248,1293,16,16,0,False,25.0,1.8
seq_train_004025,P1042756_720.mp4,train,Microsleep,Male,1,1272,1317,16,16,0,False,25.0,1.8
seq_train_004026,P1042756_720.mp4,train,Microsleep,Male,1,1296,1341,16,16,0,False,25.0,1.8
seq_train_004027,P1042756_720.mp4,train,Microsleep,Male,1,1320,1365,16,16,0,False,25.0,1.8
seq_train_004028,P1042756_720.mp4,train,Microsleep,Male,1,1344,1389,16,16,0,False,25.0,1.8
seq_train_004029,P1042756_720.mp4,train,Microsleep,Male,1,1368,1413,16,16,0,False,25.0,1.8
seq_train_004030,P1042756_720.mp4,train,Microsleep,Male,1,1392,1437,16,16,0,False,25.0,1.8
seq_train_004031,P1042756_720.mp4,train,Microsleep,Male,1,1416,1461,16,14,2,True,25.0,1.8
seq_train_004032,P1042756_720.mp4,train,Microsleep,Male,1,1440,1485,16,14,2,True,25.0,1.8
seq_train_004033,P1042756_720.mp4,train,Microsleep,Male,1,1464,1509,16,16,0,False,25.0,1.8
seq_train_004034,P1042756_720.mp4,train,Microsleep,Male,1,1488,1533,16,16,0,False,25.0,1.8
seq_train_004035,P1042756_720.mp4,train,Microsleep,Male,1,1512,1557,16,16,0,False,25.0,1.8
seq_train_004036,P1042756_720.mp4,train,Microsleep,Male,1,1536,1581,16,16,0,False,25.0,1.8
seq_train_004037,P1042756_720.mp4,train,Microsleep,Male,1,1560,1605,16,16,0,False,25.0,1.8
seq_train_004038,P1042756_720.mp4,train,Microsleep,Male,1,1584,1629,16,16,0,False,25.0,1.8
seq_train_004039,P1042756_720.mp4,train,Microsleep,Male,1,1608,1653,16,16,0,False,25.0,1.8
seq_train_004040,P1042756_720.mp4,train,Microsleep,Male,1,1632,1677,16,16,0,False,25.0,1.8
seq_train_004041,P1042756_720.mp4,train,Microsleep,Male,1,1656,1701,16,16,0,False,25.0,1.8
seq_train_004042,P1042756_720.mp4,train,Microsleep,Male,1,1680,1725,16,16,0,False,25.0,1.8
seq_train_004043,P1042756_720.mp4,train,Microsleep,Male,1,1704,1749,16,16,0,False,25.0,1.8
seq_train_004044,P1042756_720.mp4,train,Microsleep,Male,1,1728,1773,16,16,0,False,25.0,1.8
seq_train_004045,P1042756_720.mp4,train,Microsleep,Male,1,1752,1797,16,16,0,False,25.0,1.8
seq_train_004046,P1042756_720.mp4,train,Microsleep,Male,1,1776,1821,16,16,0,False,25.0,1.8
seq_train_004047,P1042756_720.mp4,train,Microsleep,Male,1,1800,1845,16,16,0,False,25.0,1.8
seq_train_004048,P1042756_720.mp4,train,Microsleep,Male,1,1824,1869,16,16,0,False,25.0,1.8
seq_train_004049,P1042756_720.mp4,train,Microsleep,Male,1,1848,1893,16,16,0,False,25.0,1.8
seq_train_004050,P1042756_720.mp4,train,Microsleep,Male,1,1872,1917,16,16,0,False,25.0,1.8
seq_train_004051,P1042756_720.mp4,train,Microsleep,Male,1,1896,1941,16,16,0,False,25.0,1.8
seq_train_004052,P1042756_720.mp4,train,Microsleep,Male,1,1920,1965,16,16,0,False,25.0,1.8
seq_train_004053,P1042756_720.mp4,train,Microsleep,Male,1,1944,1989,16,16,0,False,25.0,1.8
seq_train_004054,P1042756_720.mp4,train,Microsleep,Male,1,1968,2013,16,16,0,False,25.0,1.8
seq_train_004055,P1042756_720.mp4,train,Microsleep,Male,1,1992,2037,16,16,0,False,25.0,1.8
seq_train_004056,P1042756_720.mp4,train,Microsleep,Male,1,2016,2061,16,16,0,False,25.0,1.8
seq_train_004057,P1042756_720.mp4,train,Microsleep,Male,1,2040,2085,16,16,0,False,25.0,1.8
seq_train_004058,P1042756_720.mp4,train,Microsleep,Male,1,2064,2109,16,16,0,False,25.0,1.8
seq_train_004059,P1042756_720.mp4,train,Microsleep,Male,1,2088,2133,16,16,0,False,25.0,1.8
seq_train_004060,P1042756_720.mp4,train,Microsleep,Male,1,2112,2157,16,16,0,False,25.0,1.8
seq_train_004061,P1042756_720.mp4,train,Microsleep,Male,1,2136,2181,16,16,0,False,25.0,1.8
seq_train_004062,P1042756_720.mp4,train,Microsleep,Male,1,2160,2205,16,16,0,False,25.0,1.8
seq_train_004063,P1042756_720.mp4,train,Microsleep,Male,1,2184,2229,16,16,0,False,25.0,1.8
seq_train_004064,P1042756_720.mp4,train,Microsleep,Male,1,2208,2253,16,16,0,False,25.0,1.8
seq_train_004065,P1042756_720.mp4,train,Microsleep,Male,1,2232,2277,16,16,0,False,25.0,1.8
seq_train_004066,P1042756_720.mp4,train,Microsleep,Male,1,2256,2301,16,16,0,False,25.0,1.8
seq_train_004067,P1042756_720.mp4,train,Microsleep,Male,1,2280,2325,16,16,0,False,25.0,1.8
seq_train_004068,P1042756_720.mp4,train,Microsleep,Male,1,2304,2349,16,16,0,False,25.0,1.8
seq_train_004069,P1042756_720.mp4,train,Microsleep,Male,1,2328,2373,16,16,0,False,25.0,1.8
seq_train_004070,P1042756_720.mp4,train,Microsleep,Male,1,2352,2397,16,16,0,False,25.0,1.8
seq_train_004071,P1042756_720.mp4,train,Microsleep,Male,1,2376,2421,16,16,0,False,25.0,1.8
seq_train_004072,P1042756_720.mp4,train,Microsleep,Male,1,2400,2445,16,16,0,False,25.0,1.8
seq_train_004073,P1042756_720.mp4,train,Microsleep,Male,1,2424,2469,16,16,0,False,25.0,1.8
seq_train_004074,P1042756_720.mp4,train,Microsleep,Male,1,2448,2493,16,16,0,False,25.0,1.8
seq_train_004075,P1042756_720.mp4,train,Microsleep,Male,1,2472,2517,16,16,0,False,25.0,1.8
seq_train_004076,P1042756_720.mp4,train,Microsleep,Male,1,2496,2541,16,16,0,False,25.0,1.8
seq_train_004077,P1042756_720.mp4,train,Microsleep,Male,1,2520,2565,16,16,0,False,25.0,1.8
seq_train_004078,P1042756_720.mp4,train,Microsleep,Male,1,2544,2589,16,16,0,False,25.0,1.8
seq_train_004079,P1042756_720.mp4,train,Microsleep,Male,1,2568,2613,16,16,0,False,25.0,1.8
seq_train_004080,P1042756_720.mp4,train,Microsleep,Male,1,2592,2637,16,16,0,False,25.0,1.8
seq_train_004081,P1042756_720.mp4,train,Microsleep,Male,1,2616,2661,16,16,0,False,25.0,1.8
seq_train_004082,P1042756_720.mp4,train,Microsleep,Male,1,2640,2685,16,16,0,False,25.0,1.8
seq_train_004083,P1042756_720.mp4,train,Microsleep,Male,1,2664,2709,16,16,0,False,25.0,1.8
seq_train_004084,P1042756_720.mp4,train,Microsleep,Male,1,2688,2733,16,16,0,False,25.0,1.8
seq_train_004085,P1042756_720.mp4,train,Microsleep,Male,1,2712,2757,16,16,0,False,25.0,1.8
seq_train_004086,P1042756_720.mp4,train,Microsleep,Male,1,2736,2781,16,16,0,False,25.0,1.8
seq_train_004087,P1042756_720.mp4,train,Microsleep,Male,1,2760,2805,16,16,0,False,25.0,1.8
seq_train_004088,P1042756_720.mp4,train,Microsleep,Male,1,2784,2829,16,16,0,False,25.0,1.8
seq_train_004089,P1042756_720.mp4,train,Microsleep,Male,1,2808,2853,16,16,0,False,25.0,1.8
seq_train_004090,P1042756_720.mp4,train,Microsleep,Male,1,2832,2877,16,16,0,False,25.0,1.8
seq_train_004091,P1042756_720.mp4,train,Microsleep,Male,1,2856,2901,16,16,0,False,25.0,1.8
seq_train_004092,P1042756_720.mp4,train,Microsleep,Male,1,2880,2925,16,16,0,False,25.0,1.8
seq_train_004093,P1042756_720.mp4,train,Microsleep,Male,1,2904,2949,16,16,0,False,25.0,1.8
seq_train_004094,P1042756_720.mp4,train,Microsleep,Male,1,2928,2973,16,16,0,False,25.0,1.8
seq_train_004095,P1042756_720.mp4,train,Microsleep,Male,1,2952,2997,16,16,0,False,25.0,1.8
seq_train_004096,P1042756_720.mp4,train,Microsleep,Male,1,2976,3021,16,16,0,False,25.0,1.8
seq_train_004097,P1042756_720.mp4,train,Microsleep,Male,1,3000,3045,16,16,0,False,25.0,1.8
seq_train_004098,P1042756_720.mp4,train,Microsleep,Male,1,3024,3069,16,16,0,False,25.0,1.8
seq_train_004099,P1042756_720.mp4,train,Microsleep,Male,1,3048,3093,16,16,0,False,25.0,1.8
seq_train_004100,P1043128_720.mp4,train,Yawning,Male,1,0,45,16,16,0,False,25.0,1.8
seq_train_004101,P1043128_720.mp4,train,Yawning,Male,1,24,69,16,16,0,False,25.0,1.8
seq_train_004102,P1043128_720.mp4,train,Yawning,Male,1,48,93,16,16,0,False,25.0,1.8
seq_train_004103,P1043128_720.mp4,train,Yawning,Male,1,72,117,16,16,0,False,25.0,1.8
seq_train_004104,P1043128_720.mp4,train,Yawning,Male,1,96,141,16,16,0,False,25.0,1.8
seq_train_004105,P1043128_720.mp4,train,Yawning,Male,1,120,165,16,16,0,False,25.0,1.8
seq_train_004106,P1043128_720.mp4,train,Yawning,Male,1,144,189,16,16,0,False,25.0,1.8
seq_train_004107,P1043128_720.mp4,train,Yawning,Male,1,168,213,16,16,0,False,25.0,1.8
seq_train_004108,P1043128_720.mp4,train,Yawning,Male,1,192,237,16,16,0,False,25.0,1.8
seq_train_004109,P1043128_720.mp4,train,Yawning,Male,1,216,261,16,16,0,False,25.0,1.8
seq_train_004110,P1043128_720.mp4,train,Yawning,Male,1,240,285,16,16,0,False,25.0,1.8
seq_train_004111,P1043128_720.mp4,train,Yawning,Male,1,264,309,16,16,0,False,25.0,1.8
seq_train_004112,P1043128_720.mp4,train,Yawning,Male,1,288,333,16,16,0,False,25.0,1.8
seq_train_004113,P1043128_720.mp4,train,Yawning,Male,1,312,357,16,16,0,False,25.0,1.8
seq_train_004114,P1043128_720.mp4,train,Yawning,Male,1,336,381,16,16,0,False,25.0,1.8
seq_train_004115,P1043128_720.mp4,train,Yawning,Male,1,360,405,16,16,0,False,25.0,1.8
seq_train_004116,P1043128_720.mp4,train,Yawning,Male,1,384,429,16,16,0,False,25.0,1.8
seq_train_004117,P1043128_720.mp4,train,Yawning,Male,1,408,453,16,16,0,False,25.0,1.8
seq_train_004118,P1043128_720.mp4,train,Yawning,Male,1,432,477,16,16,0,False,25.0,1.8
seq_val_000001,P1042799_720.mp4,val,Yawning,Male,1,0,45,16,16,0,False,25.0,1.8
seq_val_000002,P1042799_720.mp4,val,Yawning,Male,1,24,69,16,16,0,False,25.0,1.8
seq_val_000003,P1042799_720.mp4,val,Yawning,Male,1,48,93,16,16,0,False,25.0,1.8
seq_val_000004,P1042799_720.mp4,val,Yawning,Male,1,72,117,16,16,0,False,25.0,1.8
seq_val_000005,P1042799_720.mp4,val,Yawning,Male,1,96,141,16,16,0,False,25.0,1.8
seq_val_000006,P1042799_720.mp4,val,Yawning,Male,1,120,165,16,16,0,False,25.0,1.8
seq_val_000007,P1042799_720.mp4,val,Yawning,Male,1,144,189,16,16,0,False,25.0,1.8
seq_val_000008,P1042799_720.mp4,val,Yawning,Male,1,168,213,16,16,0,False,25.0,1.8
seq_val_000009,P1042799_720.mp4,val,Yawning,Male,1,192,237,16,16,0,False,25.0,1.8
seq_val_000010,P1042799_720.mp4,val,Yawning,Male,1,216,261,16,16,0,False,25.0,1.8
seq_val_000011,P1042799_720.mp4,val,Yawning,Male,1,240,285,16,16,0,False,25.0,1.8
seq_val_000012,P1042799_720.mp4,val,Yawning,Male,1,264,309,16,16,0,False,25.0,1.8
seq_val_000013,P1042799_720.mp4,val,Yawning,Male,1,288,333,16,16,0,False,25.0,1.8
seq_val_000014,P1042799_720.mp4,val,Yawning,Male,1,312,357,16,16,0,False,25.0,1.8
seq_val_000015,P1042799_720.mp4,val,Yawning,Male,1,336,381,16,16,0,False,25.0,1.8
seq_val_000016,P1042799_720.mp4,val,Yawning,Male,1,360,405,16,16,0,False,25.0,1.8
seq_val_000017,P1042799_720.mp4,val,Yawning,Male,1,384,429,16,16,0,False,25.0,1.8
seq_val_000018,P1042799_720.mp4,val,Yawning,Male,1,408,453,16,16,0,False,25.0,1.8
seq_val_000019,P1042799_720.mp4,val,Yawning,Male,1,432,477,16,16,0,False,25.0,1.8
seq_val_000020,P1043077_720.mp4,val,Yawning,Male,1,0,45,16,16,0,False,25.0,1.8
seq_val_000021,P1043077_720.mp4,val,Yawning,Male,1,24,69,16,16,0,False,25.0,1.8
seq_val_000022,P1043077_720.mp4,val,Yawning,Male,1,48,93,16,16,0,False,25.0,1.8
seq_val_000023,P1043077_720.mp4,val,Yawning,Male,1,72,117,16,16,0,False,25.0,1.8
seq_val_000024,P1043077_720.mp4,val,Yawning,Male,1,96,141,16,16,0,False,25.0,1.8
seq_val_000025,P1043077_720.mp4,val,Yawning,Male,1,120,165,16,16,0,False,25.0,1.8
seq_val_000026,P1043077_720.mp4,val,Yawning,Male,1,144,189,16,16,0,False,25.0,1.8
seq_val_000027,P1043077_720.mp4,val,Yawning,Male,1,168,213,16,16,0,False,25.0,1.8
seq_val_000028,P1043077_720.mp4,val,Yawning,Male,1,192,237,16,16,0,False,25.0,1.8
seq_val_000029,P1043077_720.mp4,val,Yawning,Male,1,216,261,16,16,0,False,25.0,1.8
seq_val_000030,P1043077_720.mp4,val,Yawning,Male,1,240,285,16,16,0,False,25.0,1.8
seq_val_000031,P1043077_720.mp4,val,Yawning,Male,1,264,309,16,16,0,False,25.0,1.8
seq_val_000032,P1043077_720.mp4,val,Yawning,Male,1,288,333,16,16,0,False,25.0,1.8
seq_val_000033,P1043077_720.mp4,val,Yawning,Male,1,312,357,16,16,0,False,25.0,1.8
seq_val_000034,P1043077_720.mp4,val,Yawning,Male,1,336,381,16,16,0,False,25.0,1.8
seq_val_000035,P1043077_720.mp4,val,Yawning,Male,1,360,405,16,16,0,False,25.0,1.8
seq_val_000036,P1043077_720.mp4,val,Yawning,Male,1,384,429,16,16,0,False,25.0,1.8
seq_val_000037,P1043077_720.mp4,val,Yawning,Male,1,408,453,16,16,0,False,25.0,1.8
seq_val_000038,P1043077_720.mp4,val,Yawning,Male,1,432,477,16,16,0,False,25.0,1.8
seq_val_000039,P1043077_720.mp4,val,Yawning,Male,1,456,501,16,16,0,False,25.0,1.8
seq_val_000040,P1043077_720.mp4,val,Yawning,Male,1,480,525,16,16,0,False,25.0,1.8
seq_val_000041,P1043077_720.mp4,val,Yawning,Male,1,504,549,16,16,0,False,25.0,1.8
seq_val_000042,P1043077_720.mp4,val,Yawning,Male,1,528,573,16,16,0,False,25.0,1.8
seq_val_000043,P1043077_720.mp4,val,Yawning,Male,1,552,597,16,16,0,False,25.0,1.8
seq_val_000044,P1043077_720.mp4,val,Yawning,Male,1,576,621,16,16,0,False,25.0,1.8
seq_val_000045,P1043077_720.mp4,val,Yawning,Male,1,600,645,16,16,0,False,25.0,1.8
seq_val_000046,P1043077_720.mp4,val,Yawning,Male,1,624,669,16,16,0,False,25.0,1.8
seq_val_000047,P1043100_720.mp4,val,Yawning,Female,1,0,45,16,16,0,False,25.0,1.8
seq_val_000048,P1043100_720.mp4,val,Yawning,Female,1,24,69,16,16,0,False,25.0,1.8
seq_val_000049,P1043100_720.mp4,val,Yawning,Female,1,48,93,16,16,0,False,25.0,1.8
seq_val_000050,P1043100_720.mp4,val,Yawning,Female,1,72,117,16,16,0,False,25.0,1.8
seq_val_000051,P1043100_720.mp4,val,Yawning,Female,1,96,141,16,16,0,False,25.0,1.8
seq_val_000052,P1043100_720.mp4,val,Yawning,Female,1,120,165,16,16,0,False,25.0,1.8
seq_val_000053,P1043100_720.mp4,val,Yawning,Female,1,144,189,16,16,0,False,25.0,1.8
seq_val_000054,P1043100_720.mp4,val,Yawning,Female,1,168,213,16,16,0,False,25.0,1.8
seq_val_000055,P1043100_720.mp4,val,Yawning,Female,1,192,237,16,16,0,False,25.0,1.8
seq_val_000056,P1043100_720.mp4,val,Yawning,Female,1,216,261,16,16,0,False,25.0,1.8
seq_val_000057,P1043100_720.mp4,val,Yawning,Female,1,240,285,16,16,0,False,25.0,1.8
seq_val_000058,P1043100_720.mp4,val,Yawning,Female,1,264,309,16,16,0,False,25.0,1.8
seq_val_000059,P1043100_720.mp4,val,Yawning,Female,1,288,333,16,16,0,False,25.0,1.8
seq_val_000060,P1043100_720.mp4,val,Yawning,Female,1,312,357,16,16,0,False,25.0,1.8
seq_val_000061,P1043100_720.mp4,val,Yawning,Female,1,336,381,16,16,0,False,25.0,1.8
seq_val_000062,P1043100_720.mp4,val,Yawning,Female,1,360,405,16,16,0,False,25.0,1.8
seq_val_000063,P1043100_720.mp4,val,Yawning,Female,1,384,429,16,16,0,False,25.0,1.8
seq_val_000064,P1043100_720.mp4,val,Yawning,Female,1,408,453,16,16,0,False,25.0,1.8
seq_val_000065,P1043100_720.mp4,val,Yawning,Female,1,432,477,16,16,0,False,25.0,1.8
seq_val_000066,P1043100_720.mp4,val,Yawning,Female,1,456,501,16,16,0,False,25.0,1.8
seq_val_000067,P1043100_720.mp4,val,Yawning,Female,1,480,525,16,16,0,False,25.0,1.8
seq_val_000068,P1043100_720.mp4,val,Yawning,Female,1,504,549,16,16,0,False,25.0,1.8
seq_val_000069,P1043100_720.mp4,val,Yawning,Female,1,528,573,16,16,0,False,25.0,1.8
seq_val_000070,P1043100_720.mp4,val,Yawning,Female,1,552,597,16,16,0,False,25.0,1.8
seq_val_000071,P1043100_720.mp4,val,Yawning,Female,1,576,621,16,16,0,False,25.0,1.8
seq_val_000072,P1043100_720.mp4,val,Yawning,Female,1,600,645,16,16,0,False,25.0,1.8
seq_val_000073,P1043100_720.mp4,val,Yawning,Female,1,624,669,16,16,0,False,25.0,1.8
seq_val_000074,P1043100_720.mp4,val,Yawning,Female,1,648,693,16,16,0,False,25.0,1.8
seq_val_000075,P1043100_720.mp4,val,Yawning,Female,1,672,717,16,16,0,False,25.0,1.8
seq_val_000076,P1043100_720.mp4,val,Yawning,Female,1,696,741,16,16,0,False,25.0,1.8
seq_val_000077,P1043100_720.mp4,val,Yawning,Female,1,720,765,16,16,0,False,25.0,1.8
seq_val_000078,P1043100_720.mp4,val,Yawning,Female,1,744,789,16,16,0,False,25.0,1.8
seq_val_000079,P1043083_720.mp4,val,Yawning,Female,1,0,45,16,16,0,False,25.0,1.8
seq_val_000080,P1043083_720.mp4,val,Yawning,Female,1,24,69,16,16,0,False,25.0,1.8
seq_val_000081,P1043083_720.mp4,val,Yawning,Female,1,48,93,16,16,0,False,25.0,1.8
seq_val_000082,P1043083_720.mp4,val,Yawning,Female,1,72,117,16,16,0,False,25.0,1.8
seq_val_000083,P1043083_720.mp4,val,Yawning,Female,1,96,141,16,16,0,False,25.0,1.8
seq_val_000084,P1043083_720.mp4,val,Yawning,Female,1,120,165,16,16,0,False,25.0,1.8
seq_val_000085,P1043083_720.mp4,val,Yawning,Female,1,144,189,16,16,0,False,25.0,1.8
seq_val_000086,P1043083_720.mp4,val,Yawning,Female,1,168,213,16,16,0,False,25.0,1.8
seq_val_000087,P1043083_720.mp4,val,Yawning,Female,1,192,237,16,16,0,False,25.0,1.8
seq_val_000088,P1043083_720.mp4,val,Yawning,Female,1,216,261,16,16,0,False,25.0,1.8
seq_val_000089,P1043083_720.mp4,val,Yawning,Female,1,240,285,16,16,0,False,25.0,1.8
seq_val_000090,P1043083_720.mp4,val,Yawning,Female,1,264,309,16,16,0,False,25.0,1.8
seq_val_000091,P1043083_720.mp4,val,Yawning,Female,1,288,333,16,16,0,False,25.0,1.8
seq_val_000092,P1043083_720.mp4,val,Yawning,Female,1,312,357,16,16,0,False,25.0,1.8
seq_val_000093,P1043083_720.mp4,val,Yawning,Female,1,336,381,16,16,0,False,25.0,1.8
seq_val_000094,P1043083_720.mp4,val,Yawning,Female,1,360,405,16,16,0,False,25.0,1.8
seq_val_000095,P1043083_720.mp4,val,Yawning,Female,1,384,429,16,16,0,False,25.0,1.8
seq_val_000096,P1043083_720.mp4,val,Yawning,Female,1,408,453,16,16,0,False,25.0,1.8
seq_val_000097,P1043083_720.mp4,val,Yawning,Female,1,432,477,16,16,0,False,25.0,1.8
seq_val_000098,P1043083_720.mp4,val,Yawning,Female,1,456,501,16,16,0,False,25.0,1.8
seq_val_000099,P1043083_720.mp4,val,Yawning,Female,1,480,525,16,16,0,False,25.0,1.8
seq_val_000100,P1043126_720.mp4,val,Yawning,Male,1,0,45,16,16,0,False,25.0,1.8
seq_val_000101,P1043126_720.mp4,val,Yawning,Male,1,24,69,16,16,0,False,25.0,1.8
seq_val_000102,P1043126_720.mp4,val,Yawning,Male,1,48,93,16,16,0,False,25.0,1.8
seq_val_000103,P1043126_720.mp4,val,Yawning,Male,1,72,117,16,16,0,False,25.0,1.8
seq_val_000104,P1043126_720.mp4,val,Yawning,Male,1,96,141,16,16,0,False,25.0,1.8
seq_val_000105,P1043126_720.mp4,val,Yawning,Male,1,120,165,16,16,0,False,25.0,1.8
seq_val_000106,P1043126_720.mp4,val,Yawning,Male,1,144,189,16,16,0,False,25.0,1.8
seq_val_000107,P1043126_720.mp4,val,Yawning,Male,1,168,213,16,16,0,False,25.0,1.8
seq_val_000108,P1043126_720.mp4,val,Yawning,Male,1,192,237,16,16,0,False,25.0,1.8
seq_val_000109,P1043126_720.mp4,val,Yawning,Male,1,216,261,16,16,0,False,25.0,1.8
seq_val_000110,P1043126_720.mp4,val,Yawning,Male,1,240,285,16,16,0,False,25.0,1.8
seq_val_000111,P1043126_720.mp4,val,Yawning,Male,1,264,309,16,16,0,False,25.0,1.8
seq_val_000112,P1043126_720.mp4,val,Yawning,Male,1,288,333,16,16,0,False,25.0,1.8
seq_val_000113,P1043126_720.mp4,val,Yawning,Male,1,312,357,16,16,0,False,25.0,1.8
seq_val_000114,P1043126_720.mp4,val,Yawning,Male,1,336,381,16,16,0,False,25.0,1.8
seq_val_000115,P1043126_720.mp4,val,Yawning,Male,1,360,405,16,16,0,False,25.0,1.8
seq_val_000116,P1043126_720.mp4,val,Yawning,Male,1,384,429,16,16,0,False,25.0,1.8
seq_val_000117,P1043126_720.mp4,val,Yawning,Male,1,408,453,16,16,0,False,25.0,1.8
seq_val_000118,P1043126_720.mp4,val,Yawning,Male,1,432,477,16,16,0,False,25.0,1.8
seq_val_000119,P1043126_720.mp4,val,Yawning,Male,1,456,501,16,16,0,False,25.0,1.8
seq_val_000120,P1043126_720.mp4,val,Yawning,Male,1,480,525,16,16,0,False,25.0,1.8
seq_val_000121,P1043135_720.mp4,val,Yawning,Female,1,0,45,16,16,0,False,25.0,1.8
seq_val_000122,P1043135_720.mp4,val,Yawning,Female,1,24,69,16,16,0,False,25.0,1.8
seq_val_000123,P1043135_720.mp4,val,Yawning,Female,1,48,93,16,16,0,False,25.0,1.8
seq_val_000124,P1043135_720.mp4,val,Yawning,Female,1,72,117,16,16,0,False,25.0,1.8
seq_val_000125,P1043135_720.mp4,val,Yawning,Female,1,96,141,16,16,0,False,25.0,1.8
seq_val_000126,P1043135_720.mp4,val,Yawning,Female,1,120,165,16,16,0,False,25.0,1.8
seq_val_000127,P1043135_720.mp4,val,Yawning,Female,1,144,189,16,16,0,False,25.0,1.8
seq_val_000128,P1043135_720.mp4,val,Yawning,Female,1,168,213,16,16,0,False,25.0,1.8
seq_val_000129,P1043135_720.mp4,val,Yawning,Female,1,192,237,16,16,0,False,25.0,1.8
seq_val_000130,P1043135_720.mp4,val,Yawning,Female,1,216,261,16,16,0,False,25.0,1.8
seq_val_000131,P1043135_720.mp4,val,Yawning,Female,1,240,285,16,16,0,False,25.0,1.8
seq_val_000132,P1043135_720.mp4,val,Yawning,Female,1,264,309,16,16,0,False,25.0,1.8
seq_val_000133,P1043135_720.mp4,val,Yawning,Female,1,288,333,16,16,0,False,25.0,1.8
seq_val_000134,P1043135_720.mp4,val,Yawning,Female,1,312,357,16,16,0,False,25.0,1.8
seq_val_000135,P1043135_720.mp4,val,Yawning,Female,1,336,381,16,16,0,False,25.0,1.8
seq_val_000136,P1043135_720.mp4,val,Yawning,Female,1,360,405,16,16,0,False,25.0,1.8
seq_val_000137,P1043135_720.mp4,val,Yawning,Female,1,384,429,16,16,0,False,25.0,1.8
seq_val_000138,P1043135_720.mp4,val,Yawning,Female,1,408,453,16,16,0,False,25.0,1.8
seq_val_000139,P1043135_720.mp4,val,Yawning,Female,1,432,477,16,16,0,False,25.0,1.8
seq_val_000140,P1043135_720.mp4,val,Yawning,Female,1,456,501,16,16,0,False,25.0,1.8
seq_val_000141,P1043135_720.mp4,val,Yawning,Female,1,480,525,16,16,0,False,25.0,1.8
seq_val_000142,P1043135_720.mp4,val,Yawning,Female,1,504,549,16,16,0,False,25.0,1.8
seq_val_000143,P1043135_720.mp4,val,Yawning,Female,1,528,573,16,16,0,False,25.0,1.8
seq_val_000144,P1043135_720.mp4,val,Yawning,Female,1,552,597,16,16,0,False,25.0,1.8
seq_val_000145,P1043135_720.mp4,val,Yawning,Female,1,576,621,16,16,0,False,25.0,1.8
seq_val_000146,P1043135_720.mp4,val,Yawning,Female,1,600,645,16,16,0,False,25.0,1.8
seq_val_000147,P1043135_720.mp4,val,Yawning,Female,1,624,669,16,16,0,False,25.0,1.8
seq_val_000148,P1043072_720.mp4,val,Yawning,Female,1,0,45,16,16,0,False,25.0,1.8
seq_val_000149,P1043072_720.mp4,val,Yawning,Female,1,24,69,16,16,0,False,25.0,1.8
seq_val_000150,P1043072_720.mp4,val,Yawning,Female,1,48,93,16,16,0,False,25.0,1.8
seq_val_000151,P1043072_720.mp4,val,Yawning,Female,1,72,117,16,16,0,False,25.0,1.8
seq_val_000152,P1043072_720.mp4,val,Yawning,Female,1,96,141,16,16,0,False,25.0,1.8
seq_val_000153,P1043072_720.mp4,val,Yawning,Female,1,120,165,16,16,0,False,25.0,1.8
seq_val_000154,P1043072_720.mp4,val,Yawning,Female,1,144,189,16,16,0,False,25.0,1.8
seq_val_000155,P1043072_720.mp4,val,Yawning,Female,1,168,213,16,16,0,False,25.0,1.8
seq_val_000156,P1043072_720.mp4,val,Yawning,Female,1,192,237,16,16,0,False,25.0,1.8
seq_val_000157,P1043072_720.mp4,val,Yawning,Female,1,216,261,16,16,0,False,25.0,1.8
seq_val_000158,P1043072_720.mp4,val,Yawning,Female,1,240,285,16,16,0,False,25.0,1.8
seq_val_000159,P1043072_720.mp4,val,Yawning,Female,1,264,309,16,16,0,False,25.0,1.8
seq_val_000160,P1043072_720.mp4,val,Yawning,Female,1,288,333,16,16,0,False,25.0,1.8
seq_val_000161,P1043072_720.mp4,val,Yawning,Female,1,312,357,16,16,0,False,25.0,1.8
seq_val_000162,P1043072_720.mp4,val,Yawning,Female,1,336,381,16,16,0,False,25.0,1.8
seq_val_000163,P1043072_720.mp4,val,Yawning,Female,1,360,405,16,16,0,False,25.0,1.8
seq_val_000164,P1043072_720.mp4,val,Yawning,Female,1,384,429,16,16,0,False,25.0,1.8
seq_val_000165,P1043072_720.mp4,val,Yawning,Female,1,408,453,16,16,0,False,25.0,1.8
seq_val_000166,P1043072_720.mp4,val,Yawning,Female,1,432,477,16,16,0,False,25.0,1.8
seq_val_000167,P1043072_720.mp4,val,Yawning,Female,1,456,501,16,16,0,False,25.0,1.8
seq_val_000168,P1043072_720.mp4,val,Yawning,Female,1,480,525,16,16,0,False,25.0,1.8
seq_val_000169,P1043072_720.mp4,val,Yawning,Female,1,504,549,16,16,0,False,25.0,1.8
seq_val_000170,P1043124_720.mp4,val,Yawning,Male,1,0,45,16,16,0,False,25.0,1.8
seq_val_000171,P1043124_720.mp4,val,Yawning,Male,1,24,69,16,16,0,False,25.0,1.8
seq_val_000172,P1043124_720.mp4,val,Yawning,Male,1,48,93,16,16,0,False,25.0,1.8
seq_val_000173,P1043124_720.mp4,val,Yawning,Male,1,72,117,16,16,0,False,25.0,1.8
seq_val_000174,P1043124_720.mp4,val,Yawning,Male,1,96,141,16,16,0,False,25.0,1.8
seq_val_000175,P1043124_720.mp4,val,Yawning,Male,1,120,165,16,16,0,False,25.0,1.8
seq_val_000176,P1043124_720.mp4,val,Yawning,Male,1,144,189,16,16,0,False,25.0,1.8
seq_val_000177,P1043124_720.mp4,val,Yawning,Male,1,168,213,16,16,0,False,25.0,1.8
seq_val_000178,P1043124_720.mp4,val,Yawning,Male,1,192,237,16,16,0,False,25.0,1.8
seq_val_000179,P1043124_720.mp4,val,Yawning,Male,1,216,261,16,16,0,False,25.0,1.8
seq_val_000180,P1043124_720.mp4,val,Yawning,Male,1,240,285,16,16,0,False,25.0,1.8
seq_val_000181,P1043124_720.mp4,val,Yawning,Male,1,264,309,16,16,0,False,25.0,1.8
seq_val_000182,P1043124_720.mp4,val,Yawning,Male,1,288,333,16,16,0,False,25.0,1.8
seq_val_000183,P1043124_720.mp4,val,Yawning,Male,1,312,357,16,16,0,False,25.0,1.8
seq_val_000184,P1043124_720.mp4,val,Yawning,Male,1,336,381,16,16,0,False,25.0,1.8
seq_val_000185,P1043124_720.mp4,val,Yawning,Male,1,360,405,16,16,0,False,25.0,1.8
seq_val_000186,P1043124_720.mp4,val,Yawning,Male,1,384,429,16,16,0,False,25.0,1.8
seq_val_000187,P1043124_720.mp4,val,Yawning,Male,1,408,453,16,16,0,False,25.0,1.8
seq_val_000188,P1043124_720.mp4,val,Yawning,Male,1,432,477,16,16,0,False,25.0,1.8
seq_val_000189,P1043124_720.mp4,val,Yawning,Male,1,456,501,16,16,0,False,25.0,1.8
seq_val_000190,P1043124_720.mp4,val,Yawning,Male,1,480,525,16,16,0,False,25.0,1.8
seq_val_000191,P1043124_720.mp4,val,Yawning,Male,1,504,549,16,16,0,False,25.0,1.8
seq_val_000192,P1043124_720.mp4,val,Yawning,Male,1,528,573,16,16,0,False,25.0,1.8
seq_val_000193,P1043124_720.mp4,val,Yawning,Male,1,552,597,16,16,0,False,25.0,1.8
seq_val_000194,P1043113_720.mp4,val,Yawning,Female,1,0,45,16,16,0,False,25.0,1.8
seq_val_000195,P1043113_720.mp4,val,Yawning,Female,1,24,69,16,16,0,False,25.0,1.8
seq_val_000196,P1043113_720.mp4,val,Yawning,Female,1,48,93,16,16,0,False,25.0,1.8
seq_val_000197,P1043113_720.mp4,val,Yawning,Female,1,72,117,16,16,0,False,25.0,1.8
seq_val_000198,P1043113_720.mp4,val,Yawning,Female,1,96,141,16,16,0,False,25.0,1.8
seq_val_000199,P1043113_720.mp4,val,Yawning,Female,1,120,165,16,16,0,False,25.0,1.8
seq_val_000200,P1043113_720.mp4,val,Yawning,Female,1,144,189,16,16,0,False,25.0,1.8
seq_val_000201,P1043113_720.mp4,val,Yawning,Female,1,168,213,16,16,0,False,25.0,1.8
seq_val_000202,P1043113_720.mp4,val,Yawning,Female,1,192,237,16,16,0,False,25.0,1.8
seq_val_000203,P1043113_720.mp4,val,Yawning,Female,1,216,261,16,16,0,False,25.0,1.8
seq_val_000204,P1043113_720.mp4,val,Yawning,Female,1,240,285,16,16,0,False,25.0,1.8
seq_val_000205,P1043113_720.mp4,val,Yawning,Female,1,264,309,16,16,0,False,25.0,1.8
seq_val_000206,P1043113_720.mp4,val,Yawning,Female,1,384,429,16,13,3,True,25.0,1.8
seq_val_000207,P1043113_720.mp4,val,Yawning,Female,1,408,453,16,16,0,False,25.0,1.8
seq_val_000208,P1043113_720.mp4,val,Yawning,Female,1,432,477,16,16,0,False,25.0,1.8
seq_val_000209,P1043113_720.mp4,val,Yawning,Female,1,456,501,16,16,0,False,25.0,1.8
seq_val_000210,P1043113_720.mp4,val,Yawning,Female,1,480,525,16,16,0,False,25.0,1.8
seq_val_000211,P1043113_720.mp4,val,Yawning,Female,1,504,549,16,16,0,False,25.0,1.8
seq_val_000212,P1043113_720.mp4,val,Yawning,Female,1,528,573,16,16,0,False,25.0,1.8
seq_val_000213,P1043113_720.mp4,val,Yawning,Female,1,552,597,16,16,0,False,25.0,1.8
seq_val_000214,P1043113_720.mp4,val,Yawning,Female,1,576,621,16,16,0,False,25.0,1.8
seq_val_000215,P1043113_720.mp4,val,Yawning,Female,1,600,645,16,16,0,False,25.0,1.8
seq_val_000216,P1043113_720.mp4,val,Yawning,Female,1,624,669,16,16,0,False,25.0,1.8
seq_val_000217,P1043113_720.mp4,val,Yawning,Female,1,648,693,16,16,0,False,25.0,1.8
seq_val_000218,P1043113_720.mp4,val,Yawning,Female,1,672,717,16,16,0,False,25.0,1.8
seq_val_000219,P1043113_720.mp4,val,Yawning,Female,1,696,741,16,16,0,False,25.0,1.8
seq_val_000220,P1043113_720.mp4,val,Yawning,Female,1,720,765,16,16,0,False,25.0,1.8
seq_val_000221,P1043113_720.mp4,val,Yawning,Female,1,744,789,16,16,0,False,25.0,1.8
seq_val_000222,P1042794_720.mp4,val,Yawning,Male,1,0,45,16,16,0,False,25.0,1.8
seq_val_000223,P1042794_720.mp4,val,Yawning,Male,1,24,69,16,16,0,False,25.0,1.8
seq_val_000224,P1042794_720.mp4,val,Yawning,Male,1,48,93,16,16,0,False,25.0,1.8
seq_val_000225,P1042794_720.mp4,val,Yawning,Male,1,72,117,16,16,0,False,25.0,1.8
seq_val_000226,P1042794_720.mp4,val,Yawning,Male,1,96,141,16,16,0,False,25.0,1.8
seq_val_000227,P1042794_720.mp4,val,Yawning,Male,1,120,165,16,16,0,False,25.0,1.8
seq_val_000228,P1042794_720.mp4,val,Yawning,Male,1,144,189,16,16,0,False,25.0,1.8
seq_val_000229,P1042794_720.mp4,val,Yawning,Male,1,168,213,16,16,0,False,25.0,1.8
seq_val_000230,P1042794_720.mp4,val,Yawning,Male,1,192,237,16,16,0,False,25.0,1.8
seq_val_000231,P1042794_720.mp4,val,Yawning,Male,1,216,261,16,16,0,False,25.0,1.8
seq_val_000232,P1042794_720.mp4,val,Yawning,Male,1,240,285,16,16,0,False,25.0,1.8
seq_val_000233,P1042794_720.mp4,val,Yawning,Male,1,264,309,16,16,0,False,25.0,1.8
seq_val_000234,P1042794_720.mp4,val,Yawning,Male,1,288,333,16,16,0,False,25.0,1.8
seq_val_000235,P1042794_720.mp4,val,Yawning,Male,1,312,357,16,16,0,False,25.0,1.8
seq_val_000236,P1042794_720.mp4,val,Yawning,Male,1,336,381,16,16,0,False,25.0,1.8
seq_val_000237,P1042794_720.mp4,val,Yawning,Male,1,360,405,16,16,0,False,25.0,1.8
seq_val_000238,P1042794_720.mp4,val,Yawning,Male,1,384,429,16,16,0,False,25.0,1.8
seq_val_000239,P1042794_720.mp4,val,Yawning,Male,1,408,453,16,16,0,False,25.0,1.8
seq_val_000240,P1042794_720.mp4,val,Yawning,Male,1,432,477,16,16,0,False,25.0,1.8
seq_val_000241,P1042794_720.mp4,val,Yawning,Male,1,456,501,16,16,0,False,25.0,1.8
seq_val_000242,P1042794_720.mp4,val,Yawning,Male,1,480,525,16,16,0,False,25.0,1.8
seq_val_000243,P1042794_720.mp4,val,Yawning,Male,1,504,549,16,16,0,False,25.0,1.8
seq_val_000244,P1042794_720.mp4,val,Yawning,Male,1,528,573,16,16,0,False,25.0,1.8
seq_val_000245,P1042794_720.mp4,val,Yawning,Male,1,552,597,16,16,0,False,25.0,1.8
seq_val_000246,P1042794_720.mp4,val,Yawning,Male,1,576,621,16,16,0,False,25.0,1.8
seq_val_000247,P1042794_720.mp4,val,Yawning,Male,1,600,645,16,16,0,False,25.0,1.8
seq_val_000248,P1042794_720.mp4,val,Yawning,Male,1,624,669,16,16,0,False,25.0,1.8
seq_val_000249,P1042794_720.mp4,val,Yawning,Male,1,648,693,16,16,0,False,25.0,1.8
seq_val_000250,P1042794_720.mp4,val,Yawning,Male,1,672,717,16,16,0,False,25.0,1.8
seq_val_000251,P1042794_720.mp4,val,Yawning,Male,1,696,741,16,16,0,False,25.0,1.8
seq_val_000252,P1043090_720.mp4,val,Yawning,Female,1,0,45,16,16,0,False,25.0,1.8
seq_val_000253,P1043090_720.mp4,val,Yawning,Female,1,24,69,16,16,0,False,25.0,1.8
seq_val_000254,P1043090_720.mp4,val,Yawning,Female,1,48,93,16,16,0,False,25.0,1.8
seq_val_000255,P1043090_720.mp4,val,Yawning,Female,1,72,117,16,16,0,False,25.0,1.8
seq_val_000256,P1043090_720.mp4,val,Yawning,Female,1,96,141,16,16,0,False,25.0,1.8
seq_val_000257,P1043090_720.mp4,val,Yawning,Female,1,120,165,16,16,0,False,25.0,1.8
seq_val_000258,P1043090_720.mp4,val,Yawning,Female,1,144,189,16,16,0,False,25.0,1.8
seq_val_000259,P1043090_720.mp4,val,Yawning,Female,1,168,213,16,16,0,False,25.0,1.8
seq_val_000260,P1043090_720.mp4,val,Yawning,Female,1,192,237,16,16,0,False,25.0,1.8
seq_val_000261,P1043090_720.mp4,val,Yawning,Female,1,216,261,16,16,0,False,25.0,1.8
seq_val_000262,P1043090_720.mp4,val,Yawning,Female,1,240,285,16,16,0,False,25.0,1.8
seq_val_000263,P1043090_720.mp4,val,Yawning,Female,1,264,309,16,16,0,False,25.0,1.8
seq_val_000264,P1043090_720.mp4,val,Yawning,Female,1,288,333,16,16,0,False,25.0,1.8
seq_val_000265,P1043090_720.mp4,val,Yawning,Female,1,312,357,16,16,0,False,25.0,1.8
seq_val_000266,P1043090_720.mp4,val,Yawning,Female,1,336,381,16,16,0,False,25.0,1.8
seq_val_000267,P1043090_720.mp4,val,Yawning,Female,1,360,405,16,16,0,False,25.0,1.8
seq_val_000268,P1043090_720.mp4,val,Yawning,Female,1,384,429,16,16,0,False,25.0,1.8
seq_val_000269,P1043090_720.mp4,val,Yawning,Female,1,408,453,16,16,0,False,25.0,1.8
seq_val_000270,P1043090_720.mp4,val,Yawning,Female,1,432,477,16,16,0,False,25.0,1.8
seq_val_000271,P1043090_720.mp4,val,Yawning,Female,1,456,501,16,16,0,False,25.0,1.8
seq_val_000272,P1043090_720.mp4,val,Yawning,Female,1,480,525,16,16,0,False,25.0,1.8
seq_val_000273,P1043090_720.mp4,val,Yawning,Female,1,504,549,16,16,0,False,25.0,1.8
seq_val_000274,P1043090_720.mp4,val,Yawning,Female,1,528,573,16,16,0,False,25.0,1.8
seq_val_000275,P1043090_720.mp4,val,Yawning,Female,1,552,597,16,16,0,False,25.0,1.8
seq_val_000276,P1043090_720.mp4,val,Yawning,Female,1,576,621,16,16,0,False,25.0,1.8
seq_val_000277,P1043090_720.mp4,val,Yawning,Female,1,600,645,16,16,0,False,25.0,1.8
seq_val_000278,P1043090_720.mp4,val,Yawning,Female,1,624,669,16,16,0,False,25.0,1.8
seq_val_000279,P1043090_720.mp4,val,Yawning,Female,1,648,693,16,16,0,False,25.0,1.8
seq_val_000280,P1043090_720.mp4,val,Yawning,Female,1,672,717,16,16,0,False,25.0,1.8
seq_val_000281,P1043090_720.mp4,val,Yawning,Female,1,696,741,16,16,0,False,25.0,1.8
seq_val_000282,P1043090_720.mp4,val,Yawning,Female,1,720,765,16,16,0,False,25.0,1.8
seq_val_000283,P1043090_720.mp4,val,Yawning,Female,1,744,789,16,16,0,False,25.0,1.8
seq_val_000284,P1043090_720.mp4,val,Yawning,Female,1,768,813,16,16,0,False,25.0,1.8
seq_val_000285,P1042753_720.mp4,val,Yawning,Male,1,0,45,16,16,0,False,25.0,1.8
seq_val_000286,P1042753_720.mp4,val,Yawning,Male,1,24,69,16,16,0,False,25.0,1.8
seq_val_000287,P1042753_720.mp4,val,Yawning,Male,1,48,93,16,16,0,False,25.0,1.8
seq_val_000288,P1042753_720.mp4,val,Yawning,Male,1,72,117,16,16,0,False,25.0,1.8
seq_val_000289,P1042753_720.mp4,val,Yawning,Male,1,96,141,16,16,0,False,25.0,1.8
seq_val_000290,P1042753_720.mp4,val,Yawning,Male,1,120,165,16,16,0,False,25.0,1.8
seq_val_000291,P1042753_720.mp4,val,Yawning,Male,1,144,189,16,16,0,False,25.0,1.8
seq_val_000292,P1042753_720.mp4,val,Yawning,Male,1,168,213,16,16,0,False,25.0,1.8
seq_val_000293,P1042753_720.mp4,val,Yawning,Male,1,192,237,16,16,0,False,25.0,1.8
seq_val_000294,P1042753_720.mp4,val,Yawning,Male,1,216,261,16,16,0,False,25.0,1.8
seq_val_000295,P1042753_720.mp4,val,Yawning,Male,1,240,285,16,16,0,False,25.0,1.8
seq_val_000296,P1042753_720.mp4,val,Yawning,Male,1,264,309,16,16,0,False,25.0,1.8
seq_val_000297,P1042753_720.mp4,val,Yawning,Male,1,288,333,16,16,0,False,25.0,1.8
seq_val_000298,P1042753_720.mp4,val,Yawning,Male,1,312,357,16,16,0,False,25.0,1.8
seq_val_000299,P1042753_720.mp4,val,Yawning,Male,1,336,381,16,16,0,False,25.0,1.8
seq_val_000300,P1042753_720.mp4,val,Yawning,Male,1,360,405,16,16,0,False,25.0,1.8
seq_val_000301,P1042753_720.mp4,val,Yawning,Male,1,384,429,16,16,0,False,25.0,1.8
seq_val_000302,P1042753_720.mp4,val,Yawning,Male,1,408,453,16,16,0,False,25.0,1.8
seq_val_000303,P1042753_720.mp4,val,Yawning,Male,1,432,477,16,16,0,False,25.0,1.8
seq_val_000304,P1042753_720.mp4,val,Yawning,Male,1,456,501,16,16,0,False,25.0,1.8
seq_val_000305,P1042753_720.mp4,val,Yawning,Male,1,480,525,16,16,0,False,25.0,1.8
seq_val_000306,P1042753_720.mp4,val,Yawning,Male,1,504,549,16,16,0,False,25.0,1.8
seq_val_000307,P1042753_720.mp4,val,Yawning,Male,1,528,573,16,16,0,False,25.0,1.8
seq_val_000308,P1042753_720.mp4,val,Yawning,Male,1,552,597,16,16,0,False,25.0,1.8
seq_val_000309,P1042753_720.mp4,val,Yawning,Male,1,576,621,16,16,0,False,25.0,1.8
seq_val_000310,P1042753_720.mp4,val,Yawning,Male,1,600,645,16,16,0,False,25.0,1.8
seq_val_000311,P1042753_720.mp4,val,Yawning,Male,1,624,669,16,16,0,False,25.0,1.8
seq_val_000312,P1042753_720.mp4,val,Yawning,Male,1,648,693,16,16,0,False,25.0,1.8
seq_val_000313,P1042753_720.mp4,val,Yawning,Male,1,672,717,16,16,0,False,25.0,1.8
seq_val_000314,P1042753_720.mp4,val,Yawning,Male,1,696,741,16,16,0,False,25.0,1.8
seq_val_000315,P1042753_720.mp4,val,Yawning,Male,1,720,765,16,16,0,False,25.0,1.8
seq_val_000316,P1042753_720.mp4,val,Yawning,Male,1,744,789,16,16,0,False,25.0,1.8
seq_val_000317,P1042753_720.mp4,val,Yawning,Male,1,768,813,16,16,0,False,25.0,1.8
seq_val_000318,P1042753_720.mp4,val,Yawning,Male,1,792,837,16,16,0,False,25.0,1.8
seq_val_000319,P1042753_720.mp4,val,Yawning,Male,1,816,861,16,16,0,False,25.0,1.8
seq_val_000320,P1042753_720.mp4,val,Yawning,Male,1,840,885,16,16,0,False,25.0,1.8
seq_val_000321,P1042753_720.mp4,val,Yawning,Male,1,864,909,16,16,0,False,25.0,1.8
seq_val_000322,P1042753_720.mp4,val,Yawning,Male,1,888,933,16,16,0,False,25.0,1.8
seq_val_000323,P1042753_720.mp4,val,Yawning,Male,1,912,957,16,16,0,False,25.0,1.8
seq_val_000324,P1042753_720.mp4,val,Yawning,Male,1,936,981,16,16,0,False,25.0,1.8
seq_val_000325,P1042753_720.mp4,val,Yawning,Male,1,960,1005,16,16,0,False,25.0,1.8
seq_val_000326,P1042753_720.mp4,val,Yawning,Male,1,984,1029,16,16,0,False,25.0,1.8
seq_val_000327,P1042753_720.mp4,val,Yawning,Male,1,1008,1053,16,16,0,False,25.0,1.8
seq_val_000328,P1042779_720.mp4,val,Yawning,Female,1,0,45,16,16,0,False,25.0,1.8
seq_val_000329,P1042779_720.mp4,val,Yawning,Female,1,72,117,16,16,0,False,25.0,1.8
seq_val_000330,P1042779_720.mp4,val,Yawning,Female,1,96,141,16,16,0,False,25.0,1.8
seq_val_000331,P1042779_720.mp4,val,Yawning,Female,1,120,165,16,16,0,False,25.0,1.8
seq_val_000332,P1042779_720.mp4,val,Yawning,Female,1,144,189,16,16,0,False,25.0,1.8
seq_val_000333,P1042779_720.mp4,val,Yawning,Female,1,168,213,16,16,0,False,25.0,1.8
seq_val_000334,P1042779_720.mp4,val,Yawning,Female,1,192,237,16,16,0,False,25.0,1.8
seq_val_000335,P1042779_720.mp4,val,Yawning,Female,1,216,261,16,16,0,False,25.0,1.8
seq_val_000336,P1042779_720.mp4,val,Yawning,Female,1,240,285,16,16,0,False,25.0,1.8
seq_val_000337,P1042779_720.mp4,val,Yawning,Female,1,312,357,16,16,0,False,25.0,1.8
seq_val_000338,P1042779_720.mp4,val,Yawning,Female,1,336,381,16,16,0,False,25.0,1.8
seq_val_000339,P1042779_720.mp4,val,Yawning,Female,1,360,405,16,16,0,False,25.0,1.8
seq_val_000340,P1042779_720.mp4,val,Yawning,Female,1,384,429,16,16,0,False,25.0,1.8
seq_val_000341,P1042779_720.mp4,val,Yawning,Female,1,408,453,16,16,0,False,25.0,1.8
seq_val_000342,P1042779_720.mp4,val,Yawning,Female,1,432,477,16,16,0,False,25.0,1.8
seq_val_000343,P1042779_720.mp4,val,Yawning,Female,1,456,501,16,16,0,False,25.0,1.8
seq_val_000344,P1042779_720.mp4,val,Yawning,Female,1,480,525,16,16,0,False,25.0,1.8
seq_val_000345,P1042779_720.mp4,val,Yawning,Female,1,504,549,16,16,0,False,25.0,1.8
seq_val_000346,P1042779_720.mp4,val,Yawning,Female,1,528,573,16,16,0,False,25.0,1.8
seq_val_000347,P1042779_720.mp4,val,Yawning,Female,1,552,597,16,16,0,False,25.0,1.8
seq_val_000348,P1042779_720.mp4,val,Yawning,Female,1,576,621,16,16,0,False,25.0,1.8
seq_val_000349,P1042779_720.mp4,val,Yawning,Female,1,600,645,16,16,0,False,25.0,1.8
seq_val_000350,P1042779_720.mp4,val,Yawning,Female,1,624,669,16,16,0,False,25.0,1.8
seq_val_000351,P1042779_720.mp4,val,Yawning,Female,1,648,693,16,16,0,False,25.0,1.8
seq_val_000352,P1042779_720.mp4,val,Yawning,Female,1,672,717,16,16,0,False,25.0,1.8
seq_val_000353,P1042779_720.mp4,val,Yawning,Female,1,696,741,16,16,0,False,25.0,1.8
seq_val_000354,P1042779_720.mp4,val,Yawning,Female,1,720,765,16,16,0,False,25.0,1.8
seq_val_000355,P1042779_720.mp4,val,Yawning,Female,1,744,789,16,16,0,False,25.0,1.8
seq_val_000356,P1042779_720.mp4,val,Yawning,Female,1,768,813,16,16,0,False,25.0,1.8
seq_val_000357,P1042779_720.mp4,val,Yawning,Female,1,792,837,16,16,0,False,25.0,1.8
seq_val_000358,P1042779_720.mp4,val,Yawning,Female,1,816,861,16,16,0,False,25.0,1.8
seq_val_000359,P1042779_720.mp4,val,Yawning,Female,1,840,885,16,16,0,False,25.0,1.8
seq_val_000360,P1042779_720.mp4,val,Yawning,Female,1,864,909,16,16,0,False,25.0,1.8
seq_val_000361,P1042779_720.mp4,val,Yawning,Female,1,888,933,16,16,0,False,25.0,1.8
seq_val_000362,P1042779_720.mp4,val,Yawning,Female,1,912,957,16,16,0,False,25.0,1.8
seq_val_000363,P1042779_720.mp4,val,Yawning,Female,1,936,981,16,16,0,False,25.0,1.8
seq_val_000364,P1042779_720.mp4,val,Yawning,Female,1,960,1005,16,16,0,False,25.0,1.8
seq_val_000365,P1042779_720.mp4,val,Yawning,Female,1,984,1029,16,16,0,False,25.0,1.8
seq_val_000366,P1042779_720.mp4,val,Yawning,Female,1,1008,1053,16,16,0,False,25.0,1.8
seq_val_000367,P1042779_720.mp4,val,Yawning,Female,1,1032,1077,16,16,0,False,25.0,1.8
seq_val_000368,P1042787_720.mp4,val,Microsleep,Female,1,0,45,16,16,0,False,25.0,1.8
seq_val_000369,P1042787_720.mp4,val,Microsleep,Female,1,24,69,16,16,0,False,25.0,1.8
seq_val_000370,P1042787_720.mp4,val,Microsleep,Female,1,48,93,16,16,0,False,25.0,1.8
seq_val_000371,P1042787_720.mp4,val,Microsleep,Female,1,72,117,16,16,0,False,25.0,1.8
seq_val_000372,P1042787_720.mp4,val,Microsleep,Female,1,96,141,16,16,0,False,25.0,1.8
seq_val_000373,P1042787_720.mp4,val,Microsleep,Female,1,120,165,16,16,0,False,25.0,1.8
seq_val_000374,P1042787_720.mp4,val,Microsleep,Female,1,144,189,16,16,0,False,25.0,1.8
seq_val_000375,P1042787_720.mp4,val,Microsleep,Female,1,168,213,16,16,0,False,25.0,1.8
seq_val_000376,P1042787_720.mp4,val,Microsleep,Female,1,192,237,16,16,0,False,25.0,1.8
seq_val_000377,P1042787_720.mp4,val,Microsleep,Female,1,216,261,16,16,0,False,25.0,1.8
seq_val_000378,P1042787_720.mp4,val,Microsleep,Female,1,240,285,16,16,0,False,25.0,1.8
seq_val_000379,P1042787_720.mp4,val,Microsleep,Female,1,264,309,16,15,1,True,25.0,1.8
seq_val_000380,P1042787_720.mp4,val,Microsleep,Female,1,288,333,16,15,1,True,25.0,1.8
seq_val_000381,P1042787_720.mp4,val,Microsleep,Female,1,312,357,16,16,0,False,25.0,1.8
seq_val_000382,P1042787_720.mp4,val,Microsleep,Female,1,336,381,16,16,0,False,25.0,1.8
seq_val_000383,P1042787_720.mp4,val,Microsleep,Female,1,360,405,16,16,0,False,25.0,1.8
seq_val_000384,P1042787_720.mp4,val,Microsleep,Female,1,384,429,16,16,0,False,25.0,1.8
seq_val_000385,P1042787_720.mp4,val,Microsleep,Female,1,408,453,16,16,0,False,25.0,1.8
seq_val_000386,P1042787_720.mp4,val,Microsleep,Female,1,432,477,16,14,2,True,25.0,1.8
seq_val_000387,P1042787_720.mp4,val,Microsleep,Female,1,456,501,16,13,3,True,25.0,1.8
seq_val_000388,P1042787_720.mp4,val,Microsleep,Female,1,480,525,16,15,1,True,25.0,1.8
seq_val_000389,P1042787_720.mp4,val,Microsleep,Female,1,504,549,16,16,0,False,25.0,1.8
seq_val_000390,P1042787_720.mp4,val,Microsleep,Female,1,528,573,16,16,0,False,25.0,1.8
seq_val_000391,P1042787_720.mp4,val,Microsleep,Female,1,552,597,16,16,0,False,25.0,1.8
seq_val_000392,P1042787_720.mp4,val,Microsleep,Female,1,576,621,16,16,0,False,25.0,1.8
seq_val_000393,P1042787_720.mp4,val,Microsleep,Female,1,600,645,16,13,3,True,25.0,1.8
seq_val_000394,P1042787_720.mp4,val,Microsleep,Female,1,624,669,16,13,3,True,25.0,1.8
seq_val_000395,P1042787_720.mp4,val,Microsleep,Female,1,648,693,16,16,0,False,25.0,1.8
seq_val_000396,P1042787_720.mp4,val,Microsleep,Female,1,672,717,16,16,0,False,25.0,1.8
seq_val_000397,P1042787_720.mp4,val,Microsleep,Female,1,696,741,16,16,0,False,25.0,1.8
seq_val_000398,P1042787_720.mp4,val,Microsleep,Female,1,720,765,16,16,0,False,25.0,1.8
seq_val_000399,P1042787_720.mp4,val,Microsleep,Female,1,744,789,16,16,0,False,25.0,1.8
seq_val_000400,P1042787_720.mp4,val,Microsleep,Female,1,768,813,16,16,0,False,25.0,1.8
seq_val_000401,P1042787_720.mp4,val,Microsleep,Female,1,792,837,16,16,0,False,25.0,1.8
seq_val_000402,P1042787_720.mp4,val,Microsleep,Female,1,816,861,16,16,0,False,25.0,1.8
seq_val_000403,P1042787_720.mp4,val,Microsleep,Female,1,840,885,16,16,0,False,25.0,1.8
seq_val_000404,P1042787_720.mp4,val,Microsleep,Female,1,864,909,16,16,0,False,25.0,1.8
seq_val_000405,P1042787_720.mp4,val,Microsleep,Female,1,888,933,16,16,0,False,25.0,1.8
seq_val_000406,P1042787_720.mp4,val,Microsleep,Female,1,912,957,16,16,0,False,25.0,1.8
seq_val_000407,P1042787_720.mp4,val,Microsleep,Female,1,936,981,16,16,0,False,25.0,1.8
seq_val_000408,P1042787_720.mp4,val,Microsleep,Female,1,960,1005,16,16,0,False,25.0,1.8
seq_val_000409,P1042787_720.mp4,val,Microsleep,Female,1,984,1029,16,16,0,False,25.0,1.8
seq_val_000410,P1042787_720.mp4,val,Microsleep,Female,1,1008,1053,16,16,0,False,25.0,1.8
seq_val_000411,P1042787_720.mp4,val,Microsleep,Female,1,1032,1077,16,16,0,False,25.0,1.8
seq_val_000412,P1042787_720.mp4,val,Microsleep,Female,1,1056,1101,16,15,1,True,25.0,1.8
seq_val_000413,P1042787_720.mp4,val,Microsleep,Female,1,1080,1125,16,15,1,True,25.0,1.8
seq_val_000414,P1042787_720.mp4,val,Microsleep,Female,1,1104,1149,16,16,0,False,25.0,1.8
seq_val_000415,P1042787_720.mp4,val,Microsleep,Female,1,1128,1173,16,15,1,True,25.0,1.8
seq_val_000416,P1042787_720.mp4,val,Microsleep,Female,1,1152,1197,16,15,1,True,25.0,1.8
seq_val_000417,P1042787_720.mp4,val,Microsleep,Female,1,1176,1221,16,16,0,False,25.0,1.8
seq_val_000418,P1042787_720.mp4,val,Microsleep,Female,1,1200,1245,16,16,0,False,25.0,1.8
seq_val_000419,P1042787_720.mp4,val,Microsleep,Female,1,1224,1269,16,16,0,False,25.0,1.8
seq_val_000420,P1042787_720.mp4,val,Microsleep,Female,1,1248,1293,16,16,0,False,25.0,1.8
seq_val_000421,P1042787_720.mp4,val,Microsleep,Female,1,1272,1317,16,16,0,False,25.0,1.8
seq_val_000422,P1042787_720.mp4,val,Microsleep,Female,1,1296,1341,16,16,0,False,25.0,1.8
seq_val_000423,P1042787_720.mp4,val,Microsleep,Female,1,1320,1365,16,16,0,False,25.0,1.8
seq_val_000424,P1042787_720.mp4,val,Microsleep,Female,1,1344,1389,16,16,0,False,25.0,1.8
seq_val_000425,P1042787_720.mp4,val,Microsleep,Female,1,1368,1413,16,16,0,False,25.0,1.8
seq_val_000426,P1042787_720.mp4,val,Microsleep,Female,1,1392,1437,16,16,0,False,25.0,1.8
seq_val_000427,P1042787_720.mp4,val,Microsleep,Female,1,1416,1461,16,16,0,False,25.0,1.8
seq_val_000428,P1042787_720.mp4,val,Microsleep,Female,1,1440,1485,16,16,0,False,25.0,1.8
seq_val_000429,P1042787_720.mp4,val,Microsleep,Female,1,1464,1509,16,16,0,False,25.0,1.8
seq_val_000430,P1042787_720.mp4,val,Microsleep,Female,1,1488,1533,16,13,3,True,25.0,1.8
seq_val_000431,P1042787_720.mp4,val,Microsleep,Female,1,1512,1557,16,13,3,True,25.0,1.8
seq_val_000432,P1042787_720.mp4,val,Microsleep,Female,1,1536,1581,16,16,0,False,25.0,1.8
seq_val_000433,P1042787_720.mp4,val,Microsleep,Female,1,1560,1605,16,16,0,False,25.0,1.8
seq_val_000434,P1042787_720.mp4,val,Microsleep,Female,1,1584,1629,16,16,0,False,25.0,1.8
seq_val_000435,P1042787_720.mp4,val,Microsleep,Female,1,1608,1653,16,16,0,False,25.0,1.8
seq_val_000436,P1042787_720.mp4,val,Microsleep,Female,1,1632,1677,16,16,0,False,25.0,1.8
seq_val_000437,P1042787_720.mp4,val,Microsleep,Female,1,1656,1701,16,16,0,False,25.0,1.8
seq_val_000438,P1042787_720.mp4,val,Microsleep,Female,1,1680,1725,16,16,0,False,25.0,1.8
seq_val_000439,P1042787_720.mp4,val,Microsleep,Female,1,1704,1749,16,16,0,False,25.0,1.8
seq_val_000440,P1042787_720.mp4,val,Microsleep,Female,1,1728,1773,16,16,0,False,25.0,1.8
seq_val_000441,P1042787_720.mp4,val,Microsleep,Female,1,1752,1797,16,16,0,False,25.0,1.8
seq_val_000442,P1042787_720.mp4,val,Microsleep,Female,1,1776,1821,16,16,0,False,25.0,1.8
seq_val_000443,P1042787_720.mp4,val,Microsleep,Female,1,1800,1845,16,16,0,False,25.0,1.8
seq_val_000444,P1042787_720.mp4,val,Microsleep,Female,1,1824,1869,16,16,0,False,25.0,1.8
seq_val_000445,P1042787_720.mp4,val,Microsleep,Female,1,1848,1893,16,16,0,False,25.0,1.8
seq_val_000446,P1042787_720.mp4,val,Microsleep,Female,1,1872,1917,16,16,0,False,25.0,1.8
seq_val_000447,P1042787_720.mp4,val,Microsleep,Female,1,1896,1941,16,16,0,False,25.0,1.8
seq_val_000448,P1042787_720.mp4,val,Microsleep,Female,1,1920,1965,16,16,0,False,25.0,1.8
seq_val_000449,P1042787_720.mp4,val,Microsleep,Female,1,1944,1989,16,16,0,False,25.0,1.8
seq_val_000450,P1042787_720.mp4,val,Microsleep,Female,1,2016,2061,16,16,0,False,25.0,1.8
seq_val_000451,P1042787_720.mp4,val,Microsleep,Female,1,2040,2085,16,16,0,False,25.0,1.8
seq_val_000452,P1042787_720.mp4,val,Microsleep,Female,1,2064,2109,16,16,0,False,25.0,1.8
seq_val_000453,P1042787_720.mp4,val,Microsleep,Female,1,2088,2133,16,16,0,False,25.0,1.8
seq_val_000454,P1042787_720.mp4,val,Microsleep,Female,1,2112,2157,16,16,0,False,25.0,1.8
seq_val_000455,P1042787_720.mp4,val,Microsleep,Female,1,2136,2181,16,15,1,True,25.0,1.8
seq_val_000456,P1042787_720.mp4,val,Microsleep,Female,1,2160,2205,16,14,2,True,25.0,1.8
seq_val_000457,P1042787_720.mp4,val,Microsleep,Female,1,2184,2229,16,15,1,True,25.0,1.8
seq_val_000458,P1042787_720.mp4,val,Microsleep,Female,1,2208,2253,16,16,0,False,25.0,1.8
seq_val_000459,P1042787_720.mp4,val,Microsleep,Female,1,2232,2277,16,16,0,False,25.0,1.8
seq_val_000460,P1042787_720.mp4,val,Microsleep,Female,1,2256,2301,16,16,0,False,25.0,1.8
seq_val_000461,P1042787_720.mp4,val,Microsleep,Female,1,2280,2325,16,16,0,False,25.0,1.8
seq_val_000462,P1042787_720.mp4,val,Microsleep,Female,1,2304,2349,16,16,0,False,25.0,1.8
seq_val_000463,P1042787_720.mp4,val,Microsleep,Female,1,2328,2373,16,16,0,False,25.0,1.8
seq_val_000464,P1042787_720.mp4,val,Microsleep,Female,1,2352,2397,16,16,0,False,25.0,1.8
seq_val_000465,P1042787_720.mp4,val,Microsleep,Female,1,2376,2421,16,16,0,False,25.0,1.8
seq_val_000466,P1042787_720.mp4,val,Microsleep,Female,1,2400,2445,16,16,0,False,25.0,1.8
seq_val_000467,P1042787_720.mp4,val,Microsleep,Female,1,2424,2469,16,16,0,False,25.0,1.8
seq_val_000468,P1042787_720.mp4,val,Microsleep,Female,1,2448,2493,16,16,0,False,25.0,1.8
seq_val_000469,P1042787_720.mp4,val,Microsleep,Female,1,2472,2517,16,16,0,False,25.0,1.8
seq_val_000470,P1042787_720.mp4,val,Microsleep,Female,1,2496,2541,16,16,0,False,25.0,1.8
seq_val_000471,P1042787_720.mp4,val,Microsleep,Female,1,2520,2565,16,16,0,False,25.0,1.8
seq_val_000472,P1042787_720.mp4,val,Microsleep,Female,1,2544,2589,16,16,0,False,25.0,1.8
seq_val_000473,P1042787_720.mp4,val,Microsleep,Female,1,2568,2613,16,16,0,False,25.0,1.8
seq_val_000474,P1042787_720.mp4,val,Microsleep,Female,1,2592,2637,16,16,0,False,25.0,1.8
seq_val_000475,P1042787_720.mp4,val,Microsleep,Female,1,2616,2661,16,16,0,False,25.0,1.8
seq_val_000476,P1042787_720.mp4,val,Microsleep,Female,1,2640,2685,16,16,0,False,25.0,1.8
seq_val_000477,P1042787_720.mp4,val,Microsleep,Female,1,2664,2709,16,16,0,False,25.0,1.8
seq_val_000478,P1042787_720.mp4,val,Microsleep,Female,1,2688,2733,16,16,0,False,25.0,1.8
seq_val_000479,P1042787_720.mp4,val,Microsleep,Female,1,2712,2757,16,16,0,False,25.0,1.8
seq_val_000480,P1042787_720.mp4,val,Microsleep,Female,1,2736,2781,16,16,0,False,25.0,1.8
seq_val_000481,P1042787_720.mp4,val,Microsleep,Female,1,2760,2805,16,16,0,False,25.0,1.8
seq_val_000482,P1042787_720.mp4,val,Microsleep,Female,1,2784,2829,16,16,0,False,25.0,1.8
seq_val_000483,P1042787_720.mp4,val,Microsleep,Female,1,2808,2853,16,16,0,False,25.0,1.8
seq_val_000484,P1042787_720.mp4,val,Microsleep,Female,1,2832,2877,16,16,0,False,25.0,1.8
seq_val_000485,P1042787_720.mp4,val,Microsleep,Female,1,2856,2901,16,16,0,False,25.0,1.8
seq_val_000486,P1042787_720.mp4,val,Microsleep,Female,1,2880,2925,16,16,0,False,25.0,1.8
seq_val_000487,P1042787_720.mp4,val,Microsleep,Female,1,2904,2949,16,16,0,False,25.0,1.8
seq_val_000488,P1042787_720.mp4,val,Microsleep,Female,1,2928,2973,16,16,0,False,25.0,1.8
seq_val_000489,P1042787_720.mp4,val,Microsleep,Female,1,2952,2997,16,16,0,False,25.0,1.8
seq_val_000490,P1042787_720.mp4,val,Microsleep,Female,1,2976,3021,16,16,0,False,25.0,1.8
seq_val_000491,P1042787_720.mp4,val,Microsleep,Female,1,3000,3045,16,16,0,False,25.0,1.8
seq_val_000492,P1042787_720.mp4,val,Microsleep,Female,1,3024,3069,16,16,0,False,25.0,1.8
seq_val_000493,P1042787_720.mp4,val,Microsleep,Female,1,3048,3093,16,16,0,False,25.0,1.8
seq_val_000494,P1042787_720.mp4,val,Microsleep,Female,1,3072,3117,16,16,0,False,25.0,1.8
seq_val_000495,P1042787_720.mp4,val,Microsleep,Female,1,3096,3141,16,16,0,False,25.0,1.8
seq_val_000496,P1042787_720.mp4,val,Microsleep,Female,1,3120,3165,16,16,0,False,25.0,1.8
seq_val_000497,P1042787_720.mp4,val,Microsleep,Female,1,3144,3189,16,16,0,False,25.0,1.8
seq_val_000498,P1042787_720.mp4,val,Microsleep,Female,1,3168,3213,16,16,0,False,25.0,1.8
seq_val_000499,P1042787_720.mp4,val,Microsleep,Female,1,3192,3237,16,16,0,False,25.0,1.8
seq_val_000500,P1042787_720.mp4,val,Microsleep,Female,1,3216,3261,16,16,0,False,25.0,1.8
seq_val_000501,P1042787_720.mp4,val,Microsleep,Female,1,3240,3285,16,16,0,False,25.0,1.8
seq_val_000502,P1042762_720.mp4,val,Microsleep,Male,1,0,45,16,16,0,False,25.0,1.8
seq_val_000503,P1042762_720.mp4,val,Microsleep,Male,1,24,69,16,16,0,False,25.0,1.8
seq_val_000504,P1042762_720.mp4,val,Microsleep,Male,1,48,93,16,16,0,False,25.0,1.8
seq_val_000505,P1042762_720.mp4,val,Microsleep,Male,1,72,117,16,16,0,False,25.0,1.8
seq_val_000506,P1042762_720.mp4,val,Microsleep,Male,1,96,141,16,16,0,False,25.0,1.8
seq_val_000507,P1042762_720.mp4,val,Microsleep,Male,1,120,165,16,16,0,False,25.0,1.8
seq_val_000508,P1042762_720.mp4,val,Microsleep,Male,1,144,189,16,16,0,False,25.0,1.8
seq_val_000509,P1042762_720.mp4,val,Microsleep,Male,1,168,213,16,16,0,False,25.0,1.8
seq_val_000510,P1042762_720.mp4,val,Microsleep,Male,1,192,237,16,16,0,False,25.0,1.8
seq_val_000511,P1042762_720.mp4,val,Microsleep,Male,1,216,261,16,16,0,False,25.0,1.8
seq_val_000512,P1042762_720.mp4,val,Microsleep,Male,1,240,285,16,16,0,False,25.0,1.8
seq_val_000513,P1042762_720.mp4,val,Microsleep,Male,1,264,309,16,16,0,False,25.0,1.8
seq_val_000514,P1042762_720.mp4,val,Microsleep,Male,1,288,333,16,16,0,False,25.0,1.8
seq_val_000515,P1042762_720.mp4,val,Microsleep,Male,1,312,357,16,16,0,False,25.0,1.8
seq_val_000516,P1042762_720.mp4,val,Microsleep,Male,1,336,381,16,16,0,False,25.0,1.8
seq_val_000517,P1042762_720.mp4,val,Microsleep,Male,1,360,405,16,16,0,False,25.0,1.8
seq_val_000518,P1042762_720.mp4,val,Microsleep,Male,1,384,429,16,16,0,False,25.0,1.8
seq_val_000519,P1042762_720.mp4,val,Microsleep,Male,1,408,453,16,16,0,False,25.0,1.8
seq_val_000520,P1042762_720.mp4,val,Microsleep,Male,1,432,477,16,16,0,False,25.0,1.8
seq_val_000521,P1042762_720.mp4,val,Microsleep,Male,1,456,501,16,14,2,True,25.0,1.8
seq_val_000522,P1042762_720.mp4,val,Microsleep,Male,1,480,525,16,13,3,True,25.0,1.8
seq_val_000523,P1042762_720.mp4,val,Microsleep,Male,1,504,549,16,15,1,True,25.0,1.8
seq_val_000524,P1042762_720.mp4,val,Microsleep,Male,1,528,573,16,16,0,False,25.0,1.8
seq_val_000525,P1042762_720.mp4,val,Microsleep,Male,1,552,597,16,16,0,False,25.0,1.8
seq_val_000526,P1042762_720.mp4,val,Microsleep,Male,1,576,621,16,16,0,False,25.0,1.8
seq_val_000527,P1042762_720.mp4,val,Microsleep,Male,1,600,645,16,16,0,False,25.0,1.8
seq_val_000528,P1042762_720.mp4,val,Microsleep,Male,1,624,669,16,16,0,False,25.0,1.8
seq_val_000529,P1042762_720.mp4,val,Microsleep,Male,1,648,693,16,16,0,False,25.0,1.8
seq_val_000530,P1042762_720.mp4,val,Microsleep,Male,1,672,717,16,16,0,False,25.0,1.8
seq_val_000531,P1042762_720.mp4,val,Microsleep,Male,1,696,741,16,16,0,False,25.0,1.8
seq_val_000532,P1042762_720.mp4,val,Microsleep,Male,1,720,765,16,16,0,False,25.0,1.8
seq_val_000533,P1042762_720.mp4,val,Microsleep,Male,1,744,789,16,16,0,False,25.0,1.8
seq_val_000534,P1042762_720.mp4,val,Microsleep,Male,1,768,813,16,16,0,False,25.0,1.8
seq_val_000535,P1042762_720.mp4,val,Microsleep,Male,1,792,837,16,16,0,False,25.0,1.8
seq_val_000536,P1042762_720.mp4,val,Microsleep,Male,1,816,861,16,16,0,False,25.0,1.8
seq_val_000537,P1042762_720.mp4,val,Microsleep,Male,1,840,885,16,16,0,False,25.0,1.8
seq_val_000538,P1042762_720.mp4,val,Microsleep,Male,1,864,909,16,15,1,True,25.0,1.8
seq_val_000539,P1042762_720.mp4,val,Microsleep,Male,1,888,933,16,15,1,True,25.0,1.8
seq_val_000540,P1042762_720.mp4,val,Microsleep,Male,1,912,957,16,16,0,False,25.0,1.8
seq_val_000541,P1042762_720.mp4,val,Microsleep,Male,1,936,981,16,16,0,False,25.0,1.8
seq_val_000542,P1042762_720.mp4,val,Microsleep,Male,1,960,1005,16,16,0,False,25.0,1.8
seq_val_000543,P1042762_720.mp4,val,Microsleep,Male,1,984,1029,16,16,0,False,25.0,1.8
seq_val_000544,P1042762_720.mp4,val,Microsleep,Male,1,1008,1053,16,16,0,False,25.0,1.8
seq_val_000545,P1042762_720.mp4,val,Microsleep,Male,1,1032,1077,16,16,0,False,25.0,1.8
seq_val_000546,P1042762_720.mp4,val,Microsleep,Male,1,1056,1101,16,16,0,False,25.0,1.8
seq_val_000547,P1042762_720.mp4,val,Microsleep,Male,1,1080,1125,16,16,0,False,25.0,1.8
seq_val_000548,P1042762_720.mp4,val,Microsleep,Male,1,1104,1149,16,16,0,False,25.0,1.8
seq_val_000549,P1042762_720.mp4,val,Microsleep,Male,1,1128,1173,16,16,0,False,25.0,1.8
seq_val_000550,P1042762_720.mp4,val,Microsleep,Male,1,1152,1197,16,16,0,False,25.0,1.8
seq_val_000551,P1042762_720.mp4,val,Microsleep,Male,1,1176,1221,16,16,0,False,25.0,1.8
seq_val_000552,P1042762_720.mp4,val,Microsleep,Male,1,1200,1245,16,16,0,False,25.0,1.8
seq_val_000553,P1042762_720.mp4,val,Microsleep,Male,1,1224,1269,16,16,0,False,25.0,1.8
seq_val_000554,P1042762_720.mp4,val,Microsleep,Male,1,1248,1293,16,16,0,False,25.0,1.8
seq_val_000555,P1042762_720.mp4,val,Microsleep,Male,1,1272,1317,16,16,0,False,25.0,1.8
seq_val_000556,P1042762_720.mp4,val,Microsleep,Male,1,1296,1341,16,16,0,False,25.0,1.8
seq_val_000557,P1042762_720.mp4,val,Microsleep,Male,1,1320,1365,16,16,0,False,25.0,1.8
seq_val_000558,P1042762_720.mp4,val,Microsleep,Male,1,1344,1389,16,16,0,False,25.0,1.8
seq_val_000559,P1042762_720.mp4,val,Microsleep,Male,1,1368,1413,16,16,0,False,25.0,1.8
seq_val_000560,P1042762_720.mp4,val,Microsleep,Male,1,1392,1437,16,16,0,False,25.0,1.8
seq_val_000561,P1042762_720.mp4,val,Microsleep,Male,1,1416,1461,16,16,0,False,25.0,1.8
seq_val_000562,P1042762_720.mp4,val,Microsleep,Male,1,1440,1485,16,16,0,False,25.0,1.8
seq_val_000563,P1042762_720.mp4,val,Microsleep,Male,1,1464,1509,16,16,0,False,25.0,1.8
seq_val_000564,P1042762_720.mp4,val,Microsleep,Male,1,1488,1533,16,16,0,False,25.0,1.8
seq_val_000565,P1042762_720.mp4,val,Microsleep,Male,1,1512,1557,16,16,0,False,25.0,1.8
seq_val_000566,P1042762_720.mp4,val,Microsleep,Male,1,1536,1581,16,16,0,False,25.0,1.8
seq_val_000567,P1042762_720.mp4,val,Microsleep,Male,1,1560,1605,16,16,0,False,25.0,1.8
seq_val_000568,P1042762_720.mp4,val,Microsleep,Male,1,1584,1629,16,16,0,False,25.0,1.8
seq_val_000569,P1042762_720.mp4,val,Microsleep,Male,1,1608,1653,16,16,0,False,25.0,1.8
seq_val_000570,P1042762_720.mp4,val,Microsleep,Male,1,1632,1677,16,16,0,False,25.0,1.8
seq_val_000571,P1042762_720.mp4,val,Microsleep,Male,1,1656,1701,16,16,0,False,25.0,1.8
seq_val_000572,P1042762_720.mp4,val,Microsleep,Male,1,1680,1725,16,16,0,False,25.0,1.8
seq_val_000573,P1042762_720.mp4,val,Microsleep,Male,1,1704,1749,16,16,0,False,25.0,1.8
seq_val_000574,P1042762_720.mp4,val,Microsleep,Male,1,1728,1773,16,16,0,False,25.0,1.8
seq_val_000575,P1042762_720.mp4,val,Microsleep,Male,1,1752,1797,16,16,0,False,25.0,1.8
seq_val_000576,P1042762_720.mp4,val,Microsleep,Male,1,1776,1821,16,16,0,False,25.0,1.8
seq_val_000577,P1042762_720.mp4,val,Microsleep,Male,1,1800,1845,16,16,0,False,25.0,1.8
seq_val_000578,P1042762_720.mp4,val,Microsleep,Male,1,1824,1869,16,16,0,False,25.0,1.8
seq_val_000579,P1042762_720.mp4,val,Microsleep,Male,1,1848,1893,16,16,0,False,25.0,1.8
seq_val_000580,P1042762_720.mp4,val,Microsleep,Male,1,1872,1917,16,16,0,False,25.0,1.8
seq_val_000581,P1042762_720.mp4,val,Microsleep,Male,1,1896,1941,16,16,0,False,25.0,1.8
seq_val_000582,P1042762_720.mp4,val,Microsleep,Male,1,1920,1965,16,16,0,False,25.0,1.8
seq_val_000583,P1042762_720.mp4,val,Microsleep,Male,1,1944,1989,16,16,0,False,25.0,1.8
seq_val_000584,P1042762_720.mp4,val,Microsleep,Male,1,1968,2013,16,16,0,False,25.0,1.8
seq_val_000585,P1042762_720.mp4,val,Microsleep,Male,1,1992,2037,16,16,0,False,25.0,1.8
seq_val_000586,P1042762_720.mp4,val,Microsleep,Male,1,2016,2061,16,16,0,False,25.0,1.8
seq_val_000587,P1042762_720.mp4,val,Microsleep,Male,1,2040,2085,16,16,0,False,25.0,1.8
seq_val_000588,P1042762_720.mp4,val,Microsleep,Male,1,2064,2109,16,16,0,False,25.0,1.8
seq_val_000589,P1042762_720.mp4,val,Microsleep,Male,1,2088,2133,16,16,0,False,25.0,1.8
seq_val_000590,P1042762_720.mp4,val,Microsleep,Male,1,2112,2157,16,16,0,False,25.0,1.8
seq_val_000591,P1042762_720.mp4,val,Microsleep,Male,1,2136,2181,16,16,0,False,25.0,1.8
seq_val_000592,P1042762_720.mp4,val,Microsleep,Male,1,2160,2205,16,16,0,False,25.0,1.8
seq_val_000593,P1042762_720.mp4,val,Microsleep,Male,1,2184,2229,16,16,0,False,25.0,1.8
seq_val_000594,P1042762_720.mp4,val,Microsleep,Male,1,2208,2253,16,16,0,False,25.0,1.8
seq_val_000595,P1042762_720.mp4,val,Microsleep,Male,1,2232,2277,16,16,0,False,25.0,1.8
seq_val_000596,P1042762_720.mp4,val,Microsleep,Male,1,2256,2301,16,16,0,False,25.0,1.8
seq_val_000597,P1042762_720.mp4,val,Microsleep,Male,1,2280,2325,16,16,0,False,25.0,1.8
seq_val_000598,P1042762_720.mp4,val,Microsleep,Male,1,2304,2349,16,16,0,False,25.0,1.8
seq_val_000599,P1042762_720.mp4,val,Microsleep,Male,1,2328,2373,16,16,0,False,25.0,1.8
seq_val_000600,P1042762_720.mp4,val,Microsleep,Male,1,2352,2397,16,16,0,False,25.0,1.8
seq_val_000601,P1042762_720.mp4,val,Microsleep,Male,1,2376,2421,16,16,0,False,25.0,1.8
seq_val_000602,P1042762_720.mp4,val,Microsleep,Male,1,2400,2445,16,16,0,False,25.0,1.8
seq_val_000603,P1042762_720.mp4,val,Microsleep,Male,1,2424,2469,16,16,0,False,25.0,1.8
seq_val_000604,P1042762_720.mp4,val,Microsleep,Male,1,2448,2493,16,16,0,False,25.0,1.8
seq_val_000605,P1042762_720.mp4,val,Microsleep,Male,1,2472,2517,16,16,0,False,25.0,1.8
seq_val_000606,P1042762_720.mp4,val,Microsleep,Male,1,2496,2541,16,16,0,False,25.0,1.8
seq_val_000607,P1042762_720.mp4,val,Microsleep,Male,1,2520,2565,16,16,0,False,25.0,1.8
seq_val_000608,P1042762_720.mp4,val,Microsleep,Male,1,2544,2589,16,16,0,False,25.0,1.8
seq_val_000609,P1042762_720.mp4,val,Microsleep,Male,1,2568,2613,16,16,0,False,25.0,1.8
seq_val_000610,P1042762_720.mp4,val,Microsleep,Male,1,2592,2637,16,16,0,False,25.0,1.8
seq_val_000611,P1042762_720.mp4,val,Microsleep,Male,1,2616,2661,16,16,0,False,25.0,1.8
seq_val_000612,P1042762_720.mp4,val,Microsleep,Male,1,2640,2685,16,16,0,False,25.0,1.8
seq_val_000613,P1042762_720.mp4,val,Microsleep,Male,1,2664,2709,16,16,0,False,25.0,1.8
seq_val_000614,P1042762_720.mp4,val,Microsleep,Male,1,2688,2733,16,16,0,False,25.0,1.8
seq_val_000615,P1042762_720.mp4,val,Microsleep,Male,1,2712,2757,16,16,0,False,25.0,1.8
seq_val_000616,P1042762_720.mp4,val,Microsleep,Male,1,2736,2781,16,16,0,False,25.0,1.8
seq_val_000617,P1042762_720.mp4,val,Microsleep,Male,1,2760,2805,16,16,0,False,25.0,1.8
seq_val_000618,P1042762_720.mp4,val,Microsleep,Male,1,2784,2829,16,16,0,False,25.0,1.8
seq_val_000619,P1042762_720.mp4,val,Microsleep,Male,1,2808,2853,16,16,0,False,25.0,1.8
seq_val_000620,P1042762_720.mp4,val,Microsleep,Male,1,2832,2877,16,16,0,False,25.0,1.8
seq_val_000621,P1042762_720.mp4,val,Microsleep,Male,1,2856,2901,16,16,0,False,25.0,1.8
seq_val_000622,P1042762_720.mp4,val,Microsleep,Male,1,2880,2925,16,16,0,False,25.0,1.8
seq_val_000623,P1042762_720.mp4,val,Microsleep,Male,1,2904,2949,16,16,0,False,25.0,1.8
seq_val_000624,P1042762_720.mp4,val,Microsleep,Male,1,2928,2973,16,16,0,False,25.0,1.8
seq_val_000625,P1042762_720.mp4,val,Microsleep,Male,1,2952,2997,16,16,0,False,25.0,1.8
seq_val_000626,P1042762_720.mp4,val,Microsleep,Male,1,2976,3021,16,16,0,False,25.0,1.8
seq_val_000627,P1042762_720.mp4,val,Microsleep,Male,1,3000,3045,16,16,0,False,25.0,1.8
seq_val_000628,P1042762_720.mp4,val,Microsleep,Male,1,3024,3069,16,16,0,False,25.0,1.8
seq_val_000629,P1042762_720.mp4,val,Microsleep,Male,1,3048,3093,16,16,0,False,25.0,1.8
seq_val_000630,P1043122_720.mp4,val,Microsleep,Male,1,0,45,16,16,0,False,25.0,1.8
seq_val_000631,P1043122_720.mp4,val,Microsleep,Male,1,24,69,16,16,0,False,25.0,1.8
seq_val_000632,P1043122_720.mp4,val,Microsleep,Male,1,48,93,16,16,0,False,25.0,1.8
seq_val_000633,P1043122_720.mp4,val,Microsleep,Male,1,72,117,16,16,0,False,25.0,1.8
seq_val_000634,P1043122_720.mp4,val,Microsleep,Male,1,96,141,16,16,0,False,25.0,1.8
seq_val_000635,P1043122_720.mp4,val,Microsleep,Male,1,120,165,16,16,0,False,25.0,1.8
seq_val_000636,P1043122_720.mp4,val,Microsleep,Male,1,144,189,16,16,0,False,25.0,1.8
seq_val_000637,P1043122_720.mp4,val,Microsleep,Male,1,168,213,16,16,0,False,25.0,1.8
seq_val_000638,P1043122_720.mp4,val,Microsleep,Male,1,192,237,16,16,0,False,25.0,1.8
seq_val_000639,P1043122_720.mp4,val,Microsleep,Male,1,216,261,16,16,0,False,25.0,1.8
seq_val_000640,P1043122_720.mp4,val,Microsleep,Male,1,240,285,16,16,0,False,25.0,1.8
seq_val_000641,P1043122_720.mp4,val,Microsleep,Male,1,264,309,16,16,0,False,25.0,1.8
seq_val_000642,P1043122_720.mp4,val,Microsleep,Male,1,288,333,16,16,0,False,25.0,1.8
seq_val_000643,P1043122_720.mp4,val,Microsleep,Male,1,312,357,16,16,0,False,25.0,1.8
seq_val_000644,P1043122_720.mp4,val,Microsleep,Male,1,336,381,16,16,0,False,25.0,1.8
seq_val_000645,P1043122_720.mp4,val,Microsleep,Male,1,360,405,16,16,0,False,25.0,1.8
seq_val_000646,P1043122_720.mp4,val,Microsleep,Male,1,384,429,16,16,0,False,25.0,1.8
seq_val_000647,P1043122_720.mp4,val,Microsleep,Male,1,408,453,16,16,0,False,25.0,1.8
seq_val_000648,P1043122_720.mp4,val,Microsleep,Male,1,432,477,16,16,0,False,25.0,1.8
seq_val_000649,P1043122_720.mp4,val,Microsleep,Male,1,456,501,16,16,0,False,25.0,1.8
seq_val_000650,P1043122_720.mp4,val,Microsleep,Male,1,480,525,16,16,0,False,25.0,1.8
seq_val_000651,P1043122_720.mp4,val,Microsleep,Male,1,504,549,16,16,0,False,25.0,1.8
seq_val_000652,P1043122_720.mp4,val,Microsleep,Male,1,528,573,16,16,0,False,25.0,1.8
seq_val_000653,P1043122_720.mp4,val,Microsleep,Male,1,552,597,16,16,0,False,25.0,1.8
seq_val_000654,P1043122_720.mp4,val,Microsleep,Male,1,576,621,16,16,0,False,25.0,1.8
seq_val_000655,P1043122_720.mp4,val,Microsleep,Male,1,600,645,16,16,0,False,25.0,1.8
seq_val_000656,P1043122_720.mp4,val,Microsleep,Male,1,624,669,16,16,0,False,25.0,1.8
seq_val_000657,P1043122_720.mp4,val,Microsleep,Male,1,648,693,16,16,0,False,25.0,1.8
seq_val_000658,P1043122_720.mp4,val,Microsleep,Male,1,672,717,16,16,0,False,25.0,1.8
seq_val_000659,P1043122_720.mp4,val,Microsleep,Male,1,696,741,16,16,0,False,25.0,1.8
seq_val_000660,P1043122_720.mp4,val,Microsleep,Male,1,720,765,16,16,0,False,25.0,1.8
seq_val_000661,P1043122_720.mp4,val,Microsleep,Male,1,744,789,16,16,0,False,25.0,1.8
seq_val_000662,P1043122_720.mp4,val,Microsleep,Male,1,768,813,16,16,0,False,25.0,1.8
seq_val_000663,P1043122_720.mp4,val,Microsleep,Male,1,792,837,16,16,0,False,25.0,1.8
seq_val_000664,P1043122_720.mp4,val,Microsleep,Male,1,816,861,16,16,0,False,25.0,1.8
seq_val_000665,P1043122_720.mp4,val,Microsleep,Male,1,840,885,16,16,0,False,25.0,1.8
seq_val_000666,P1043122_720.mp4,val,Microsleep,Male,1,864,909,16,16,0,False,25.0,1.8
seq_val_000667,P1043122_720.mp4,val,Microsleep,Male,1,888,933,16,16,0,False,25.0,1.8
seq_val_000668,P1043122_720.mp4,val,Microsleep,Male,1,912,957,16,16,0,False,25.0,1.8
seq_val_000669,P1043122_720.mp4,val,Microsleep,Male,1,936,981,16,16,0,False,25.0,1.8
seq_val_000670,P1043122_720.mp4,val,Microsleep,Male,1,960,1005,16,16,0,False,25.0,1.8
seq_val_000671,P1043122_720.mp4,val,Microsleep,Male,1,984,1029,16,16,0,False,25.0,1.8
seq_val_000672,P1043122_720.mp4,val,Microsleep,Male,1,1008,1053,16,16,0,False,25.0,1.8
seq_val_000673,P1043122_720.mp4,val,Microsleep,Male,1,1032,1077,16,16,0,False,25.0,1.8
seq_val_000674,P1043122_720.mp4,val,Microsleep,Male,1,1056,1101,16,16,0,False,25.0,1.8
seq_val_000675,P1043122_720.mp4,val,Microsleep,Male,1,1080,1125,16,16,0,False,25.0,1.8
seq_val_000676,P1043122_720.mp4,val,Microsleep,Male,1,1104,1149,16,16,0,False,25.0,1.8
seq_val_000677,P1043122_720.mp4,val,Microsleep,Male,1,1128,1173,16,16,0,False,25.0,1.8
seq_val_000678,P1043122_720.mp4,val,Microsleep,Male,1,1152,1197,16,16,0,False,25.0,1.8
seq_val_000679,P1043122_720.mp4,val,Microsleep,Male,1,1176,1221,16,16,0,False,25.0,1.8
seq_val_000680,P1043122_720.mp4,val,Microsleep,Male,1,1200,1245,16,16,0,False,25.0,1.8
seq_val_000681,P1043122_720.mp4,val,Microsleep,Male,1,1224,1269,16,16,0,False,25.0,1.8
seq_val_000682,P1043122_720.mp4,val,Microsleep,Male,1,1248,1293,16,16,0,False,25.0,1.8
seq_val_000683,P1043122_720.mp4,val,Microsleep,Male,1,1272,1317,16,16,0,False,25.0,1.8
seq_val_000684,P1043122_720.mp4,val,Microsleep,Male,1,1296,1341,16,16,0,False,25.0,1.8
seq_val_000685,P1043122_720.mp4,val,Microsleep,Male,1,1320,1365,16,16,0,False,25.0,1.8
seq_val_000686,P1043122_720.mp4,val,Microsleep,Male,1,1344,1389,16,16,0,False,25.0,1.8
seq_val_000687,P1043122_720.mp4,val,Microsleep,Male,1,1368,1413,16,16,0,False,25.0,1.8
seq_val_000688,P1043122_720.mp4,val,Microsleep,Male,1,1392,1437,16,16,0,False,25.0,1.8
seq_val_000689,P1043122_720.mp4,val,Microsleep,Male,1,1416,1461,16,16,0,False,25.0,1.8
seq_val_000690,P1043122_720.mp4,val,Microsleep,Male,1,1440,1485,16,16,0,False,25.0,1.8
seq_val_000691,P1043122_720.mp4,val,Microsleep,Male,1,1464,1509,16,16,0,False,25.0,1.8
seq_val_000692,P1043122_720.mp4,val,Microsleep,Male,1,1488,1533,16,16,0,False,25.0,1.8
seq_val_000693,P1043122_720.mp4,val,Microsleep,Male,1,1512,1557,16,16,0,False,25.0,1.8
seq_val_000694,P1043122_720.mp4,val,Microsleep,Male,1,1536,1581,16,16,0,False,25.0,1.8
seq_val_000695,P1043122_720.mp4,val,Microsleep,Male,1,1560,1605,16,16,0,False,25.0,1.8
seq_val_000696,P1043122_720.mp4,val,Microsleep,Male,1,1584,1629,16,16,0,False,25.0,1.8
seq_val_000697,P1043122_720.mp4,val,Microsleep,Male,1,1608,1653,16,16,0,False,25.0,1.8
seq_val_000698,P1043122_720.mp4,val,Microsleep,Male,1,1632,1677,16,16,0,False,25.0,1.8
seq_val_000699,P1043122_720.mp4,val,Microsleep,Male,1,1656,1701,16,16,0,False,25.0,1.8
seq_val_000700,P1043122_720.mp4,val,Microsleep,Male,1,1680,1725,16,16,0,False,25.0,1.8
seq_val_000701,P1043122_720.mp4,val,Microsleep,Male,1,1704,1749,16,16,0,False,25.0,1.8
seq_val_000702,P1043122_720.mp4,val,Microsleep,Male,1,1728,1773,16,16,0,False,25.0,1.8
seq_val_000703,P1043122_720.mp4,val,Microsleep,Male,1,1752,1797,16,16,0,False,25.0,1.8
seq_val_000704,P1043122_720.mp4,val,Microsleep,Male,1,1776,1821,16,16,0,False,25.0,1.8
seq_val_000705,P1043122_720.mp4,val,Microsleep,Male,1,1800,1845,16,16,0,False,25.0,1.8
seq_val_000706,P1043122_720.mp4,val,Microsleep,Male,1,1824,1869,16,16,0,False,25.0,1.8
seq_val_000707,P1043122_720.mp4,val,Microsleep,Male,1,1848,1893,16,16,0,False,25.0,1.8
seq_val_000708,P1043122_720.mp4,val,Microsleep,Male,1,1872,1917,16,16,0,False,25.0,1.8
seq_val_000709,P1043122_720.mp4,val,Microsleep,Male,1,1896,1941,16,16,0,False,25.0,1.8
seq_val_000710,P1043122_720.mp4,val,Microsleep,Male,1,1920,1965,16,16,0,False,25.0,1.8
seq_val_000711,P1043122_720.mp4,val,Microsleep,Male,1,1944,1989,16,16,0,False,25.0,1.8
seq_val_000712,P1043122_720.mp4,val,Microsleep,Male,1,1968,2013,16,16,0,False,25.0,1.8
seq_val_000713,P1043122_720.mp4,val,Microsleep,Male,1,1992,2037,16,16,0,False,25.0,1.8
seq_val_000714,P1043122_720.mp4,val,Microsleep,Male,1,2016,2061,16,16,0,False,25.0,1.8
seq_val_000715,P1043122_720.mp4,val,Microsleep,Male,1,2040,2085,16,16,0,False,25.0,1.8
seq_val_000716,P1043122_720.mp4,val,Microsleep,Male,1,2064,2109,16,16,0,False,25.0,1.8
seq_val_000717,P1043122_720.mp4,val,Microsleep,Male,1,2088,2133,16,16,0,False,25.0,1.8
seq_val_000718,P1043122_720.mp4,val,Microsleep,Male,1,2112,2157,16,16,0,False,25.0,1.8
seq_val_000719,P1043122_720.mp4,val,Microsleep,Male,1,2136,2181,16,16,0,False,25.0,1.8
seq_val_000720,P1043122_720.mp4,val,Microsleep,Male,1,2160,2205,16,16,0,False,25.0,1.8
seq_val_000721,P1043122_720.mp4,val,Microsleep,Male,1,2184,2229,16,16,0,False,25.0,1.8
seq_val_000722,P1043122_720.mp4,val,Microsleep,Male,1,2208,2253,16,16,0,False,25.0,1.8
seq_val_000723,P1043122_720.mp4,val,Microsleep,Male,1,2232,2277,16,16,0,False,25.0,1.8
seq_val_000724,P1043122_720.mp4,val,Microsleep,Male,1,2256,2301,16,16,0,False,25.0,1.8
seq_val_000725,P1043122_720.mp4,val,Microsleep,Male,1,2280,2325,16,16,0,False,25.0,1.8
seq_val_000726,P1043122_720.mp4,val,Microsleep,Male,1,2304,2349,16,16,0,False,25.0,1.8
seq_val_000727,P1043122_720.mp4,val,Microsleep,Male,1,2328,2373,16,16,0,False,25.0,1.8
seq_val_000728,P1043122_720.mp4,val,Microsleep,Male,1,2352,2397,16,16,0,False,25.0,1.8
seq_val_000729,P1043122_720.mp4,val,Microsleep,Male,1,2376,2421,16,16,0,False,25.0,1.8
seq_val_000730,P1043122_720.mp4,val,Microsleep,Male,1,2400,2445,16,16,0,False,25.0,1.8
seq_val_000731,P1043122_720.mp4,val,Microsleep,Male,1,2424,2469,16,16,0,False,25.0,1.8
seq_val_000732,P1043122_720.mp4,val,Microsleep,Male,1,2448,2493,16,16,0,False,25.0,1.8
seq_val_000733,P1043122_720.mp4,val,Microsleep,Male,1,2472,2517,16,16,0,False,25.0,1.8
seq_val_000734,P1043122_720.mp4,val,Microsleep,Male,1,2496,2541,16,16,0,False,25.0,1.8
seq_val_000735,P1043122_720.mp4,val,Microsleep,Male,1,2520,2565,16,16,0,False,25.0,1.8
seq_val_000736,P1043122_720.mp4,val,Microsleep,Male,1,2544,2589,16,16,0,False,25.0,1.8
seq_val_000737,P1043122_720.mp4,val,Microsleep,Male,1,2568,2613,16,16,0,False,25.0,1.8
seq_val_000738,P1043122_720.mp4,val,Microsleep,Male,1,2592,2637,16,16,0,False,25.0,1.8
seq_val_000739,P1043122_720.mp4,val,Microsleep,Male,1,2616,2661,16,16,0,False,25.0,1.8
seq_val_000740,P1043122_720.mp4,val,Microsleep,Male,1,2640,2685,16,16,0,False,25.0,1.8
seq_val_000741,P1043122_720.mp4,val,Microsleep,Male,1,2664,2709,16,16,0,False,25.0,1.8
seq_val_000742,P1043122_720.mp4,val,Microsleep,Male,1,2688,2733,16,16,0,False,25.0,1.8
seq_val_000743,P1043122_720.mp4,val,Microsleep,Male,1,2712,2757,16,16,0,False,25.0,1.8
seq_val_000744,P1043122_720.mp4,val,Microsleep,Male,1,2736,2781,16,16,0,False,25.0,1.8
seq_val_000745,P1043122_720.mp4,val,Microsleep,Male,1,2760,2805,16,16,0,False,25.0,1.8
seq_val_000746,P1043122_720.mp4,val,Microsleep,Male,1,2784,2829,16,16,0,False,25.0,1.8
seq_val_000747,P1043122_720.mp4,val,Microsleep,Male,1,2808,2853,16,16,0,False,25.0,1.8
seq_val_000748,P1043122_720.mp4,val,Microsleep,Male,1,2832,2877,16,16,0,False,25.0,1.8
seq_val_000749,P1043122_720.mp4,val,Microsleep,Male,1,2856,2901,16,16,0,False,25.0,1.8
seq_val_000750,P1043122_720.mp4,val,Microsleep,Male,1,2880,2925,16,16,0,False,25.0,1.8
seq_val_000751,P1043122_720.mp4,val,Microsleep,Male,1,2904,2949,16,16,0,False,25.0,1.8
seq_val_000752,P1043122_720.mp4,val,Microsleep,Male,1,2928,2973,16,16,0,False,25.0,1.8
seq_val_000753,P1043122_720.mp4,val,Microsleep,Male,1,2952,2997,16,16,0,False,25.0,1.8
seq_val_000754,P1043122_720.mp4,val,Microsleep,Male,1,2976,3021,16,16,0,False,25.0,1.8
seq_val_000755,P1043122_720.mp4,val,Microsleep,Male,1,3000,3045,16,16,0,False,25.0,1.8
seq_val_000756,P1043122_720.mp4,val,Microsleep,Male,1,3024,3069,16,16,0,False,25.0,1.8
seq_val_000757,P1043122_720.mp4,val,Microsleep,Male,1,3048,3093,16,16,0,False,25.0,1.8
seq_val_000758,P1043122_720.mp4,val,Microsleep,Male,1,3072,3117,16,16,0,False,25.0,1.8
seq_val_000759,P1043095_720.mp4,val,Yawning,Female,1,48,93,16,16,0,False,25.0,1.8
seq_val_000760,P1043095_720.mp4,val,Yawning,Female,1,72,117,16,16,0,False,25.0,1.8
seq_val_000761,P1043095_720.mp4,val,Yawning,Female,1,96,141,16,16,0,False,25.0,1.8
seq_val_000762,P1043095_720.mp4,val,Yawning,Female,1,120,165,16,16,0,False,25.0,1.8
seq_val_000763,P1043095_720.mp4,val,Yawning,Female,1,144,189,16,16,0,False,25.0,1.8
seq_val_000764,P1043095_720.mp4,val,Yawning,Female,1,168,213,16,16,0,False,25.0,1.8
seq_val_000765,P1043095_720.mp4,val,Yawning,Female,1,192,237,16,16,0,False,25.0,1.8
seq_val_000766,P1043095_720.mp4,val,Yawning,Female,1,216,261,16,16,0,False,25.0,1.8
seq_val_000767,P1043095_720.mp4,val,Yawning,Female,1,240,285,16,16,0,False,25.0,1.8
seq_val_000768,P1043095_720.mp4,val,Yawning,Female,1,264,309,16,16,0,False,25.0,1.8
seq_val_000769,P1043095_720.mp4,val,Yawning,Female,1,288,333,16,16,0,False,25.0,1.8
seq_val_000770,P1043095_720.mp4,val,Yawning,Female,1,312,357,16,16,0,False,25.0,1.8
seq_val_000771,P1043095_720.mp4,val,Yawning,Female,1,336,381,16,16,0,False,25.0,1.8
seq_val_000772,P1043095_720.mp4,val,Yawning,Female,1,360,405,16,16,0,False,25.0,1.8
seq_val_000773,P1043095_720.mp4,val,Yawning,Female,1,384,429,16,16,0,False,25.0,1.8
seq_val_000774,P1043095_720.mp4,val,Yawning,Female,1,408,453,16,16,0,False,25.0,1.8
seq_val_000775,P1043095_720.mp4,val,Yawning,Female,1,432,477,16,16,0,False,25.0,1.8
seq_val_000776,P1043095_720.mp4,val,Yawning,Female,1,456,501,16,16,0,False,25.0,1.8
seq_val_000777,P1043095_720.mp4,val,Yawning,Female,1,480,525,16,16,0,False,25.0,1.8
seq_val_000778,P1043095_720.mp4,val,Yawning,Female,1,504,549,16,16,0,False,25.0,1.8
seq_val_000779,P1043071_720.mp4,val,Yawning,Female,1,0,45,16,16,0,False,25.0,1.8
seq_val_000780,P1043071_720.mp4,val,Yawning,Female,1,24,69,16,16,0,False,25.0,1.8
seq_val_000781,P1043071_720.mp4,val,Yawning,Female,1,48,93,16,16,0,False,25.0,1.8
seq_val_000782,P1043071_720.mp4,val,Yawning,Female,1,72,117,16,16,0,False,25.0,1.8
seq_val_000783,P1043071_720.mp4,val,Yawning,Female,1,96,141,16,16,0,False,25.0,1.8
seq_val_000784,P1043071_720.mp4,val,Yawning,Female,1,120,165,16,16,0,False,25.0,1.8
seq_val_000785,P1043071_720.mp4,val,Yawning,Female,1,144,189,16,16,0,False,25.0,1.8
seq_val_000786,P1043071_720.mp4,val,Yawning,Female,1,168,213,16,16,0,False,25.0,1.8
seq_val_000787,P1043071_720.mp4,val,Yawning,Female,1,192,237,16,16,0,False,25.0,1.8
seq_val_000788,P1043071_720.mp4,val,Yawning,Female,1,216,261,16,16,0,False,25.0,1.8
seq_val_000789,P1043071_720.mp4,val,Yawning,Female,1,240,285,16,16,0,False,25.0,1.8
seq_val_000790,P1043071_720.mp4,val,Yawning,Female,1,264,309,16,16,0,False,25.0,1.8
seq_val_000791,P1043071_720.mp4,val,Yawning,Female,1,288,333,16,16,0,False,25.0,1.8
seq_val_000792,P1043071_720.mp4,val,Yawning,Female,1,312,357,16,16,0,False,25.0,1.8
seq_val_000793,P1043071_720.mp4,val,Yawning,Female,1,336,381,16,16,0,False,25.0,1.8
seq_val_000794,P1043071_720.mp4,val,Yawning,Female,1,360,405,16,16,0,False,25.0,1.8
seq_val_000795,P1043071_720.mp4,val,Yawning,Female,1,384,429,16,16,0,False,25.0,1.8
seq_val_000796,P1043071_720.mp4,val,Yawning,Female,1,408,453,16,16,0,False,25.0,1.8
seq_val_000797,P1043071_720.mp4,val,Yawning,Female,1,432,477,16,16,0,False,25.0,1.8
seq_val_000798,P1043071_720.mp4,val,Yawning,Female,1,456,501,16,16,0,False,25.0,1.8
seq_val_000799,P1043071_720.mp4,val,Yawning,Female,1,480,525,16,16,0,False,25.0,1.8
seq_val_000800,P1043071_720.mp4,val,Yawning,Female,1,504,549,16,16,0,False,25.0,1.8
seq_val_000801,P1043071_720.mp4,val,Yawning,Female,1,528,573,16,16,0,False,25.0,1.8
seq_val_000802,P1043071_720.mp4,val,Yawning,Female,1,552,597,16,16,0,False,25.0,1.8
seq_val_000803,P1043071_720.mp4,val,Yawning,Female,1,576,621,16,16,0,False,25.0,1.8
seq_val_000804,P1043071_720.mp4,val,Yawning,Female,1,600,645,16,16,0,False,25.0,1.8
seq_val_000805,P1043071_720.mp4,val,Yawning,Female,1,624,669,16,16,0,False,25.0,1.8
seq_val_000806,P1043071_720.mp4,val,Yawning,Female,1,648,693,16,16,0,False,25.0,1.8
seq_val_000807,P1043071_720.mp4,val,Yawning,Female,1,672,717,16,16,0,False,25.0,1.8
seq_val_000808,P1042760_720.mp4,val,Yawning,Male,1,0,45,16,15,1,True,25.0,1.8
seq_val_000809,P1042760_720.mp4,val,Yawning,Male,1,24,69,16,14,2,True,25.0,1.8
seq_val_000810,P1042760_720.mp4,val,Yawning,Male,1,48,93,16,15,1,True,25.0,1.8
seq_val_000811,P1042760_720.mp4,val,Yawning,Male,1,72,117,16,16,0,False,25.0,1.8
seq_val_000812,P1042760_720.mp4,val,Yawning,Male,1,96,141,16,16,0,False,25.0,1.8
seq_val_000813,P1042760_720.mp4,val,Yawning,Male,1,120,165,16,16,0,False,25.0,1.8
seq_val_000814,P1042760_720.mp4,val,Yawning,Male,1,144,189,16,16,0,False,25.0,1.8
seq_val_000815,P1042760_720.mp4,val,Yawning,Male,1,168,213,16,16,0,False,25.0,1.8
seq_val_000816,P1042760_720.mp4,val,Yawning,Male,1,192,237,16,16,0,False,25.0,1.8
seq_val_000817,P1042760_720.mp4,val,Yawning,Male,1,216,261,16,16,0,False,25.0,1.8
seq_val_000818,P1042760_720.mp4,val,Yawning,Male,1,240,285,16,16,0,False,25.0,1.8
seq_val_000819,P1042760_720.mp4,val,Yawning,Male,1,264,309,16,16,0,False,25.0,1.8
seq_val_000820,P1042760_720.mp4,val,Yawning,Male,1,288,333,16,16,0,False,25.0,1.8
seq_val_000821,P1042760_720.mp4,val,Yawning,Male,1,312,357,16,16,0,False,25.0,1.8
seq_val_000822,P1042760_720.mp4,val,Yawning,Male,1,336,381,16,16,0,False,25.0,1.8
seq_val_000823,P1042760_720.mp4,val,Yawning,Male,1,360,405,16,16,0,False,25.0,1.8
seq_val_000824,P1042760_720.mp4,val,Yawning,Male,1,384,429,16,16,0,False,25.0,1.8
seq_val_000825,P1042760_720.mp4,val,Yawning,Male,1,408,453,16,16,0,False,25.0,1.8
seq_val_000826,P1042760_720.mp4,val,Yawning,Male,1,432,477,16,16,0,False,25.0,1.8
seq_val_000827,P1042760_720.mp4,val,Yawning,Male,1,456,501,16,16,0,False,25.0,1.8
seq_val_000828,P1042760_720.mp4,val,Yawning,Male,1,480,525,16,16,0,False,25.0,1.8
seq_val_000829,P1042760_720.mp4,val,Yawning,Male,1,504,549,16,16,0,False,25.0,1.8
seq_val_000830,P1042760_720.mp4,val,Yawning,Male,1,528,573,16,16,0,False,25.0,1.8
seq_val_000831,P1042760_720.mp4,val,Yawning,Male,1,552,597,16,16,0,False,25.0,1.8
seq_val_000832,P1042760_720.mp4,val,Yawning,Male,1,576,621,16,16,0,False,25.0,1.8
seq_val_000833,P1042760_720.mp4,val,Yawning,Male,1,600,645,16,16,0,False,25.0,1.8
seq_val_000834,P1042760_720.mp4,val,Yawning,Male,1,624,669,16,16,0,False,25.0,1.8
seq_val_000835,P1042760_720.mp4,val,Yawning,Male,1,648,693,16,16,0,False,25.0,1.8
seq_val_000836,P1042760_720.mp4,val,Yawning,Male,1,672,717,16,16,0,False,25.0,1.8
seq_val_000837,P1042760_720.mp4,val,Yawning,Male,1,696,741,16,16,0,False,25.0,1.8
seq_val_000838,P1042760_720.mp4,val,Yawning,Male,1,720,765,16,16,0,False,25.0,1.8
seq_val_000839,P1042760_720.mp4,val,Yawning,Male,1,744,789,16,16,0,False,25.0,1.8
seq_val_000840,P1042760_720.mp4,val,Yawning,Male,1,768,813,16,16,0,False,25.0,1.8
seq_val_000841,P1042760_720.mp4,val,Yawning,Male,1,792,837,16,16,0,False,25.0,1.8
seq_val_000842,P1042760_720.mp4,val,Yawning,Male,1,816,861,16,16,0,False,25.0,1.8
seq_val_000843,P1042760_720.mp4,val,Yawning,Male,1,840,885,16,16,0,False,25.0,1.8
seq_val_000844,P1042760_720.mp4,val,Yawning,Male,1,864,909,16,16,0,False,25.0,1.8
seq_val_000845,P1042760_720.mp4,val,Yawning,Male,1,888,933,16,16,0,False,25.0,1.8
seq_val_000846,P1042760_720.mp4,val,Yawning,Male,1,912,957,16,16,0,False,25.0,1.8
seq_val_000847,P1042760_720.mp4,val,Yawning,Male,1,936,981,16,16,0,False,25.0,1.8
seq_val_000848,P1042760_720.mp4,val,Yawning,Male,1,960,1005,16,16,0,False,25.0,1.8
seq_val_000849,P1042760_720.mp4,val,Yawning,Male,1,984,1029,16,16,0,False,25.0,1.8
seq_val_000850,P1042760_720.mp4,val,Yawning,Male,1,1008,1053,16,16,0,False,25.0,1.8
seq_val_000851,P1042760_720.mp4,val,Yawning,Male,1,1032,1077,16,16,0,False,25.0,1.8
seq_val_000852,P1042760_720.mp4,val,Yawning,Male,1,1056,1101,16,16,0,False,25.0,1.8
seq_val_000853,P1042760_720.mp4,val,Yawning,Male,1,1080,1125,16,16,0,False,25.0,1.8
seq_val_000854,P1042760_720.mp4,val,Yawning,Male,1,1104,1149,16,16,0,False,25.0,1.8
seq_val_000855,P1042760_720.mp4,val,Yawning,Male,1,1128,1173,16,16,0,False,25.0,1.8
seq_val_000856,P1042760_720.mp4,val,Yawning,Male,1,1152,1197,16,16,0,False,25.0,1.8
seq_val_000857,P1042760_720.mp4,val,Yawning,Male,1,1176,1221,16,16,0,False,25.0,1.8
seq_val_000858,P1042760_720.mp4,val,Yawning,Male,1,1200,1245,16,16,0,False,25.0,1.8
seq_val_000859,P1042760_720.mp4,val,Yawning,Male,1,1224,1269,16,16,0,False,25.0,1.8
seq_val_000860,P1042760_720.mp4,val,Yawning,Male,1,1248,1293,16,16,0,False,25.0,1.8
seq_test_000001,P1042795_720.mp4,test,Yawning,Male,1,0,45,16,16,0,False,25.0,1.8
seq_test_000002,P1042795_720.mp4,test,Yawning,Male,1,24,69,16,16,0,False,25.0,1.8
seq_test_000003,P1042795_720.mp4,test,Yawning,Male,1,48,93,16,16,0,False,25.0,1.8
seq_test_000004,P1042795_720.mp4,test,Yawning,Male,1,72,117,16,16,0,False,25.0,1.8
seq_test_000005,P1042795_720.mp4,test,Yawning,Male,1,96,141,16,16,0,False,25.0,1.8
seq_test_000006,P1042795_720.mp4,test,Yawning,Male,1,120,165,16,16,0,False,25.0,1.8
seq_test_000007,P1042795_720.mp4,test,Yawning,Male,1,144,189,16,16,0,False,25.0,1.8
seq_test_000008,P1042795_720.mp4,test,Yawning,Male,1,168,213,16,16,0,False,25.0,1.8
seq_test_000009,P1042795_720.mp4,test,Yawning,Male,1,192,237,16,16,0,False,25.0,1.8
seq_test_000010,P1042795_720.mp4,test,Yawning,Male,1,216,261,16,16,0,False,25.0,1.8
seq_test_000011,P1042795_720.mp4,test,Yawning,Male,1,240,285,16,16,0,False,25.0,1.8
seq_test_000012,P1042795_720.mp4,test,Yawning,Male,1,264,309,16,16,0,False,25.0,1.8
seq_test_000013,P1042795_720.mp4,test,Yawning,Male,1,288,333,16,16,0,False,25.0,1.8
seq_test_000014,P1042795_720.mp4,test,Yawning,Male,1,312,357,16,16,0,False,25.0,1.8
seq_test_000015,P1042795_720.mp4,test,Yawning,Male,1,336,381,16,16,0,False,25.0,1.8
seq_test_000016,P1042795_720.mp4,test,Yawning,Male,1,360,405,16,16,0,False,25.0,1.8
seq_test_000017,P1042795_720.mp4,test,Yawning,Male,1,384,429,16,16,0,False,25.0,1.8
seq_test_000018,P1042795_720.mp4,test,Yawning,Male,1,408,453,16,16,0,False,25.0,1.8
seq_test_000019,P1042795_720.mp4,test,Yawning,Male,1,432,477,16,16,0,False,25.0,1.8
seq_test_000020,P1042795_720.mp4,test,Yawning,Male,1,456,501,16,16,0,False,25.0,1.8
seq_test_000021,P1042795_720.mp4,test,Yawning,Male,1,480,525,16,16,0,False,25.0,1.8
seq_test_000022,P1042795_720.mp4,test,Yawning,Male,1,504,549,16,16,0,False,25.0,1.8
seq_test_000023,P1042795_720.mp4,test,Yawning,Male,1,528,573,16,16,0,False,25.0,1.8
seq_test_000024,P1042795_720.mp4,test,Yawning,Male,1,552,597,16,16,0,False,25.0,1.8
seq_test_000025,P1042795_720.mp4,test,Yawning,Male,1,576,621,16,16,0,False,25.0,1.8
seq_test_000026,P1042795_720.mp4,test,Yawning,Male,1,600,645,16,16,0,False,25.0,1.8
seq_test_000027,P1042795_720.mp4,test,Yawning,Male,1,624,669,16,16,0,False,25.0,1.8
seq_test_000028,P1042795_720.mp4,test,Yawning,Male,1,648,693,16,16,0,False,25.0,1.8
seq_test_000029,P1042795_720.mp4,test,Yawning,Male,1,672,717,16,16,0,False,25.0,1.8
seq_test_000030,P1042795_720.mp4,test,Yawning,Male,1,696,741,16,16,0,False,25.0,1.8
seq_test_000031,P1042795_720.mp4,test,Yawning,Male,1,720,765,16,16,0,False,25.0,1.8
seq_test_000032,P1042795_720.mp4,test,Yawning,Male,1,744,789,16,16,0,False,25.0,1.8
seq_test_000033,P1042795_720.mp4,test,Yawning,Male,1,768,813,16,16,0,False,25.0,1.8
seq_test_000034,P1042795_720.mp4,test,Yawning,Male,1,792,837,16,16,0,False,25.0,1.8
seq_test_000035,P1042795_720.mp4,test,Yawning,Male,1,816,861,16,16,0,False,25.0,1.8
seq_test_000036,P1042795_720.mp4,test,Yawning,Male,1,840,885,16,16,0,False,25.0,1.8
seq_test_000037,P1042795_720.mp4,test,Yawning,Male,1,864,909,16,16,0,False,25.0,1.8
seq_test_000038,P1042795_720.mp4,test,Yawning,Male,1,888,933,16,16,0,False,25.0,1.8
seq_test_000039,P1042795_720.mp4,test,Yawning,Male,1,912,957,16,16,0,False,25.0,1.8
seq_test_000040,P1042795_720.mp4,test,Yawning,Male,1,936,981,16,16,0,False,25.0,1.8
seq_test_000041,P1042795_720.mp4,test,Yawning,Male,1,960,1005,16,15,1,True,25.0,1.8
seq_test_000042,P1042795_720.mp4,test,Yawning,Male,1,984,1029,16,15,1,True,25.0,1.8
seq_test_000043,P1042795_720.mp4,test,Yawning,Male,1,1008,1053,16,16,0,False,25.0,1.8
seq_test_000044,P1043103_720.mp4,test,Yawning,Female,1,0,45,16,16,0,False,25.0,1.8
seq_test_000045,P1043103_720.mp4,test,Yawning,Female,1,24,69,16,16,0,False,25.0,1.8
seq_test_000046,P1043103_720.mp4,test,Yawning,Female,1,48,93,16,16,0,False,25.0,1.8
seq_test_000047,P1043103_720.mp4,test,Yawning,Female,1,72,117,16,16,0,False,25.0,1.8
seq_test_000048,P1043103_720.mp4,test,Yawning,Female,1,96,141,16,16,0,False,25.0,1.8
seq_test_000049,P1043103_720.mp4,test,Yawning,Female,1,120,165,16,16,0,False,25.0,1.8
seq_test_000050,P1043103_720.mp4,test,Yawning,Female,1,144,189,16,16,0,False,25.0,1.8
seq_test_000051,P1043103_720.mp4,test,Yawning,Female,1,168,213,16,16,0,False,25.0,1.8
seq_test_000052,P1043103_720.mp4,test,Yawning,Female,1,192,237,16,16,0,False,25.0,1.8
seq_test_000053,P1043103_720.mp4,test,Yawning,Female,1,216,261,16,16,0,False,25.0,1.8
seq_test_000054,P1043103_720.mp4,test,Yawning,Female,1,240,285,16,16,0,False,25.0,1.8
seq_test_000055,P1043103_720.mp4,test,Yawning,Female,1,264,309,16,16,0,False,25.0,1.8
seq_test_000056,P1043103_720.mp4,test,Yawning,Female,1,288,333,16,16,0,False,25.0,1.8
seq_test_000057,P1043103_720.mp4,test,Yawning,Female,1,312,357,16,16,0,False,25.0,1.8
seq_test_000058,P1043103_720.mp4,test,Yawning,Female,1,336,381,16,16,0,False,25.0,1.8
seq_test_000059,P1043103_720.mp4,test,Yawning,Female,1,360,405,16,16,0,False,25.0,1.8
seq_test_000060,P1043103_720.mp4,test,Yawning,Female,1,384,429,16,16,0,False,25.0,1.8
seq_test_000061,P1043103_720.mp4,test,Yawning,Female,1,408,453,16,16,0,False,25.0,1.8
seq_test_000062,P1043103_720.mp4,test,Yawning,Female,1,432,477,16,16,0,False,25.0,1.8
seq_test_000063,P1043103_720.mp4,test,Yawning,Female,1,456,501,16,16,0,False,25.0,1.8
seq_test_000064,P1043103_720.mp4,test,Yawning,Female,1,480,525,16,16,0,False,25.0,1.8
seq_test_000065,P1043103_720.mp4,test,Yawning,Female,1,504,549,16,16,0,False,25.0,1.8
seq_test_000066,P1043103_720.mp4,test,Yawning,Female,1,528,573,16,16,0,False,25.0,1.8
seq_test_000067,P1043074_720.mp4,test,Yawning,Female,1,0,45,16,16,0,False,25.0,1.8
seq_test_000068,P1043074_720.mp4,test,Yawning,Female,1,24,69,16,16,0,False,25.0,1.8
seq_test_000069,P1043074_720.mp4,test,Yawning,Female,1,48,93,16,16,0,False,25.0,1.8
seq_test_000070,P1043074_720.mp4,test,Yawning,Female,1,72,117,16,16,0,False,25.0,1.8
seq_test_000071,P1043074_720.mp4,test,Yawning,Female,1,96,141,16,16,0,False,25.0,1.8
seq_test_000072,P1043074_720.mp4,test,Yawning,Female,1,120,165,16,16,0,False,25.0,1.8
seq_test_000073,P1043074_720.mp4,test,Yawning,Female,1,144,189,16,16,0,False,25.0,1.8
seq_test_000074,P1043074_720.mp4,test,Yawning,Female,1,168,213,16,16,0,False,25.0,1.8
seq_test_000075,P1043074_720.mp4,test,Yawning,Female,1,192,237,16,16,0,False,25.0,1.8
seq_test_000076,P1043074_720.mp4,test,Yawning,Female,1,216,261,16,16,0,False,25.0,1.8
seq_test_000077,P1043074_720.mp4,test,Yawning,Female,1,240,285,16,16,0,False,25.0,1.8
seq_test_000078,P1043074_720.mp4,test,Yawning,Female,1,264,309,16,16,0,False,25.0,1.8
seq_test_000079,P1043074_720.mp4,test,Yawning,Female,1,288,333,16,16,0,False,25.0,1.8
seq_test_000080,P1043074_720.mp4,test,Yawning,Female,1,312,357,16,16,0,False,25.0,1.8
seq_test_000081,P1043074_720.mp4,test,Yawning,Female,1,336,381,16,16,0,False,25.0,1.8
seq_test_000082,P1043074_720.mp4,test,Yawning,Female,1,360,405,16,16,0,False,25.0,1.8
seq_test_000083,P1043074_720.mp4,test,Yawning,Female,1,384,429,16,16,0,False,25.0,1.8
seq_test_000084,P1043074_720.mp4,test,Yawning,Female,1,408,453,16,16,0,False,25.0,1.8
seq_test_000085,P1043074_720.mp4,test,Yawning,Female,1,432,477,16,16,0,False,25.0,1.8
seq_test_000086,P1043074_720.mp4,test,Yawning,Female,1,456,501,16,16,0,False,25.0,1.8
seq_test_000087,P1043074_720.mp4,test,Yawning,Female,1,480,525,16,16,0,False,25.0,1.8
seq_test_000088,P1043074_720.mp4,test,Yawning,Female,1,504,549,16,16,0,False,25.0,1.8
seq_test_000089,P1042758_720.mp4,test,Yawning,Male,1,0,45,16,16,0,False,25.0,1.8
seq_test_000090,P1042758_720.mp4,test,Yawning,Male,1,24,69,16,16,0,False,25.0,1.8
seq_test_000091,P1042758_720.mp4,test,Yawning,Male,1,48,93,16,16,0,False,25.0,1.8
seq_test_000092,P1042758_720.mp4,test,Yawning,Male,1,72,117,16,16,0,False,25.0,1.8
seq_test_000093,P1042758_720.mp4,test,Yawning,Male,1,96,141,16,16,0,False,25.0,1.8
seq_test_000094,P1042758_720.mp4,test,Yawning,Male,1,120,165,16,16,0,False,25.0,1.8
seq_test_000095,P1042758_720.mp4,test,Yawning,Male,1,144,189,16,16,0,False,25.0,1.8
seq_test_000096,P1042758_720.mp4,test,Yawning,Male,1,168,213,16,16,0,False,25.0,1.8
seq_test_000097,P1042758_720.mp4,test,Yawning,Male,1,192,237,16,16,0,False,25.0,1.8
seq_test_000098,P1042758_720.mp4,test,Yawning,Male,1,216,261,16,16,0,False,25.0,1.8
seq_test_000099,P1042758_720.mp4,test,Yawning,Male,1,240,285,16,16,0,False,25.0,1.8
seq_test_000100,P1042758_720.mp4,test,Yawning,Male,1,264,309,16,16,0,False,25.0,1.8
seq_test_000101,P1042758_720.mp4,test,Yawning,Male,1,288,333,16,16,0,False,25.0,1.8
seq_test_000102,P1042758_720.mp4,test,Yawning,Male,1,312,357,16,16,0,False,25.0,1.8
seq_test_000103,P1042758_720.mp4,test,Yawning,Male,1,336,381,16,16,0,False,25.0,1.8
seq_test_000104,P1042758_720.mp4,test,Yawning,Male,1,360,405,16,16,0,False,25.0,1.8
seq_test_000105,P1042758_720.mp4,test,Yawning,Male,1,384,429,16,16,0,False,25.0,1.8
seq_test_000106,P1042758_720.mp4,test,Yawning,Male,1,408,453,16,16,0,False,25.0,1.8
seq_test_000107,P1042758_720.mp4,test,Yawning,Male,1,432,477,16,16,0,False,25.0,1.8
seq_test_000108,P1042758_720.mp4,test,Yawning,Male,1,456,501,16,16,0,False,25.0,1.8
seq_test_000109,P1042758_720.mp4,test,Yawning,Male,1,480,525,16,16,0,False,25.0,1.8
seq_test_000110,P1042758_720.mp4,test,Yawning,Male,1,504,549,16,16,0,False,25.0,1.8
seq_test_000111,P1042758_720.mp4,test,Yawning,Male,1,528,573,16,16,0,False,25.0,1.8
seq_test_000112,P1042758_720.mp4,test,Yawning,Male,1,552,597,16,16,0,False,25.0,1.8
seq_test_000113,P1042758_720.mp4,test,Yawning,Male,1,576,621,16,16,0,False,25.0,1.8
seq_test_000114,P1042758_720.mp4,test,Yawning,Male,1,600,645,16,16,0,False,25.0,1.8
seq_test_000115,P1042758_720.mp4,test,Yawning,Male,1,624,669,16,16,0,False,25.0,1.8
seq_test_000116,P1042758_720.mp4,test,Yawning,Male,1,648,693,16,16,0,False,25.0,1.8
seq_test_000117,P1042758_720.mp4,test,Yawning,Male,1,672,717,16,16,0,False,25.0,1.8
seq_test_000118,P1042758_720.mp4,test,Yawning,Male,1,696,741,16,16,0,False,25.0,1.8
seq_test_000119,P1042758_720.mp4,test,Yawning,Male,1,720,765,16,16,0,False,25.0,1.8
seq_test_000120,P1042758_720.mp4,test,Yawning,Male,1,744,789,16,16,0,False,25.0,1.8
seq_test_000121,P1042758_720.mp4,test,Yawning,Male,1,768,813,16,16,0,False,25.0,1.8
seq_test_000122,P1042758_720.mp4,test,Yawning,Male,1,792,837,16,16,0,False,25.0,1.8
seq_test_000123,P1042758_720.mp4,test,Yawning,Male,1,816,861,16,16,0,False,25.0,1.8
seq_test_000124,P1042758_720.mp4,test,Yawning,Male,1,840,885,16,16,0,False,25.0,1.8
seq_test_000125,P1042758_720.mp4,test,Yawning,Male,1,864,909,16,16,0,False,25.0,1.8
seq_test_000126,P1042758_720.mp4,test,Yawning,Male,1,888,933,16,16,0,False,25.0,1.8
seq_test_000127,P1042758_720.mp4,test,Yawning,Male,1,912,957,16,16,0,False,25.0,1.8
seq_test_000128,P1042758_720.mp4,test,Yawning,Male,1,936,981,16,16,0,False,25.0,1.8
seq_test_000129,P1042758_720.mp4,test,Yawning,Male,1,960,1005,16,16,0,False,25.0,1.8
seq_test_000130,P1042758_720.mp4,test,Yawning,Male,1,984,1029,16,16,0,False,25.0,1.8
seq_test_000131,P1042758_720.mp4,test,Yawning,Male,1,1008,1053,16,16,0,False,25.0,1.8
seq_test_000132,P1042758_720.mp4,test,Yawning,Male,1,1032,1077,16,16,0,False,25.0,1.8
seq_test_000133,P1043127_720.mp4,test,Yawning,Male,1,0,45,16,16,0,False,25.0,1.8
seq_test_000134,P1043127_720.mp4,test,Yawning,Male,1,24,69,16,16,0,False,25.0,1.8
seq_test_000135,P1043127_720.mp4,test,Yawning,Male,1,48,93,16,16,0,False,25.0,1.8
seq_test_000136,P1043127_720.mp4,test,Yawning,Male,1,72,117,16,16,0,False,25.0,1.8
seq_test_000137,P1043127_720.mp4,test,Yawning,Male,1,96,141,16,16,0,False,25.0,1.8
seq_test_000138,P1043127_720.mp4,test,Yawning,Male,1,120,165,16,16,0,False,25.0,1.8
seq_test_000139,P1043127_720.mp4,test,Yawning,Male,1,144,189,16,16,0,False,25.0,1.8
seq_test_000140,P1043127_720.mp4,test,Yawning,Male,1,168,213,16,16,0,False,25.0,1.8
seq_test_000141,P1043127_720.mp4,test,Yawning,Male,1,192,237,16,16,0,False,25.0,1.8
seq_test_000142,P1043127_720.mp4,test,Yawning,Male,1,216,261,16,16,0,False,25.0,1.8
seq_test_000143,P1043127_720.mp4,test,Yawning,Male,1,240,285,16,16,0,False,25.0,1.8
seq_test_000144,P1043127_720.mp4,test,Yawning,Male,1,264,309,16,16,0,False,25.0,1.8
seq_test_000145,P1043127_720.mp4,test,Yawning,Male,1,288,333,16,16,0,False,25.0,1.8
seq_test_000146,P1043127_720.mp4,test,Yawning,Male,1,312,357,16,16,0,False,25.0,1.8
seq_test_000147,P1043127_720.mp4,test,Yawning,Male,1,336,381,16,16,0,False,25.0,1.8
seq_test_000148,P1043127_720.mp4,test,Yawning,Male,1,360,405,16,16,0,False,25.0,1.8
seq_test_000149,P1043127_720.mp4,test,Yawning,Male,1,384,429,16,16,0,False,25.0,1.8
seq_test_000150,P1043127_720.mp4,test,Yawning,Male,1,408,453,16,16,0,False,25.0,1.8
seq_test_000151,P1043091_720.mp4,test,Yawning,Female,1,0,45,16,16,0,False,25.0,1.8
seq_test_000152,P1043091_720.mp4,test,Yawning,Female,1,24,69,16,16,0,False,25.0,1.8
seq_test_000153,P1043091_720.mp4,test,Yawning,Female,1,48,93,16,16,0,False,25.0,1.8
seq_test_000154,P1043091_720.mp4,test,Yawning,Female,1,72,117,16,16,0,False,25.0,1.8
seq_test_000155,P1043091_720.mp4,test,Yawning,Female,1,96,141,16,16,0,False,25.0,1.8
seq_test_000156,P1043091_720.mp4,test,Yawning,Female,1,120,165,16,16,0,False,25.0,1.8
seq_test_000157,P1043091_720.mp4,test,Yawning,Female,1,144,189,16,16,0,False,25.0,1.8
seq_test_000158,P1043091_720.mp4,test,Yawning,Female,1,168,213,16,16,0,False,25.0,1.8
seq_test_000159,P1043091_720.mp4,test,Yawning,Female,1,192,237,16,16,0,False,25.0,1.8
seq_test_000160,P1043091_720.mp4,test,Yawning,Female,1,216,261,16,16,0,False,25.0,1.8
seq_test_000161,P1043091_720.mp4,test,Yawning,Female,1,240,285,16,16,0,False,25.0,1.8
seq_test_000162,P1043091_720.mp4,test,Yawning,Female,1,264,309,16,16,0,False,25.0,1.8
seq_test_000163,P1043091_720.mp4,test,Yawning,Female,1,288,333,16,16,0,False,25.0,1.8
seq_test_000164,P1043091_720.mp4,test,Yawning,Female,1,312,357,16,16,0,False,25.0,1.8
seq_test_000165,P1043091_720.mp4,test,Yawning,Female,1,336,381,16,16,0,False,25.0,1.8
seq_test_000166,P1043091_720.mp4,test,Yawning,Female,1,360,405,16,16,0,False,25.0,1.8
seq_test_000167,P1043091_720.mp4,test,Yawning,Female,1,384,429,16,16,0,False,25.0,1.8
seq_test_000168,P1043091_720.mp4,test,Yawning,Female,1,408,453,16,16,0,False,25.0,1.8
seq_test_000169,P1043091_720.mp4,test,Yawning,Female,1,432,477,16,16,0,False,25.0,1.8
seq_test_000170,P1043091_720.mp4,test,Yawning,Female,1,456,501,16,16,0,False,25.0,1.8
seq_test_000171,P1043091_720.mp4,test,Yawning,Female,1,480,525,16,16,0,False,25.0,1.8
seq_test_000172,P1043091_720.mp4,test,Yawning,Female,1,504,549,16,16,0,False,25.0,1.8
seq_test_000173,P1043091_720.mp4,test,Yawning,Female,1,528,573,16,16,0,False,25.0,1.8
seq_test_000174,P1043091_720.mp4,test,Yawning,Female,1,552,597,16,16,0,False,25.0,1.8
seq_test_000175,P1043091_720.mp4,test,Yawning,Female,1,576,621,16,16,0,False,25.0,1.8
seq_test_000176,P1043075_720.mp4,test,Microsleep,Male,1,0,45,16,16,0,False,25.0,1.8
seq_test_000177,P1043075_720.mp4,test,Microsleep,Male,1,24,69,16,16,0,False,25.0,1.8
seq_test_000178,P1043075_720.mp4,test,Microsleep,Male,1,48,93,16,16,0,False,25.0,1.8
seq_test_000179,P1043075_720.mp4,test,Microsleep,Male,1,72,117,16,16,0,False,25.0,1.8
seq_test_000180,P1043075_720.mp4,test,Microsleep,Male,1,96,141,16,16,0,False,25.0,1.8
seq_test_000181,P1043075_720.mp4,test,Microsleep,Male,1,120,165,16,15,1,True,25.0,1.8
seq_test_000182,P1043075_720.mp4,test,Microsleep,Male,1,144,189,16,15,1,True,25.0,1.8
seq_test_000183,P1043075_720.mp4,test,Microsleep,Male,1,168,213,16,16,0,False,25.0,1.8
seq_test_000184,P1043075_720.mp4,test,Microsleep,Male,1,192,237,16,16,0,False,25.0,1.8
seq_test_000185,P1043075_720.mp4,test,Microsleep,Male,1,216,261,16,15,1,True,25.0,1.8
seq_test_000186,P1043075_720.mp4,test,Microsleep,Male,1,240,285,16,13,3,True,25.0,1.8
seq_test_000187,P1043075_720.mp4,test,Microsleep,Male,1,264,309,16,14,2,True,25.0,1.8
seq_test_000188,P1043075_720.mp4,test,Microsleep,Male,1,288,333,16,16,0,False,25.0,1.8
seq_test_000189,P1043075_720.mp4,test,Microsleep,Male,1,360,405,16,16,0,False,25.0,1.8
seq_test_000190,P1043075_720.mp4,test,Microsleep,Male,1,384,429,16,16,0,False,25.0,1.8
seq_test_000191,P1043075_720.mp4,test,Microsleep,Male,1,408,453,16,16,0,False,25.0,1.8
seq_test_000192,P1043075_720.mp4,test,Microsleep,Male,1,432,477,16,13,3,True,25.0,1.8
seq_test_000193,P1043075_720.mp4,test,Microsleep,Male,1,456,501,16,13,3,True,25.0,1.8
seq_test_000194,P1043075_720.mp4,test,Microsleep,Male,1,480,525,16,16,0,False,25.0,1.8
seq_test_000195,P1043075_720.mp4,test,Microsleep,Male,1,504,549,16,16,0,False,25.0,1.8
seq_test_000196,P1043075_720.mp4,test,Microsleep,Male,1,528,573,16,16,0,False,25.0,1.8
seq_test_000197,P1043075_720.mp4,test,Microsleep,Male,1,552,597,16,16,0,False,25.0,1.8
seq_test_000198,P1043075_720.mp4,test,Microsleep,Male,1,576,621,16,16,0,False,25.0,1.8
seq_test_000199,P1043075_720.mp4,test,Microsleep,Male,1,648,693,16,15,1,True,25.0,1.8
seq_test_000200,P1043075_720.mp4,test,Microsleep,Male,1,672,717,16,15,1,True,25.0,1.8
seq_test_000201,P1043075_720.mp4,test,Microsleep,Male,1,696,741,16,14,2,True,25.0,1.8
seq_test_000202,P1043075_720.mp4,test,Microsleep,Male,1,720,765,16,15,1,True,25.0,1.8
seq_test_000203,P1043075_720.mp4,test,Microsleep,Male,1,744,789,16,16,0,False,25.0,1.8
seq_test_000204,P1043075_720.mp4,test,Microsleep,Male,1,768,813,16,16,0,False,25.0,1.8
seq_test_000205,P1043075_720.mp4,test,Microsleep,Male,1,792,837,16,16,0,False,25.0,1.8
seq_test_000206,P1043075_720.mp4,test,Microsleep,Male,1,816,861,16,16,0,False,25.0,1.8
seq_test_000207,P1043075_720.mp4,test,Microsleep,Male,1,840,885,16,16,0,False,25.0,1.8
seq_test_000208,P1043075_720.mp4,test,Microsleep,Male,1,864,909,16,16,0,False,25.0,1.8
seq_test_000209,P1043075_720.mp4,test,Microsleep,Male,1,888,933,16,16,0,False,25.0,1.8
seq_test_000210,P1043075_720.mp4,test,Microsleep,Male,1,912,957,16,16,0,False,25.0,1.8
seq_test_000211,P1043075_720.mp4,test,Microsleep,Male,1,936,981,16,16,0,False,25.0,1.8
seq_test_000212,P1043075_720.mp4,test,Microsleep,Male,1,960,1005,16,16,0,False,25.0,1.8
seq_test_000213,P1043075_720.mp4,test,Microsleep,Male,1,984,1029,16,16,0,False,25.0,1.8
seq_test_000214,P1043075_720.mp4,test,Microsleep,Male,1,1008,1053,16,16,0,False,25.0,1.8
seq_test_000215,P1043075_720.mp4,test,Microsleep,Male,1,1032,1077,16,16,0,False,25.0,1.8
seq_test_000216,P1043075_720.mp4,test,Microsleep,Male,1,1056,1101,16,16,0,False,25.0,1.8
seq_test_000217,P1043075_720.mp4,test,Microsleep,Male,1,1080,1125,16,16,0,False,25.0,1.8
seq_test_000218,P1043075_720.mp4,test,Microsleep,Male,1,1104,1149,16,16,0,False,25.0,1.8
seq_test_000219,P1043075_720.mp4,test,Microsleep,Male,1,1128,1173,16,16,0,False,25.0,1.8
seq_test_000220,P1043075_720.mp4,test,Microsleep,Male,1,1152,1197,16,16,0,False,25.0,1.8
seq_test_000221,P1043075_720.mp4,test,Microsleep,Male,1,1176,1221,16,16,0,False,25.0,1.8
seq_test_000222,P1043075_720.mp4,test,Microsleep,Male,1,1200,1245,16,16,0,False,25.0,1.8
seq_test_000223,P1043075_720.mp4,test,Microsleep,Male,1,1224,1269,16,16,0,False,25.0,1.8
seq_test_000224,P1043075_720.mp4,test,Microsleep,Male,1,1248,1293,16,16,0,False,25.0,1.8
seq_test_000225,P1043075_720.mp4,test,Microsleep,Male,1,1272,1317,16,16,0,False,25.0,1.8
seq_test_000226,P1043075_720.mp4,test,Microsleep,Male,1,1296,1341,16,15,1,True,25.0,1.8
seq_test_000227,P1043075_720.mp4,test,Microsleep,Male,1,1320,1365,16,14,2,True,25.0,1.8
seq_test_000228,P1043075_720.mp4,test,Microsleep,Male,1,1344,1389,16,15,1,True,25.0,1.8
seq_test_000229,P1043075_720.mp4,test,Microsleep,Male,1,1368,1413,16,16,0,False,25.0,1.8
seq_test_000230,P1043075_720.mp4,test,Microsleep,Male,1,1392,1437,16,16,0,False,25.0,1.8
seq_test_000231,P1043075_720.mp4,test,Microsleep,Male,1,1416,1461,16,16,0,False,25.0,1.8
seq_test_000232,P1043075_720.mp4,test,Microsleep,Male,1,1440,1485,16,16,0,False,25.0,1.8
seq_test_000233,P1043075_720.mp4,test,Microsleep,Male,1,1464,1509,16,16,0,False,25.0,1.8
seq_test_000234,P1043075_720.mp4,test,Microsleep,Male,1,1488,1533,16,16,0,False,25.0,1.8
seq_test_000235,P1043075_720.mp4,test,Microsleep,Male,1,1512,1557,16,16,0,False,25.0,1.8
seq_test_000236,P1043075_720.mp4,test,Microsleep,Male,1,1536,1581,16,16,0,False,25.0,1.8
seq_test_000237,P1043075_720.mp4,test,Microsleep,Male,1,1560,1605,16,16,0,False,25.0,1.8
seq_test_000238,P1043075_720.mp4,test,Microsleep,Male,1,1584,1629,16,16,0,False,25.0,1.8
seq_test_000239,P1043075_720.mp4,test,Microsleep,Male,1,1608,1653,16,16,0,False,25.0,1.8
seq_test_000240,P1043075_720.mp4,test,Microsleep,Male,1,1632,1677,16,16,0,False,25.0,1.8
seq_test_000241,P1043075_720.mp4,test,Microsleep,Male,1,1656,1701,16,16,0,False,25.0,1.8
seq_test_000242,P1043075_720.mp4,test,Microsleep,Male,1,1680,1725,16,16,0,False,25.0,1.8
seq_test_000243,P1043075_720.mp4,test,Microsleep,Male,1,1704,1749,16,16,0,False,25.0,1.8
seq_test_000244,P1043075_720.mp4,test,Microsleep,Male,1,1728,1773,16,16,0,False,25.0,1.8
seq_test_000245,P1043075_720.mp4,test,Microsleep,Male,1,1752,1797,16,16,0,False,25.0,1.8
seq_test_000246,P1043075_720.mp4,test,Microsleep,Male,1,1776,1821,16,16,0,False,25.0,1.8
seq_test_000247,P1043075_720.mp4,test,Microsleep,Male,1,1800,1845,16,16,0,False,25.0,1.8
seq_test_000248,P1043075_720.mp4,test,Microsleep,Male,1,1824,1869,16,16,0,False,25.0,1.8
seq_test_000249,P1043075_720.mp4,test,Microsleep,Male,1,1848,1893,16,16,0,False,25.0,1.8
seq_test_000250,P1043075_720.mp4,test,Microsleep,Male,1,1872,1917,16,16,0,False,25.0,1.8
seq_test_000251,P1043075_720.mp4,test,Microsleep,Male,1,1896,1941,16,16,0,False,25.0,1.8
seq_test_000252,P1043075_720.mp4,test,Microsleep,Male,1,1920,1965,16,15,1,True,25.0,1.8
seq_test_000253,P1043075_720.mp4,test,Microsleep,Male,1,1944,1989,16,14,2,True,25.0,1.8
seq_test_000254,P1043075_720.mp4,test,Microsleep,Male,1,1968,2013,16,15,1,True,25.0,1.8
seq_test_000255,P1043075_720.mp4,test,Microsleep,Male,1,1992,2037,16,16,0,False,25.0,1.8
seq_test_000256,P1043075_720.mp4,test,Microsleep,Male,1,2016,2061,16,15,1,True,25.0,1.8
seq_test_000257,P1043075_720.mp4,test,Microsleep,Male,1,2040,2085,16,15,1,True,25.0,1.8
seq_test_000258,P1043075_720.mp4,test,Microsleep,Male,1,2064,2109,16,16,0,False,25.0,1.8
seq_test_000259,P1043075_720.mp4,test,Microsleep,Male,1,2088,2133,16,16,0,False,25.0,1.8
seq_test_000260,P1043075_720.mp4,test,Microsleep,Male,1,2112,2157,16,16,0,False,25.0,1.8
seq_test_000261,P1043075_720.mp4,test,Microsleep,Male,1,2136,2181,16,16,0,False,25.0,1.8
seq_test_000262,P1043075_720.mp4,test,Microsleep,Male,1,2160,2205,16,16,0,False,25.0,1.8
seq_test_000263,P1043075_720.mp4,test,Microsleep,Male,1,2184,2229,16,16,0,False,25.0,1.8
seq_test_000264,P1043075_720.mp4,test,Microsleep,Male,1,2208,2253,16,16,0,False,25.0,1.8
seq_test_000265,P1043075_720.mp4,test,Microsleep,Male,1,2232,2277,16,16,0,False,25.0,1.8
seq_test_000266,P1043075_720.mp4,test,Microsleep,Male,1,2256,2301,16,16,0,False,25.0,1.8
seq_test_000267,P1043075_720.mp4,test,Microsleep,Male,1,2280,2325,16,16,0,False,25.0,1.8
seq_test_000268,P1043075_720.mp4,test,Microsleep,Male,1,2304,2349,16,16,0,False,25.0,1.8
seq_test_000269,P1043075_720.mp4,test,Microsleep,Male,1,2328,2373,16,16,0,False,25.0,1.8
seq_test_000270,P1043075_720.mp4,test,Microsleep,Male,1,2352,2397,16,16,0,False,25.0,1.8
seq_test_000271,P1043075_720.mp4,test,Microsleep,Male,1,2376,2421,16,16,0,False,25.0,1.8
seq_test_000272,P1043075_720.mp4,test,Microsleep,Male,1,2400,2445,16,16,0,False,25.0,1.8
seq_test_000273,P1043075_720.mp4,test,Microsleep,Male,1,2424,2469,16,16,0,False,25.0,1.8
seq_test_000274,P1043075_720.mp4,test,Microsleep,Male,1,2448,2493,16,16,0,False,25.0,1.8
seq_test_000275,P1043075_720.mp4,test,Microsleep,Male,1,2472,2517,16,16,0,False,25.0,1.8
seq_test_000276,P1043075_720.mp4,test,Microsleep,Male,1,2496,2541,16,16,0,False,25.0,1.8
seq_test_000277,P1043075_720.mp4,test,Microsleep,Male,1,2520,2565,16,16,0,False,25.0,1.8
seq_test_000278,P1043075_720.mp4,test,Microsleep,Male,1,2544,2589,16,16,0,False,25.0,1.8
seq_test_000279,P1043075_720.mp4,test,Microsleep,Male,1,2568,2613,16,16,0,False,25.0,1.8
seq_test_000280,P1043075_720.mp4,test,Microsleep,Male,1,2592,2637,16,16,0,False,25.0,1.8
seq_test_000281,P1043075_720.mp4,test,Microsleep,Male,1,2616,2661,16,16,0,False,25.0,1.8
seq_test_000282,P1043075_720.mp4,test,Microsleep,Male,1,2640,2685,16,16,0,False,25.0,1.8
seq_test_000283,P1043075_720.mp4,test,Microsleep,Male,1,2664,2709,16,16,0,False,25.0,1.8
seq_test_000284,P1043075_720.mp4,test,Microsleep,Male,1,2688,2733,16,16,0,False,25.0,1.8
seq_test_000285,P1043075_720.mp4,test,Microsleep,Male,1,2712,2757,16,16,0,False,25.0,1.8
seq_test_000286,P1043075_720.mp4,test,Microsleep,Male,1,2736,2781,16,15,1,True,25.0,1.8
seq_test_000287,P1043075_720.mp4,test,Microsleep,Male,1,2760,2805,16,15,1,True,25.0,1.8
seq_test_000288,P1043075_720.mp4,test,Microsleep,Male,1,2784,2829,16,16,0,False,25.0,1.8
seq_test_000289,P1043075_720.mp4,test,Microsleep,Male,1,2808,2853,16,16,0,False,25.0,1.8
seq_test_000290,P1043075_720.mp4,test,Microsleep,Male,1,2832,2877,16,15,1,True,25.0,1.8
seq_test_000291,P1043075_720.mp4,test,Microsleep,Male,1,2856,2901,16,15,1,True,25.0,1.8
seq_test_000292,P1043075_720.mp4,test,Microsleep,Male,1,2880,2925,16,16,0,False,25.0,1.8
seq_test_000293,P1043075_720.mp4,test,Microsleep,Male,1,2904,2949,16,16,0,False,25.0,1.8
seq_test_000294,P1043075_720.mp4,test,Microsleep,Male,1,2928,2973,16,16,0,False,25.0,1.8
seq_test_000295,P1043075_720.mp4,test,Microsleep,Male,1,2952,2997,16,16,0,False,25.0,1.8
seq_test_000296,P1043075_720.mp4,test,Microsleep,Male,1,2976,3021,16,16,0,False,25.0,1.8
seq_test_000297,P1043075_720.mp4,test,Microsleep,Male,1,3000,3045,16,16,0,False,25.0,1.8
seq_test_000298,P1043075_720.mp4,test,Microsleep,Male,1,3024,3069,16,16,0,False,25.0,1.8
seq_test_000299,P1043075_720.mp4,test,Microsleep,Male,1,3048,3093,16,16,0,False,25.0,1.8
seq_test_000300,P1043075_720.mp4,test,Microsleep,Male,1,3072,3117,16,16,0,False,25.0,1.8
seq_test_000301,P1043075_720.mp4,test,Microsleep,Male,1,3096,3141,16,16,0,False,25.0,1.8
seq_test_000302,P1043075_720.mp4,test,Microsleep,Male,1,3120,3165,16,16,0,False,25.0,1.8
seq_test_000303,P1043075_720.mp4,test,Microsleep,Male,1,3144,3189,16,16,0,False,25.0,1.8
seq_test_000304,P1043075_720.mp4,test,Microsleep,Male,1,3168,3213,16,16,0,False,25.0,1.8
seq_test_000305,P1043075_720.mp4,test,Microsleep,Male,1,3192,3237,16,16,0,False,25.0,1.8
seq_test_000306,P1043075_720.mp4,test,Microsleep,Male,1,3216,3261,16,16,0,False,25.0,1.8
seq_test_000307,P1042776_720.mp4,test,Yawning,Male,1,48,93,16,14,2,True,25.0,1.8
seq_test_000308,P1042776_720.mp4,test,Yawning,Male,1,72,117,16,16,0,False,25.0,1.8
seq_test_000309,P1042776_720.mp4,test,Yawning,Male,1,96,141,16,16,0,False,25.0,1.8
seq_test_000310,P1042776_720.mp4,test,Yawning,Male,1,120,165,16,13,3,True,25.0,1.8
seq_test_000311,P1042776_720.mp4,test,Yawning,Male,1,168,213,16,14,2,True,25.0,1.8
seq_test_000312,P1042776_720.mp4,test,Yawning,Male,1,192,237,16,16,0,False,25.0,1.8
seq_test_000313,P1042776_720.mp4,test,Yawning,Male,1,216,261,16,16,0,False,25.0,1.8
seq_test_000314,P1042776_720.mp4,test,Yawning,Male,1,240,285,16,16,0,False,25.0,1.8
seq_test_000315,P1042776_720.mp4,test,Yawning,Male,1,264,309,16,16,0,False,25.0,1.8
seq_test_000316,P1042776_720.mp4,test,Yawning,Male,1,288,333,16,16,0,False,25.0,1.8
seq_test_000317,P1042776_720.mp4,test,Yawning,Male,1,312,357,16,16,0,False,25.0,1.8
seq_test_000318,P1042776_720.mp4,test,Yawning,Male,1,336,381,16,16,0,False,25.0,1.8
seq_test_000319,P1042776_720.mp4,test,Yawning,Male,1,360,405,16,16,0,False,25.0,1.8
seq_test_000320,P1042776_720.mp4,test,Yawning,Male,1,384,429,16,16,0,False,25.0,1.8
seq_test_000321,P1042776_720.mp4,test,Yawning,Male,1,408,453,16,16,0,False,25.0,1.8
seq_test_000322,P1042776_720.mp4,test,Yawning,Male,1,432,477,16,16,0,False,25.0,1.8
seq_test_000323,P1042776_720.mp4,test,Yawning,Male,1,456,501,16,16,0,False,25.0,1.8
seq_test_000324,P1042776_720.mp4,test,Yawning,Male,1,480,525,16,16,0,False,25.0,1.8
seq_test_000325,P1042776_720.mp4,test,Yawning,Male,1,504,549,16,16,0,False,25.0,1.8
seq_test_000326,P1042776_720.mp4,test,Yawning,Male,1,528,573,16,16,0,False,25.0,1.8
seq_test_000327,P1042776_720.mp4,test,Yawning,Male,1,552,597,16,16,0,False,25.0,1.8
seq_test_000328,P1042776_720.mp4,test,Yawning,Male,1,576,621,16,16,0,False,25.0,1.8
seq_test_000329,P1042776_720.mp4,test,Yawning,Male,1,600,645,16,15,1,True,25.0,1.8
seq_test_000330,P1043084_720.mp4,test,Yawning,Female,1,0,45,16,16,0,False,25.0,1.8
seq_test_000331,P1043084_720.mp4,test,Yawning,Female,1,24,69,16,16,0,False,25.0,1.8
seq_test_000332,P1043084_720.mp4,test,Yawning,Female,1,48,93,16,16,0,False,25.0,1.8
seq_test_000333,P1043084_720.mp4,test,Yawning,Female,1,72,117,16,16,0,False,25.0,1.8
seq_test_000334,P1043084_720.mp4,test,Yawning,Female,1,96,141,16,16,0,False,25.0,1.8
seq_test_000335,P1043084_720.mp4,test,Yawning,Female,1,120,165,16,16,0,False,25.0,1.8
seq_test_000336,P1043084_720.mp4,test,Yawning,Female,1,144,189,16,16,0,False,25.0,1.8
seq_test_000337,P1043084_720.mp4,test,Yawning,Female,1,168,213,16,16,0,False,25.0,1.8
seq_test_000338,P1043084_720.mp4,test,Yawning,Female,1,192,237,16,16,0,False,25.0,1.8
seq_test_000339,P1043084_720.mp4,test,Yawning,Female,1,216,261,16,16,0,False,25.0,1.8
seq_test_000340,P1043084_720.mp4,test,Yawning,Female,1,240,285,16,16,0,False,25.0,1.8
seq_test_000341,P1043084_720.mp4,test,Yawning,Female,1,264,309,16,16,0,False,25.0,1.8
seq_test_000342,P1043084_720.mp4,test,Yawning,Female,1,288,333,16,16,0,False,25.0,1.8
seq_test_000343,P1043084_720.mp4,test,Yawning,Female,1,312,357,16,16,0,False,25.0,1.8
seq_test_000344,P1043084_720.mp4,test,Yawning,Female,1,336,381,16,16,0,False,25.0,1.8
seq_test_000345,P1043084_720.mp4,test,Yawning,Female,1,360,405,16,16,0,False,25.0,1.8
seq_test_000346,P1043084_720.mp4,test,Yawning,Female,1,384,429,16,16,0,False,25.0,1.8
seq_test_000347,P1043084_720.mp4,test,Yawning,Female,1,408,453,16,16,0,False,25.0,1.8
seq_test_000348,P1043084_720.mp4,test,Yawning,Female,1,432,477,16,16,0,False,25.0,1.8
seq_test_000349,P1043084_720.mp4,test,Yawning,Female,1,456,501,16,16,0,False,25.0,1.8
seq_test_000350,P1043084_720.mp4,test,Yawning,Female,1,480,525,16,16,0,False,25.0,1.8
seq_test_000351,P1043084_720.mp4,test,Yawning,Female,1,504,549,16,16,0,False,25.0,1.8
seq_test_000352,P1043084_720.mp4,test,Yawning,Female,1,528,573,16,16,0,False,25.0,1.8
seq_test_000353,P1043084_720.mp4,test,Yawning,Female,1,552,597,16,16,0,False,25.0,1.8
seq_test_000354,P1043084_720.mp4,test,Yawning,Female,1,576,621,16,16,0,False,25.0,1.8
seq_test_000355,P1043084_720.mp4,test,Yawning,Female,1,600,645,16,16,0,False,25.0,1.8
seq_test_000356,P1043084_720.mp4,test,Yawning,Female,1,624,669,16,16,0,False,25.0,1.8
seq_test_000357,P1043084_720.mp4,test,Yawning,Female,1,648,693,16,16,0,False,25.0,1.8
seq_test_000358,P1043084_720.mp4,test,Yawning,Female,1,672,717,16,16,0,False,25.0,1.8
seq_test_000359,P1043094_720.mp4,test,Yawning,Female,1,0,45,16,16,0,False,25.0,1.8
seq_test_000360,P1043094_720.mp4,test,Yawning,Female,1,24,69,16,16,0,False,25.0,1.8
seq_test_000361,P1043094_720.mp4,test,Yawning,Female,1,48,93,16,16,0,False,25.0,1.8
seq_test_000362,P1043094_720.mp4,test,Yawning,Female,1,72,117,16,16,0,False,25.0,1.8
seq_test_000363,P1043094_720.mp4,test,Yawning,Female,1,96,141,16,16,0,False,25.0,1.8
seq_test_000364,P1043094_720.mp4,test,Yawning,Female,1,120,165,16,16,0,False,25.0,1.8
seq_test_000365,P1043094_720.mp4,test,Yawning,Female,1,144,189,16,16,0,False,25.0,1.8
seq_test_000366,P1043094_720.mp4,test,Yawning,Female,1,168,213,16,16,0,False,25.0,1.8
seq_test_000367,P1043094_720.mp4,test,Yawning,Female,1,192,237,16,16,0,False,25.0,1.8
seq_test_000368,P1043094_720.mp4,test,Yawning,Female,1,216,261,16,16,0,False,25.0,1.8
seq_test_000369,P1043094_720.mp4,test,Yawning,Female,1,240,285,16,16,0,False,25.0,1.8
seq_test_000370,P1043094_720.mp4,test,Yawning,Female,1,264,309,16,16,0,False,25.0,1.8
seq_test_000371,P1043094_720.mp4,test,Yawning,Female,1,288,333,16,16,0,False,25.0,1.8
seq_test_000372,P1043094_720.mp4,test,Yawning,Female,1,312,357,16,16,0,False,25.0,1.8
seq_test_000373,P1043094_720.mp4,test,Yawning,Female,1,336,381,16,16,0,False,25.0,1.8
seq_test_000374,P1043094_720.mp4,test,Yawning,Female,1,360,405,16,16,0,False,25.0,1.8
seq_test_000375,P1043094_720.mp4,test,Yawning,Female,1,384,429,16,16,0,False,25.0,1.8
seq_test_000376,P1043094_720.mp4,test,Yawning,Female,1,408,453,16,16,0,False,25.0,1.8
seq_test_000377,P1043094_720.mp4,test,Yawning,Female,1,432,477,16,16,0,False,25.0,1.8
seq_test_000378,P1043094_720.mp4,test,Yawning,Female,1,456,501,16,16,0,False,25.0,1.8
seq_test_000379,P1043094_720.mp4,test,Yawning,Female,1,480,525,16,16,0,False,25.0,1.8
seq_test_000380,P1043094_720.mp4,test,Yawning,Female,1,504,549,16,16,0,False,25.0,1.8
seq_test_000381,P1043094_720.mp4,test,Yawning,Female,1,528,573,16,16,0,False,25.0,1.8
seq_test_000382,P1043094_720.mp4,test,Yawning,Female,1,552,597,16,16,0,False,25.0,1.8
seq_test_000383,P1043094_720.mp4,test,Yawning,Female,1,576,621,16,16,0,False,25.0,1.8
seq_test_000384,P1043094_720.mp4,test,Yawning,Female,1,600,645,16,16,0,False,25.0,1.8
seq_test_000385,P1043094_720.mp4,test,Yawning,Female,1,624,669,16,15,1,True,25.0,1.8
seq_test_000386,P1042786_720.mp4,test,Microsleep,Male,1,0,45,16,16,0,False,25.0,1.8
seq_test_000387,P1042786_720.mp4,test,Microsleep,Male,1,24,69,16,16,0,False,25.0,1.8
seq_test_000388,P1042786_720.mp4,test,Microsleep,Male,1,48,93,16,16,0,False,25.0,1.8
seq_test_000389,P1042786_720.mp4,test,Microsleep,Male,1,72,117,16,16,0,False,25.0,1.8
seq_test_000390,P1042786_720.mp4,test,Microsleep,Male,1,96,141,16,16,0,False,25.0,1.8
seq_test_000391,P1042786_720.mp4,test,Microsleep,Male,1,120,165,16,16,0,False,25.0,1.8
seq_test_000392,P1042786_720.mp4,test,Microsleep,Male,1,144,189,16,16,0,False,25.0,1.8
seq_test_000393,P1042786_720.mp4,test,Microsleep,Male,1,168,213,16,16,0,False,25.0,1.8
seq_test_000394,P1042786_720.mp4,test,Microsleep,Male,1,192,237,16,16,0,False,25.0,1.8
seq_test_000395,P1042786_720.mp4,test,Microsleep,Male,1,216,261,16,16,0,False,25.0,1.8
seq_test_000396,P1042786_720.mp4,test,Microsleep,Male,1,240,285,16,16,0,False,25.0,1.8
seq_test_000397,P1042786_720.mp4,test,Microsleep,Male,1,264,309,16,16,0,False,25.0,1.8
seq_test_000398,P1042786_720.mp4,test,Microsleep,Male,1,288,333,16,16,0,False,25.0,1.8
seq_test_000399,P1042786_720.mp4,test,Microsleep,Male,1,312,357,16,16,0,False,25.0,1.8
seq_test_000400,P1042786_720.mp4,test,Microsleep,Male,1,336,381,16,16,0,False,25.0,1.8
seq_test_000401,P1042786_720.mp4,test,Microsleep,Male,1,360,405,16,16,0,False,25.0,1.8
seq_test_000402,P1042786_720.mp4,test,Microsleep,Male,1,384,429,16,16,0,False,25.0,1.8
seq_test_000403,P1042786_720.mp4,test,Microsleep,Male,1,408,453,16,16,0,False,25.0,1.8
seq_test_000404,P1042786_720.mp4,test,Microsleep,Male,1,432,477,16,16,0,False,25.0,1.8
seq_test_000405,P1042786_720.mp4,test,Microsleep,Male,1,456,501,16,16,0,False,25.0,1.8
seq_test_000406,P1042786_720.mp4,test,Microsleep,Male,1,480,525,16,16,0,False,25.0,1.8
seq_test_000407,P1042786_720.mp4,test,Microsleep,Male,1,504,549,16,16,0,False,25.0,1.8
seq_test_000408,P1042786_720.mp4,test,Microsleep,Male,1,528,573,16,16,0,False,25.0,1.8
seq_test_000409,P1042786_720.mp4,test,Microsleep,Male,1,552,597,16,16,0,False,25.0,1.8
seq_test_000410,P1042786_720.mp4,test,Microsleep,Male,1,576,621,16,16,0,False,25.0,1.8
seq_test_000411,P1042786_720.mp4,test,Microsleep,Male,1,600,645,16,16,0,False,25.0,1.8
seq_test_000412,P1042786_720.mp4,test,Microsleep,Male,1,624,669,16,16,0,False,25.0,1.8
seq_test_000413,P1042786_720.mp4,test,Microsleep,Male,1,648,693,16,16,0,False,25.0,1.8
seq_test_000414,P1042786_720.mp4,test,Microsleep,Male,1,672,717,16,16,0,False,25.0,1.8
seq_test_000415,P1042786_720.mp4,test,Microsleep,Male,1,696,741,16,16,0,False,25.0,1.8
seq_test_000416,P1042786_720.mp4,test,Microsleep,Male,1,720,765,16,16,0,False,25.0,1.8
seq_test_000417,P1042786_720.mp4,test,Microsleep,Male,1,744,789,16,16,0,False,25.0,1.8
seq_test_000418,P1042786_720.mp4,test,Microsleep,Male,1,768,813,16,16,0,False,25.0,1.8
seq_test_000419,P1042786_720.mp4,test,Microsleep,Male,1,792,837,16,16,0,False,25.0,1.8
seq_test_000420,P1042786_720.mp4,test,Microsleep,Male,1,816,861,16,16,0,False,25.0,1.8
seq_test_000421,P1042786_720.mp4,test,Microsleep,Male,1,840,885,16,16,0,False,25.0,1.8
seq_test_000422,P1042786_720.mp4,test,Microsleep,Male,1,864,909,16,16,0,False,25.0,1.8
seq_test_000423,P1042786_720.mp4,test,Microsleep,Male,1,888,933,16,16,0,False,25.0,1.8
seq_test_000424,P1042786_720.mp4,test,Microsleep,Male,1,912,957,16,16,0,False,25.0,1.8
seq_test_000425,P1042786_720.mp4,test,Microsleep,Male,1,936,981,16,16,0,False,25.0,1.8
seq_test_000426,P1042786_720.mp4,test,Microsleep,Male,1,960,1005,16,16,0,False,25.0,1.8
seq_test_000427,P1042786_720.mp4,test,Microsleep,Male,1,984,1029,16,16,0,False,25.0,1.8
seq_test_000428,P1042786_720.mp4,test,Microsleep,Male,1,1008,1053,16,16,0,False,25.0,1.8
seq_test_000429,P1042786_720.mp4,test,Microsleep,Male,1,1032,1077,16,16,0,False,25.0,1.8
seq_test_000430,P1042786_720.mp4,test,Microsleep,Male,1,1056,1101,16,16,0,False,25.0,1.8
seq_test_000431,P1042786_720.mp4,test,Microsleep,Male,1,1080,1125,16,16,0,False,25.0,1.8
seq_test_000432,P1042786_720.mp4,test,Microsleep,Male,1,1104,1149,16,16,0,False,25.0,1.8
seq_test_000433,P1042786_720.mp4,test,Microsleep,Male,1,1128,1173,16,16,0,False,25.0,1.8
seq_test_000434,P1042786_720.mp4,test,Microsleep,Male,1,1152,1197,16,16,0,False,25.0,1.8
seq_test_000435,P1042786_720.mp4,test,Microsleep,Male,1,1176,1221,16,16,0,False,25.0,1.8
seq_test_000436,P1042786_720.mp4,test,Microsleep,Male,1,1200,1245,16,16,0,False,25.0,1.8
seq_test_000437,P1042786_720.mp4,test,Microsleep,Male,1,1224,1269,16,16,0,False,25.0,1.8
seq_test_000438,P1042786_720.mp4,test,Microsleep,Male,1,1248,1293,16,16,0,False,25.0,1.8
seq_test_000439,P1042786_720.mp4,test,Microsleep,Male,1,1272,1317,16,15,1,True,25.0,1.8
seq_test_000440,P1042786_720.mp4,test,Microsleep,Male,1,1296,1341,16,15,1,True,25.0,1.8
seq_test_000441,P1042786_720.mp4,test,Microsleep,Male,1,1320,1365,16,16,0,False,25.0,1.8
seq_test_000442,P1042786_720.mp4,test,Microsleep,Male,1,1344,1389,16,16,0,False,25.0,1.8
seq_test_000443,P1042786_720.mp4,test,Microsleep,Male,1,1368,1413,16,16,0,False,25.0,1.8
seq_test_000444,P1042786_720.mp4,test,Microsleep,Male,1,1392,1437,16,16,0,False,25.0,1.8
seq_test_000445,P1042786_720.mp4,test,Microsleep,Male,1,1464,1509,16,16,0,False,25.0,1.8
seq_test_000446,P1042786_720.mp4,test,Microsleep,Male,1,1488,1533,16,16,0,False,25.0,1.8
seq_test_000447,P1042786_720.mp4,test,Microsleep,Male,1,1512,1557,16,16,0,False,25.0,1.8
seq_test_000448,P1042786_720.mp4,test,Microsleep,Male,1,1536,1581,16,16,0,False,25.0,1.8
seq_test_000449,P1042786_720.mp4,test,Microsleep,Male,1,1560,1605,16,16,0,False,25.0,1.8
seq_test_000450,P1042786_720.mp4,test,Microsleep,Male,1,1584,1629,16,16,0,False,25.0,1.8
seq_test_000451,P1042786_720.mp4,test,Microsleep,Male,1,1608,1653,16,16,0,False,25.0,1.8
seq_test_000452,P1042786_720.mp4,test,Microsleep,Male,1,1632,1677,16,16,0,False,25.0,1.8
seq_test_000453,P1042786_720.mp4,test,Microsleep,Male,1,1656,1701,16,16,0,False,25.0,1.8
seq_test_000454,P1042786_720.mp4,test,Microsleep,Male,1,1680,1725,16,16,0,False,25.0,1.8
seq_test_000455,P1042786_720.mp4,test,Microsleep,Male,1,1704,1749,16,16,0,False,25.0,1.8
seq_test_000456,P1042786_720.mp4,test,Microsleep,Male,1,1728,1773,16,16,0,False,25.0,1.8
seq_test_000457,P1042786_720.mp4,test,Microsleep,Male,1,1752,1797,16,16,0,False,25.0,1.8
seq_test_000458,P1042786_720.mp4,test,Microsleep,Male,1,1776,1821,16,16,0,False,25.0,1.8
seq_test_000459,P1042786_720.mp4,test,Microsleep,Male,1,1800,1845,16,16,0,False,25.0,1.8
seq_test_000460,P1042786_720.mp4,test,Microsleep,Male,1,1824,1869,16,16,0,False,25.0,1.8
seq_test_000461,P1042786_720.mp4,test,Microsleep,Male,1,1848,1893,16,16,0,False,25.0,1.8
seq_test_000462,P1042786_720.mp4,test,Microsleep,Male,1,1872,1917,16,16,0,False,25.0,1.8
seq_test_000463,P1042786_720.mp4,test,Microsleep,Male,1,1896,1941,16,16,0,False,25.0,1.8
seq_test_000464,P1042786_720.mp4,test,Microsleep,Male,1,1920,1965,16,16,0,False,25.0,1.8
seq_test_000465,P1042786_720.mp4,test,Microsleep,Male,1,1944,1989,16,16,0,False,25.0,1.8
seq_test_000466,P1042786_720.mp4,test,Microsleep,Male,1,1968,2013,16,16,0,False,25.0,1.8
seq_test_000467,P1042786_720.mp4,test,Microsleep,Male,1,1992,2037,16,16,0,False,25.0,1.8
seq_test_000468,P1042786_720.mp4,test,Microsleep,Male,1,2016,2061,16,16,0,False,25.0,1.8
seq_test_000469,P1042786_720.mp4,test,Microsleep,Male,1,2040,2085,16,16,0,False,25.0,1.8
seq_test_000470,P1042786_720.mp4,test,Microsleep,Male,1,2064,2109,16,16,0,False,25.0,1.8
seq_test_000471,P1042786_720.mp4,test,Microsleep,Male,1,2088,2133,16,16,0,False,25.0,1.8
seq_test_000472,P1042786_720.mp4,test,Microsleep,Male,1,2112,2157,16,16,0,False,25.0,1.8
seq_test_000473,P1042786_720.mp4,test,Microsleep,Male,1,2136,2181,16,16,0,False,25.0,1.8
seq_test_000474,P1042786_720.mp4,test,Microsleep,Male,1,2160,2205,16,16,0,False,25.0,1.8
seq_test_000475,P1042786_720.mp4,test,Microsleep,Male,1,2184,2229,16,16,0,False,25.0,1.8
seq_test_000476,P1042786_720.mp4,test,Microsleep,Male,1,2208,2253,16,16,0,False,25.0,1.8
seq_test_000477,P1042786_720.mp4,test,Microsleep,Male,1,2232,2277,16,16,0,False,25.0,1.8
seq_test_000478,P1042786_720.mp4,test,Microsleep,Male,1,2256,2301,16,16,0,False,25.0,1.8
seq_test_000479,P1042786_720.mp4,test,Microsleep,Male,1,2280,2325,16,16,0,False,25.0,1.8
seq_test_000480,P1042786_720.mp4,test,Microsleep,Male,1,2304,2349,16,16,0,False,25.0,1.8
seq_test_000481,P1042786_720.mp4,test,Microsleep,Male,1,2328,2373,16,16,0,False,25.0,1.8
seq_test_000482,P1042786_720.mp4,test,Microsleep,Male,1,2352,2397,16,16,0,False,25.0,1.8
seq_test_000483,P1042786_720.mp4,test,Microsleep,Male,1,2376,2421,16,16,0,False,25.0,1.8
seq_test_000484,P1042786_720.mp4,test,Microsleep,Male,1,2400,2445,16,16,0,False,25.0,1.8
seq_test_000485,P1042786_720.mp4,test,Microsleep,Male,1,2424,2469,16,15,1,True,25.0,1.8
seq_test_000486,P1042786_720.mp4,test,Microsleep,Male,1,2448,2493,16,15,1,True,25.0,1.8
seq_test_000487,P1042786_720.mp4,test,Microsleep,Male,1,2472,2517,16,16,0,False,25.0,1.8
seq_test_000488,P1042786_720.mp4,test,Microsleep,Male,1,2496,2541,16,16,0,False,25.0,1.8
seq_test_000489,P1042786_720.mp4,test,Microsleep,Male,1,2520,2565,16,16,0,False,25.0,1.8
seq_test_000490,P1042786_720.mp4,test,Microsleep,Male,1,2664,2709,16,13,3,True,25.0,1.8
seq_test_000491,P1042786_720.mp4,test,Microsleep,Male,1,2688,2733,16,16,0,False,25.0,1.8
seq_test_000492,P1042786_720.mp4,test,Microsleep,Male,1,2712,2757,16,16,0,False,25.0,1.8
seq_test_000493,P1042786_720.mp4,test,Microsleep,Male,1,2736,2781,16,16,0,False,25.0,1.8
seq_test_000494,P1042786_720.mp4,test,Microsleep,Male,1,2760,2805,16,14,2,True,25.0,1.8
seq_test_000495,P1042786_720.mp4,test,Microsleep,Male,1,2784,2829,16,14,2,True,25.0,1.8
seq_test_000496,P1042786_720.mp4,test,Microsleep,Male,1,2808,2853,16,16,0,False,25.0,1.8
seq_test_000497,P1042786_720.mp4,test,Microsleep,Male,1,2832,2877,16,16,0,False,25.0,1.8
seq_test_000498,P1042786_720.mp4,test,Microsleep,Male,1,2856,2901,16,16,0,False,25.0,1.8
seq_test_000499,P1042786_720.mp4,test,Microsleep,Male,1,2880,2925,16,16,0,False,25.0,1.8
seq_test_000500,P1042786_720.mp4,test,Microsleep,Male,1,2904,2949,16,16,0,False,25.0,1.8
seq_test_000501,P1042786_720.mp4,test,Microsleep,Male,1,2928,2973,16,16,0,False,25.0,1.8
seq_test_000502,P1042786_720.mp4,test,Microsleep,Male,1,2952,2997,16,16,0,False,25.0,1.8
seq_test_000503,P1042786_720.mp4,test,Microsleep,Male,1,2976,3021,16,16,0,False,25.0,1.8
seq_test_000504,P1042786_720.mp4,test,Microsleep,Male,1,3000,3045,16,16,0,False,25.0,1.8
seq_test_000505,P1042786_720.mp4,test,Microsleep,Male,1,3024,3069,16,16,0,False,25.0,1.8
seq_test_000506,P1042786_720.mp4,test,Microsleep,Male,1,3048,3093,16,16,0,False,25.0,1.8
seq_test_000507,P1042786_720.mp4,test,Microsleep,Male,1,3072,3117,16,16,0,False,25.0,1.8
seq_test_000508,P1042786_720.mp4,test,Microsleep,Male,1,3096,3141,16,16,0,False,25.0,1.8
seq_test_000509,P1042786_720.mp4,test,Microsleep,Male,1,3120,3165,16,16,0,False,25.0,1.8
seq_test_000510,P1042786_720.mp4,test,Microsleep,Male,1,3144,3189,16,16,0,False,25.0,1.8
seq_test_000511,P1042786_720.mp4,test,Microsleep,Male,1,3168,3213,16,16,0,False,25.0,1.8
seq_test_000512,P1042786_720.mp4,test,Microsleep,Male,1,3192,3237,16,16,0,False,25.0,1.8
seq_test_000513,P1042786_720.mp4,test,Microsleep,Male,1,3216,3261,16,16,0,False,25.0,1.8
seq_test_000514,P1043134_720.mp4,test,Yawning,Female,1,0,45,16,16,0,False,25.0,1.8
seq_test_000515,P1043134_720.mp4,test,Yawning,Female,1,24,69,16,16,0,False,25.0,1.8
seq_test_000516,P1043134_720.mp4,test,Yawning,Female,1,48,93,16,16,0,False,25.0,1.8
seq_test_000517,P1043134_720.mp4,test,Yawning,Female,1,72,117,16,16,0,False,25.0,1.8
seq_test_000518,P1043134_720.mp4,test,Yawning,Female,1,96,141,16,16,0,False,25.0,1.8
seq_test_000519,P1043134_720.mp4,test,Yawning,Female,1,120,165,16,16,0,False,25.0,1.8
seq_test_000520,P1043134_720.mp4,test,Yawning,Female,1,144,189,16,16,0,False,25.0,1.8
seq_test_000521,P1043134_720.mp4,test,Yawning,Female,1,168,213,16,16,0,False,25.0,1.8
seq_test_000522,P1043134_720.mp4,test,Yawning,Female,1,192,237,16,16,0,False,25.0,1.8
seq_test_000523,P1043134_720.mp4,test,Yawning,Female,1,216,261,16,16,0,False,25.0,1.8
seq_test_000524,P1043134_720.mp4,test,Yawning,Female,1,240,285,16,16,0,False,25.0,1.8
seq_test_000525,P1043134_720.mp4,test,Yawning,Female,1,264,309,16,16,0,False,25.0,1.8
seq_test_000526,P1043134_720.mp4,test,Yawning,Female,1,288,333,16,16,0,False,25.0,1.8
seq_test_000527,P1043134_720.mp4,test,Yawning,Female,1,312,357,16,16,0,False,25.0,1.8
seq_test_000528,P1043134_720.mp4,test,Yawning,Female,1,336,381,16,16,0,False,25.0,1.8
seq_test_000529,P1043134_720.mp4,test,Yawning,Female,1,360,405,16,16,0,False,25.0,1.8
seq_test_000530,P1043134_720.mp4,test,Yawning,Female,1,384,429,16,16,0,False,25.0,1.8
seq_test_000531,P1043134_720.mp4,test,Yawning,Female,1,408,453,16,16,0,False,25.0,1.8
seq_test_000532,P1043134_720.mp4,test,Yawning,Female,1,432,477,16,16,0,False,25.0,1.8
seq_test_000533,P1043134_720.mp4,test,Yawning,Female,1,456,501,16,16,0,False,25.0,1.8
seq_test_000534,P1043134_720.mp4,test,Yawning,Female,1,480,525,16,16,0,False,25.0,1.8
seq_test_000535,P1043134_720.mp4,test,Yawning,Female,1,504,549,16,16,0,False,25.0,1.8
seq_test_000536,P1043134_720.mp4,test,Yawning,Female,1,528,573,16,16,0,False,25.0,1.8
seq_test_000537,P1043134_720.mp4,test,Yawning,Female,1,552,597,16,16,0,False,25.0,1.8
seq_test_000538,P1043134_720.mp4,test,Yawning,Female,1,576,621,16,16,0,False,25.0,1.8
seq_test_000539,P1042801_720.mp4,test,Yawning,Male,1,0,45,16,16,0,False,25.0,1.8
seq_test_000540,P1042801_720.mp4,test,Yawning,Male,1,24,69,16,16,0,False,25.0,1.8
seq_test_000541,P1042801_720.mp4,test,Yawning,Male,1,48,93,16,16,0,False,25.0,1.8
seq_test_000542,P1042801_720.mp4,test,Yawning,Male,1,72,117,16,16,0,False,25.0,1.8
seq_test_000543,P1042801_720.mp4,test,Yawning,Male,1,96,141,16,16,0,False,25.0,1.8
seq_test_000544,P1042801_720.mp4,test,Yawning,Male,1,120,165,16,16,0,False,25.0,1.8
seq_test_000545,P1042801_720.mp4,test,Yawning,Male,1,144,189,16,16,0,False,25.0,1.8
seq_test_000546,P1042801_720.mp4,test,Yawning,Male,1,168,213,16,16,0,False,25.0,1.8
seq_test_000547,P1042801_720.mp4,test,Yawning,Male,1,192,237,16,16,0,False,25.0,1.8
seq_test_000548,P1042801_720.mp4,test,Yawning,Male,1,216,261,16,16,0,False,25.0,1.8
seq_test_000549,P1042801_720.mp4,test,Yawning,Male,1,240,285,16,16,0,False,25.0,1.8
seq_test_000550,P1042801_720.mp4,test,Yawning,Male,1,264,309,16,16,0,False,25.0,1.8
seq_test_000551,P1042801_720.mp4,test,Yawning,Male,1,288,333,16,16,0,False,25.0,1.8
seq_test_000552,P1042801_720.mp4,test,Yawning,Male,1,312,357,16,16,0,False,25.0,1.8
seq_test_000553,P1042801_720.mp4,test,Yawning,Male,1,336,381,16,16,0,False,25.0,1.8
seq_test_000554,P1042801_720.mp4,test,Yawning,Male,1,360,405,16,16,0,False,25.0,1.8
seq_test_000555,P1042801_720.mp4,test,Yawning,Male,1,384,429,16,16,0,False,25.0,1.8
seq_test_000556,P1042801_720.mp4,test,Yawning,Male,1,408,453,16,16,0,False,25.0,1.8
seq_test_000557,P1042801_720.mp4,test,Yawning,Male,1,432,477,16,16,0,False,25.0,1.8
seq_test_000558,P1042801_720.mp4,test,Yawning,Male,1,456,501,16,16,0,False,25.0,1.8
seq_test_000559,P1042801_720.mp4,test,Yawning,Male,1,480,525,16,16,0,False,25.0,1.8
seq_test_000560,P1042801_720.mp4,test,Yawning,Male,1,504,549,16,16,0,False,25.0,1.8
seq_test_000561,P1042801_720.mp4,test,Yawning,Male,1,528,573,16,16,0,False,25.0,1.8
seq_test_000562,P1043121_720.mp4,test,Yawning,Female,1,0,45,16,16,0,False,25.0,1.8
seq_test_000563,P1043121_720.mp4,test,Yawning,Female,1,24,69,16,16,0,False,25.0,1.8
seq_test_000564,P1043121_720.mp4,test,Yawning,Female,1,48,93,16,16,0,False,25.0,1.8
seq_test_000565,P1043121_720.mp4,test,Yawning,Female,1,72,117,16,16,0,False,25.0,1.8
seq_test_000566,P1043121_720.mp4,test,Yawning,Female,1,96,141,16,16,0,False,25.0,1.8
seq_test_000567,P1043121_720.mp4,test,Yawning,Female,1,120,165,16,16,0,False,25.0,1.8
seq_test_000568,P1043121_720.mp4,test,Yawning,Female,1,144,189,16,16,0,False,25.0,1.8
seq_test_000569,P1043121_720.mp4,test,Yawning,Female,1,168,213,16,16,0,False,25.0,1.8
seq_test_000570,P1043121_720.mp4,test,Yawning,Female,1,192,237,16,16,0,False,25.0,1.8
seq_test_000571,P1043121_720.mp4,test,Yawning,Female,1,216,261,16,16,0,False,25.0,1.8
seq_test_000572,P1043121_720.mp4,test,Yawning,Female,1,240,285,16,16,0,False,25.0,1.8
seq_test_000573,P1043121_720.mp4,test,Yawning,Female,1,264,309,16,16,0,False,25.0,1.8
seq_test_000574,P1043121_720.mp4,test,Yawning,Female,1,288,333,16,16,0,False,25.0,1.8
seq_test_000575,P1043121_720.mp4,test,Yawning,Female,1,312,357,16,16,0,False,25.0,1.8
seq_test_000576,P1043121_720.mp4,test,Yawning,Female,1,336,381,16,16,0,False,25.0,1.8
seq_test_000577,P1043121_720.mp4,test,Yawning,Female,1,360,405,16,16,0,False,25.0,1.8
seq_test_000578,P1043121_720.mp4,test,Yawning,Female,1,384,429,16,16,0,False,25.0,1.8
seq_test_000579,P1043121_720.mp4,test,Yawning,Female,1,408,453,16,16,0,False,25.0,1.8
seq_test_000580,P1043121_720.mp4,test,Yawning,Female,1,432,477,16,16,0,False,25.0,1.8
seq_test_000581,P1043121_720.mp4,test,Yawning,Female,1,456,501,16,16,0,False,25.0,1.8
seq_test_000582,P1043121_720.mp4,test,Yawning,Female,1,480,525,16,16,0,False,25.0,1.8
seq_test_000583,P1043121_720.mp4,test,Yawning,Female,1,504,549,16,16,0,False,25.0,1.8
seq_test_000584,P1043121_720.mp4,test,Yawning,Female,1,528,573,16,16,0,False,25.0,1.8
seq_test_000585,P1043110_720.mp4,test,Yawning,Female,1,0,45,16,16,0,False,25.0,1.8
seq_test_000586,P1043110_720.mp4,test,Yawning,Female,1,24,69,16,16,0,False,25.0,1.8
seq_test_000587,P1043110_720.mp4,test,Yawning,Female,1,48,93,16,16,0,False,25.0,1.8
seq_test_000588,P1043110_720.mp4,test,Yawning,Female,1,72,117,16,16,0,False,25.0,1.8
seq_test_000589,P1043110_720.mp4,test,Yawning,Female,1,96,141,16,16,0,False,25.0,1.8
seq_test_000590,P1043110_720.mp4,test,Yawning,Female,1,120,165,16,16,0,False,25.0,1.8
seq_test_000591,P1043110_720.mp4,test,Yawning,Female,1,144,189,16,16,0,False,25.0,1.8
seq_test_000592,P1043110_720.mp4,test,Yawning,Female,1,168,213,16,16,0,False,25.0,1.8
seq_test_000593,P1043110_720.mp4,test,Yawning,Female,1,192,237,16,16,0,False,25.0,1.8
seq_test_000594,P1043110_720.mp4,test,Yawning,Female,1,216,261,16,16,0,False,25.0,1.8
seq_test_000595,P1043110_720.mp4,test,Yawning,Female,1,240,285,16,16,0,False,25.0,1.8
seq_test_000596,P1043110_720.mp4,test,Yawning,Female,1,264,309,16,16,0,False,25.0,1.8
seq_test_000597,P1043110_720.mp4,test,Yawning,Female,1,288,333,16,16,0,False,25.0,1.8
seq_test_000598,P1043110_720.mp4,test,Yawning,Female,1,312,357,16,16,0,False,25.0,1.8
seq_test_000599,P1043110_720.mp4,test,Yawning,Female,1,336,381,16,16,0,False,25.0,1.8
seq_test_000600,P1043110_720.mp4,test,Yawning,Female,1,360,405,16,16,0,False,25.0,1.8
seq_test_000601,P1043110_720.mp4,test,Yawning,Female,1,384,429,16,16,0,False,25.0,1.8
seq_test_000602,P1043115_720.mp4,test,Microsleep,Female,1,0,45,16,16,0,False,25.0,1.8
seq_test_000603,P1043115_720.mp4,test,Microsleep,Female,1,24,69,16,16,0,False,25.0,1.8
seq_test_000604,P1043115_720.mp4,test,Microsleep,Female,1,48,93,16,16,0,False,25.0,1.8
seq_test_000605,P1043115_720.mp4,test,Microsleep,Female,1,72,117,16,16,0,False,25.0,1.8
seq_test_000606,P1043115_720.mp4,test,Microsleep,Female,1,96,141,16,16,0,False,25.0,1.8
seq_test_000607,P1043115_720.mp4,test,Microsleep,Female,1,120,165,16,16,0,False,25.0,1.8
seq_test_000608,P1043115_720.mp4,test,Microsleep,Female,1,144,189,16,16,0,False,25.0,1.8
seq_test_000609,P1043115_720.mp4,test,Microsleep,Female,1,168,213,16,16,0,False,25.0,1.8
seq_test_000610,P1043115_720.mp4,test,Microsleep,Female,1,192,237,16,16,0,False,25.0,1.8
seq_test_000611,P1043115_720.mp4,test,Microsleep,Female,1,216,261,16,16,0,False,25.0,1.8
seq_test_000612,P1043115_720.mp4,test,Microsleep,Female,1,240,285,16,16,0,False,25.0,1.8
seq_test_000613,P1043115_720.mp4,test,Microsleep,Female,1,264,309,16,16,0,False,25.0,1.8
seq_test_000614,P1043115_720.mp4,test,Microsleep,Female,1,288,333,16,16,0,False,25.0,1.8
seq_test_000615,P1043115_720.mp4,test,Microsleep,Female,1,312,357,16,16,0,False,25.0,1.8
seq_test_000616,P1043115_720.mp4,test,Microsleep,Female,1,336,381,16,16,0,False,25.0,1.8
seq_test_000617,P1043115_720.mp4,test,Microsleep,Female,1,360,405,16,16,0,False,25.0,1.8
seq_test_000618,P1043115_720.mp4,test,Microsleep,Female,1,384,429,16,16,0,False,25.0,1.8
seq_test_000619,P1043115_720.mp4,test,Microsleep,Female,1,408,453,16,16,0,False,25.0,1.8
seq_test_000620,P1043115_720.mp4,test,Microsleep,Female,1,432,477,16,16,0,False,25.0,1.8
seq_test_000621,P1043115_720.mp4,test,Microsleep,Female,1,456,501,16,16,0,False,25.0,1.8
seq_test_000622,P1043115_720.mp4,test,Microsleep,Female,1,480,525,16,16,0,False,25.0,1.8
seq_test_000623,P1043115_720.mp4,test,Microsleep,Female,1,504,549,16,16,0,False,25.0,1.8
seq_test_000624,P1043115_720.mp4,test,Microsleep,Female,1,528,573,16,16,0,False,25.0,1.8
seq_test_000625,P1043115_720.mp4,test,Microsleep,Female,1,552,597,16,16,0,False,25.0,1.8
seq_test_000626,P1043115_720.mp4,test,Microsleep,Female,1,576,621,16,16,0,False,25.0,1.8
seq_test_000627,P1043115_720.mp4,test,Microsleep,Female,1,600,645,16,16,0,False,25.0,1.8
seq_test_000628,P1043115_720.mp4,test,Microsleep,Female,1,624,669,16,16,0,False,25.0,1.8
seq_test_000629,P1043115_720.mp4,test,Microsleep,Female,1,648,693,16,16,0,False,25.0,1.8
seq_test_000630,P1043115_720.mp4,test,Microsleep,Female,1,672,717,16,16,0,False,25.0,1.8
seq_test_000631,P1043115_720.mp4,test,Microsleep,Female,1,696,741,16,16,0,False,25.0,1.8
seq_test_000632,P1043115_720.mp4,test,Microsleep,Female,1,720,765,16,16,0,False,25.0,1.8
seq_test_000633,P1043115_720.mp4,test,Microsleep,Female,1,744,789,16,16,0,False,25.0,1.8
seq_test_000634,P1043115_720.mp4,test,Microsleep,Female,1,768,813,16,16,0,False,25.0,1.8
seq_test_000635,P1043115_720.mp4,test,Microsleep,Female,1,792,837,16,16,0,False,25.0,1.8
seq_test_000636,P1043115_720.mp4,test,Microsleep,Female,1,816,861,16,16,0,False,25.0,1.8
seq_test_000637,P1043115_720.mp4,test,Microsleep,Female,1,840,885,16,16,0,False,25.0,1.8
seq_test_000638,P1043115_720.mp4,test,Microsleep,Female,1,864,909,16,16,0,False,25.0,1.8
seq_test_000639,P1043115_720.mp4,test,Microsleep,Female,1,888,933,16,16,0,False,25.0,1.8
seq_test_000640,P1043115_720.mp4,test,Microsleep,Female,1,912,957,16,16,0,False,25.0,1.8
seq_test_000641,P1043115_720.mp4,test,Microsleep,Female,1,936,981,16,16,0,False,25.0,1.8
seq_test_000642,P1043115_720.mp4,test,Microsleep,Female,1,960,1005,16,16,0,False,25.0,1.8
seq_test_000643,P1043115_720.mp4,test,Microsleep,Female,1,984,1029,16,16,0,False,25.0,1.8
seq_test_000644,P1043115_720.mp4,test,Microsleep,Female,1,1008,1053,16,16,0,False,25.0,1.8
seq_test_000645,P1043115_720.mp4,test,Microsleep,Female,1,1032,1077,16,16,0,False,25.0,1.8
seq_test_000646,P1043115_720.mp4,test,Microsleep,Female,1,1056,1101,16,16,0,False,25.0,1.8
seq_test_000647,P1043115_720.mp4,test,Microsleep,Female,1,1080,1125,16,16,0,False,25.0,1.8
seq_test_000648,P1043115_720.mp4,test,Microsleep,Female,1,1104,1149,16,16,0,False,25.0,1.8
seq_test_000649,P1043115_720.mp4,test,Microsleep,Female,1,1128,1173,16,16,0,False,25.0,1.8
seq_test_000650,P1043115_720.mp4,test,Microsleep,Female,1,1152,1197,16,16,0,False,25.0,1.8
seq_test_000651,P1043115_720.mp4,test,Microsleep,Female,1,1176,1221,16,16,0,False,25.0,1.8
seq_test_000652,P1043115_720.mp4,test,Microsleep,Female,1,1200,1245,16,16,0,False,25.0,1.8
seq_test_000653,P1043115_720.mp4,test,Microsleep,Female,1,1224,1269,16,16,0,False,25.0,1.8
seq_test_000654,P1043115_720.mp4,test,Microsleep,Female,1,1248,1293,16,16,0,False,25.0,1.8
seq_test_000655,P1043115_720.mp4,test,Microsleep,Female,1,1272,1317,16,16,0,False,25.0,1.8
seq_test_000656,P1043115_720.mp4,test,Microsleep,Female,1,1296,1341,16,16,0,False,25.0,1.8
seq_test_000657,P1043115_720.mp4,test,Microsleep,Female,1,1320,1365,16,16,0,False,25.0,1.8
seq_test_000658,P1043115_720.mp4,test,Microsleep,Female,1,1344,1389,16,16,0,False,25.0,1.8
seq_test_000659,P1043115_720.mp4,test,Microsleep,Female,1,1368,1413,16,16,0,False,25.0,1.8
seq_test_000660,P1043115_720.mp4,test,Microsleep,Female,1,1392,1437,16,16,0,False,25.0,1.8
seq_test_000661,P1043115_720.mp4,test,Microsleep,Female,1,1416,1461,16,16,0,False,25.0,1.8
seq_test_000662,P1043115_720.mp4,test,Microsleep,Female,1,1440,1485,16,16,0,False,25.0,1.8
seq_test_000663,P1043115_720.mp4,test,Microsleep,Female,1,1464,1509,16,16,0,False,25.0,1.8
seq_test_000664,P1043115_720.mp4,test,Microsleep,Female,1,1488,1533,16,16,0,False,25.0,1.8
seq_test_000665,P1043115_720.mp4,test,Microsleep,Female,1,1512,1557,16,16,0,False,25.0,1.8
seq_test_000666,P1043115_720.mp4,test,Microsleep,Female,1,1536,1581,16,16,0,False,25.0,1.8
seq_test_000667,P1043115_720.mp4,test,Microsleep,Female,1,1560,1605,16,16,0,False,25.0,1.8
seq_test_000668,P1043115_720.mp4,test,Microsleep,Female,1,1584,1629,16,16,0,False,25.0,1.8
seq_test_000669,P1043115_720.mp4,test,Microsleep,Female,1,1608,1653,16,16,0,False,25.0,1.8
seq_test_000670,P1043115_720.mp4,test,Microsleep,Female,1,1632,1677,16,16,0,False,25.0,1.8
seq_test_000671,P1043115_720.mp4,test,Microsleep,Female,1,1656,1701,16,16,0,False,25.0,1.8
seq_test_000672,P1043115_720.mp4,test,Microsleep,Female,1,1680,1725,16,16,0,False,25.0,1.8
seq_test_000673,P1043115_720.mp4,test,Microsleep,Female,1,1704,1749,16,16,0,False,25.0,1.8
seq_test_000674,P1043115_720.mp4,test,Microsleep,Female,1,1728,1773,16,16,0,False,25.0,1.8
seq_test_000675,P1043115_720.mp4,test,Microsleep,Female,1,1752,1797,16,16,0,False,25.0,1.8
seq_test_000676,P1043115_720.mp4,test,Microsleep,Female,1,1776,1821,16,16,0,False,25.0,1.8
seq_test_000677,P1043115_720.mp4,test,Microsleep,Female,1,1800,1845,16,16,0,False,25.0,1.8
seq_test_000678,P1043115_720.mp4,test,Microsleep,Female,1,1824,1869,16,16,0,False,25.0,1.8
seq_test_000679,P1043115_720.mp4,test,Microsleep,Female,1,1848,1893,16,16,0,False,25.0,1.8
seq_test_000680,P1043115_720.mp4,test,Microsleep,Female,1,1872,1917,16,16,0,False,25.0,1.8
seq_test_000681,P1043115_720.mp4,test,Microsleep,Female,1,1896,1941,16,16,0,False,25.0,1.8
seq_test_000682,P1043115_720.mp4,test,Microsleep,Female,1,1920,1965,16,16,0,False,25.0,1.8
seq_test_000683,P1043115_720.mp4,test,Microsleep,Female,1,1944,1989,16,16,0,False,25.0,1.8
seq_test_000684,P1043115_720.mp4,test,Microsleep,Female,1,1968,2013,16,16,0,False,25.0,1.8
seq_test_000685,P1043115_720.mp4,test,Microsleep,Female,1,1992,2037,16,16,0,False,25.0,1.8
seq_test_000686,P1043115_720.mp4,test,Microsleep,Female,1,2016,2061,16,16,0,False,25.0,1.8
seq_test_000687,P1043115_720.mp4,test,Microsleep,Female,1,2040,2085,16,16,0,False,25.0,1.8
seq_test_000688,P1043115_720.mp4,test,Microsleep,Female,1,2064,2109,16,16,0,False,25.0,1.8
seq_test_000689,P1043115_720.mp4,test,Microsleep,Female,1,2088,2133,16,16,0,False,25.0,1.8
seq_test_000690,P1043115_720.mp4,test,Microsleep,Female,1,2112,2157,16,16,0,False,25.0,1.8
seq_test_000691,P1043115_720.mp4,test,Microsleep,Female,1,2136,2181,16,16,0,False,25.0,1.8
seq_test_000692,P1043115_720.mp4,test,Microsleep,Female,1,2160,2205,16,16,0,False,25.0,1.8
seq_test_000693,P1043115_720.mp4,test,Microsleep,Female,1,2184,2229,16,16,0,False,25.0,1.8
seq_test_000694,P1043115_720.mp4,test,Microsleep,Female,1,2208,2253,16,16,0,False,25.0,1.8
seq_test_000695,P1043115_720.mp4,test,Microsleep,Female,1,2232,2277,16,16,0,False,25.0,1.8
seq_test_000696,P1043115_720.mp4,test,Microsleep,Female,1,2256,2301,16,16,0,False,25.0,1.8
seq_test_000697,P1043115_720.mp4,test,Microsleep,Female,1,2280,2325,16,16,0,False,25.0,1.8
seq_test_000698,P1043115_720.mp4,test,Microsleep,Female,1,2304,2349,16,16,0,False,25.0,1.8
seq_test_000699,P1043115_720.mp4,test,Microsleep,Female,1,2328,2373,16,16,0,False,25.0,1.8
seq_test_000700,P1043115_720.mp4,test,Microsleep,Female,1,2352,2397,16,16,0,False,25.0,1.8
seq_test_000701,P1043115_720.mp4,test,Microsleep,Female,1,2376,2421,16,16,0,False,25.0,1.8
seq_test_000702,P1043115_720.mp4,test,Microsleep,Female,1,2400,2445,16,16,0,False,25.0,1.8
seq_test_000703,P1043115_720.mp4,test,Microsleep,Female,1,2424,2469,16,16,0,False,25.0,1.8
seq_test_000704,P1043115_720.mp4,test,Microsleep,Female,1,2448,2493,16,16,0,False,25.0,1.8
seq_test_000705,P1043115_720.mp4,test,Microsleep,Female,1,2472,2517,16,16,0,False,25.0,1.8
seq_test_000706,P1043115_720.mp4,test,Microsleep,Female,1,2496,2541,16,16,0,False,25.0,1.8
seq_test_000707,P1043115_720.mp4,test,Microsleep,Female,1,2520,2565,16,16,0,False,25.0,1.8
seq_test_000708,P1043115_720.mp4,test,Microsleep,Female,1,2544,2589,16,16,0,False,25.0,1.8
seq_test_000709,P1043115_720.mp4,test,Microsleep,Female,1,2568,2613,16,16,0,False,25.0,1.8
seq_test_000710,P1043115_720.mp4,test,Microsleep,Female,1,2592,2637,16,16,0,False,25.0,1.8
seq_test_000711,P1043115_720.mp4,test,Microsleep,Female,1,2616,2661,16,16,0,False,25.0,1.8
seq_test_000712,P1043115_720.mp4,test,Microsleep,Female,1,2640,2685,16,16,0,False,25.0,1.8
seq_test_000713,P1043115_720.mp4,test,Microsleep,Female,1,2664,2709,16,16,0,False,25.0,1.8
seq_test_000714,P1043115_720.mp4,test,Microsleep,Female,1,2688,2733,16,16,0,False,25.0,1.8
seq_test_000715,P1043115_720.mp4,test,Microsleep,Female,1,2712,2757,16,14,2,True,25.0,1.8
seq_test_000716,P1043115_720.mp4,test,Microsleep,Female,1,2736,2781,16,14,2,True,25.0,1.8
seq_test_000717,P1043115_720.mp4,test,Microsleep,Female,1,2760,2805,16,16,0,False,25.0,1.8
seq_test_000718,P1043115_720.mp4,test,Microsleep,Female,1,2784,2829,16,16,0,False,25.0,1.8
seq_test_000719,P1043115_720.mp4,test,Microsleep,Female,1,2808,2853,16,16,0,False,25.0,1.8
seq_test_000720,P1043115_720.mp4,test,Microsleep,Female,1,2832,2877,16,16,0,False,25.0,1.8
seq_test_000721,P1043115_720.mp4,test,Microsleep,Female,1,2856,2901,16,16,0,False,25.0,1.8
seq_test_000722,P1043115_720.mp4,test,Microsleep,Female,1,2880,2925,16,16,0,False,25.0,1.8
seq_test_000723,P1043115_720.mp4,test,Microsleep,Female,1,2904,2949,16,16,0,False,25.0,1.8
seq_test_000724,P1043115_720.mp4,test,Microsleep,Female,1,2928,2973,16,16,0,False,25.0,1.8
seq_test_000725,P1043115_720.mp4,test,Microsleep,Female,1,2952,2997,16,16,0,False,25.0,1.8
seq_test_000726,P1043115_720.mp4,test,Microsleep,Female,1,2976,3021,16,16,0,False,25.0,1.8
seq_test_000727,P1043115_720.mp4,test,Microsleep,Female,1,3000,3045,16,16,0,False,25.0,1.8
seq_test_000728,P1042765_720.mp4,test,Yawning,Male,1,0,45,16,16,0,False,25.0,1.8
seq_test_000729,P1042765_720.mp4,test,Yawning,Male,1,24,69,16,16,0,False,25.0,1.8
seq_test_000730,P1042765_720.mp4,test,Yawning,Male,1,48,93,16,16,0,False,25.0,1.8
seq_test_000731,P1042765_720.mp4,test,Yawning,Male,1,72,117,16,16,0,False,25.0,1.8
seq_test_000732,P1042765_720.mp4,test,Yawning,Male,1,96,141,16,16,0,False,25.0,1.8
seq_test_000733,P1042765_720.mp4,test,Yawning,Male,1,120,165,16,16,0,False,25.0,1.8
seq_test_000734,P1042765_720.mp4,test,Yawning,Male,1,144,189,16,16,0,False,25.0,1.8
seq_test_000735,P1042765_720.mp4,test,Yawning,Male,1,168,213,16,16,0,False,25.0,1.8
seq_test_000736,P1042765_720.mp4,test,Yawning,Male,1,192,237,16,16,0,False,25.0,1.8
seq_test_000737,P1042765_720.mp4,test,Yawning,Male,1,216,261,16,16,0,False,25.0,1.8
seq_test_000738,P1042765_720.mp4,test,Yawning,Male,1,240,285,16,16,0,False,25.0,1.8
seq_test_000739,P1042765_720.mp4,test,Yawning,Male,1,264,309,16,16,0,False,25.0,1.8
seq_test_000740,P1042765_720.mp4,test,Yawning,Male,1,288,333,16,16,0,False,25.0,1.8
seq_test_000741,P1042765_720.mp4,test,Yawning,Male,1,312,357,16,16,0,False,25.0,1.8
seq_test_000742,P1042765_720.mp4,test,Yawning,Male,1,336,381,16,16,0,False,25.0,1.8
seq_test_000743,P1042765_720.mp4,test,Yawning,Male,1,360,405,16,16,0,False,25.0,1.8
seq_test_000744,P1042765_720.mp4,test,Yawning,Male,1,384,429,16,16,0,False,25.0,1.8
seq_test_000745,P1042765_720.mp4,test,Yawning,Male,1,408,453,16,16,0,False,25.0,1.8
seq_test_000746,P1042765_720.mp4,test,Yawning,Male,1,432,477,16,16,0,False,25.0,1.8
seq_test_000747,P1042765_720.mp4,test,Yawning,Male,1,456,501,16,16,0,False,25.0,1.8
seq_test_000748,P1042765_720.mp4,test,Yawning,Male,1,480,525,16,16,0,False,25.0,1.8
seq_test_000749,P1042765_720.mp4,test,Yawning,Male,1,504,549,16,16,0,False,25.0,1.8
seq_test_000750,P1042765_720.mp4,test,Yawning,Male,1,528,573,16,16,0,False,25.0,1.8
seq_test_000751,P1042765_720.mp4,test,Yawning,Male,1,552,597,16,16,0,False,25.0,1.8
seq_test_000752,P1042765_720.mp4,test,Yawning,Male,1,576,621,16,16,0,False,25.0,1.8
seq_test_000753,P1042765_720.mp4,test,Yawning,Male,1,600,645,16,16,0,False,25.0,1.8
seq_test_000754,P1042765_720.mp4,test,Yawning,Male,1,624,669,16,16,0,False,25.0,1.8
seq_test_000755,P1042765_720.mp4,test,Yawning,Male,1,648,693,16,16,0,False,25.0,1.8
seq_test_000756,P1042765_720.mp4,test,Yawning,Male,1,672,717,16,16,0,False,25.0,1.8
seq_test_000757,P1042765_720.mp4,test,Yawning,Male,1,696,741,16,16,0,False,25.0,1.8
seq_test_000758,P1042765_720.mp4,test,Yawning,Male,1,720,765,16,16,0,False,25.0,1.8
seq_test_000759,P1042766_720.mp4,test,Yawning,Male,1,0,45,16,16,0,False,25.0,1.8
seq_test_000760,P1042766_720.mp4,test,Yawning,Male,1,24,69,16,16,0,False,25.0,1.8
seq_test_000761,P1042766_720.mp4,test,Yawning,Male,1,48,93,16,16,0,False,25.0,1.8
seq_test_000762,P1042766_720.mp4,test,Yawning,Male,1,72,117,16,16,0,False,25.0,1.8
seq_test_000763,P1042766_720.mp4,test,Yawning,Male,1,96,141,16,16,0,False,25.0,1.8
seq_test_000764,P1042766_720.mp4,test,Yawning,Male,1,120,165,16,16,0,False,25.0,1.8
seq_test_000765,P1042766_720.mp4,test,Yawning,Male,1,144,189,16,16,0,False,25.0,1.8
seq_test_000766,P1042766_720.mp4,test,Yawning,Male,1,168,213,16,16,0,False,25.0,1.8
seq_test_000767,P1042766_720.mp4,test,Yawning,Male,1,192,237,16,16,0,False,25.0,1.8
seq_test_000768,P1042766_720.mp4,test,Yawning,Male,1,216,261,16,16,0,False,25.0,1.8
seq_test_000769,P1042766_720.mp4,test,Yawning,Male,1,240,285,16,16,0,False,25.0,1.8
seq_test_000770,P1042766_720.mp4,test,Yawning,Male,1,264,309,16,16,0,False,25.0,1.8
seq_test_000771,P1042766_720.mp4,test,Yawning,Male,1,288,333,16,16,0,False,25.0,1.8
seq_test_000772,P1042766_720.mp4,test,Yawning,Male,1,312,357,16,16,0,False,25.0,1.8
seq_test_000773,P1042766_720.mp4,test,Yawning,Male,1,336,381,16,16,0,False,25.0,1.8
seq_test_000774,P1042766_720.mp4,test,Yawning,Male,1,360,405,16,16,0,False,25.0,1.8
seq_test_000775,P1042766_720.mp4,test,Yawning,Male,1,384,429,16,16,0,False,25.0,1.8
seq_test_000776,P1042766_720.mp4,test,Yawning,Male,1,408,453,16,16,0,False,25.0,1.8
seq_test_000777,P1042766_720.mp4,test,Yawning,Male,1,432,477,16,16,0,False,25.0,1.8
seq_test_000778,P1042766_720.mp4,test,Yawning,Male,1,456,501,16,16,0,False,25.0,1.8
seq_test_000779,P1042766_720.mp4,test,Yawning,Male,1,480,525,16,16,0,False,25.0,1.8
seq_test_000780,P1042766_720.mp4,test,Yawning,Male,1,504,549,16,16,0,False,25.0,1.8
seq_test_000781,P1042766_720.mp4,test,Yawning,Male,1,528,573,16,16,0,False,25.0,1.8
seq_test_000782,P1042766_720.mp4,test,Yawning,Male,1,552,597,16,16,0,False,25.0,1.8
seq_test_000783,P1042766_720.mp4,test,Yawning,Male,1,576,621,16,16,0,False,25.0,1.8
seq_test_000784,P1042766_720.mp4,test,Yawning,Male,1,600,645,16,16,0,False,25.0,1.8
seq_test_000785,P1042778_720.mp4,test,Yawning,Female,1,0,45,16,13,3,True,25.0,1.8
seq_test_000786,P1042778_720.mp4,test,Yawning,Female,1,24,69,16,13,3,True,25.0,1.8
seq_test_000787,P1042778_720.mp4,test,Yawning,Female,1,48,93,16,16,0,False,25.0,1.8
seq_test_000788,P1042778_720.mp4,test,Yawning,Female,1,72,117,16,16,0,False,25.0,1.8
seq_test_000789,P1042778_720.mp4,test,Yawning,Female,1,96,141,16,16,0,False,25.0,1.8
seq_test_000790,P1042778_720.mp4,test,Yawning,Female,1,120,165,16,16,0,False,25.0,1.8
seq_test_000791,P1042778_720.mp4,test,Yawning,Female,1,144,189,16,16,0,False,25.0,1.8
seq_test_000792,P1042778_720.mp4,test,Yawning,Female,1,168,213,16,16,0,False,25.0,1.8
seq_test_000793,P1042778_720.mp4,test,Yawning,Female,1,192,237,16,16,0,False,25.0,1.8
seq_test_000794,P1042778_720.mp4,test,Yawning,Female,1,216,261,16,16,0,False,25.0,1.8
seq_test_000795,P1042778_720.mp4,test,Yawning,Female,1,240,285,16,16,0,False,25.0,1.8
seq_test_000796,P1042778_720.mp4,test,Yawning,Female,1,264,309,16,16,0,False,25.0,1.8
seq_test_000797,P1042778_720.mp4,test,Yawning,Female,1,288,333,16,16,0,False,25.0,1.8
seq_test_000798,P1042778_720.mp4,test,Yawning,Female,1,312,357,16,16,0,False,25.0,1.8
seq_test_000799,P1042778_720.mp4,test,Yawning,Female,1,336,381,16,16,0,False,25.0,1.8
seq_test_000800,P1042778_720.mp4,test,Yawning,Female,1,360,405,16,16,0,False,25.0,1.8
seq_test_000801,P1042778_720.mp4,test,Yawning,Female,1,384,429,16,16,0,False,25.0,1.8
seq_test_000802,P1042778_720.mp4,test,Yawning,Female,1,408,453,16,16,0,False,25.0,1.8
seq_test_000803,P1042778_720.mp4,test,Yawning,Female,1,432,477,16,16,0,False,25.0,1.8
seq_test_000804,P1042778_720.mp4,test,Yawning,Female,1,456,501,16,16,0,False,25.0,1.8
seq_test_000805,P1042778_720.mp4,test,Yawning,Female,1,480,525,16,16,0,False,25.0,1.8
seq_test_000806,P1042778_720.mp4,test,Yawning,Female,1,504,549,16,16,0,False,25.0,1.8
seq_test_000807,P1042778_720.mp4,test,Yawning,Female,1,528,573,16,16,0,False,25.0,1.8
seq_test_000808,P1042778_720.mp4,test,Yawning,Female,1,552,597,16,16,0,False,25.0,1.8
seq_test_000809,P1042778_720.mp4,test,Yawning,Female,1,576,621,16,16,0,False,25.0,1.8
seq_test_000810,P1042778_720.mp4,test,Yawning,Female,1,600,645,16,16,0,False,25.0,1.8
seq_test_000811,P1042778_720.mp4,test,Yawning,Female,1,624,669,16,16,0,False,25.0,1.8
seq_test_000812,P1042778_720.mp4,test,Yawning,Female,1,648,693,16,16,0,False,25.0,1.8
seq_test_000813,P1042778_720.mp4,test,Yawning,Female,1,672,717,16,16,0,False,25.0,1.8
seq_test_000814,P1042778_720.mp4,test,Yawning,Female,1,696,741,16,16,0,False,25.0,1.8
seq_test_000815,P1042778_720.mp4,test,Yawning,Female,1,720,765,16,16,0,False,25.0,1.8
seq_test_000816,P1042778_720.mp4,test,Yawning,Female,1,744,789,16,16,0,False,25.0,1.8
seq_test_000817,P1042778_720.mp4,test,Yawning,Female,1,768,813,16,16,0,False,25.0,1.8
seq_test_000818,P1042778_720.mp4,test,Yawning,Female,1,792,837,16,16,0,False,25.0,1.8
seq_test_000819,P1042778_720.mp4,test,Yawning,Female,1,816,861,16,16,0,False,25.0,1.8
seq_test_000820,P1042778_720.mp4,test,Yawning,Female,1,840,885,16,16,0,False,25.0,1.8
seq_test_000821,P1042778_720.mp4,test,Yawning,Female,1,864,909,16,16,0,False,25.0,1.8
seq_test_000822,P1042778_720.mp4,test,Yawning,Female,1,888,933,16,16,0,False,25.0,1.8
seq_test_000823,P1042778_720.mp4,test,Yawning,Female,1,912,957,16,16,0,False,25.0,1.8
seq_test_000824,P1042778_720.mp4,test,Yawning,Female,1,936,981,16,16,0,False,25.0,1.8
seq_test_000825,P1042778_720.mp4,test,Yawning,Female,1,960,1005,16,16,0,False,25.0,1.8
seq_test_000826,P1042778_720.mp4,test,Yawning,Female,1,984,1029,16,16,0,False,25.0,1.8
seq_test_000827,P1042778_720.mp4,test,Yawning,Female,1,1008,1053,16,16,0,False,25.0,1.8
seq_test_000828,P1042778_720.mp4,test,Yawning,Female,1,1032,1077,16,15,1,True,25.0,1.8
seq_test_000829,P1042778_720.mp4,test,Yawning,Female,1,1056,1101,16,15,1,True,25.0,1.8
seq_test_000830,P1042778_720.mp4,test,Yawning,Female,1,1080,1125,16,16,0,False,25.0,1.8
seq_test_000831,P1042778_720.mp4,test,Yawning,Female,1,1104,1149,16,16,0,False,25.0,1.8
seq_test_000832,P1042778_720.mp4,test,Yawning,Female,1,1128,1173,16,16,0,False,25.0,1.8
seq_test_000833,P1042778_720.mp4,test,Yawning,Female,1,1152,1197,16,16,0,False,25.0,1.8
seq_test_000834,P1042778_720.mp4,test,Yawning,Female,1,1176,1221,16,16,0,False,25.0,1.8
seq_test_000835,P1042778_720.mp4,test,Yawning,Female,1,1200,1245,16,16,0,False,25.0,1.8
seq_test_000836,P1042778_720.mp4,test,Yawning,Female,1,1224,1269,16,16,0,False,25.0,1.8
seq_test_000837,P1042778_720.mp4,test,Yawning,Female,1,1248,1293,16,16,0,False,25.0,1.8
seq_test_000838,P1042778_720.mp4,test,Yawning,Female,1,1272,1317,16,16,0,False,25.0,1.8
seq_test_000839,P1042778_720.mp4,test,Yawning,Female,1,1296,1341,16,16,0,False,25.0,1.8
seq_test_000840,P1042778_720.mp4,test,Yawning,Female,1,1320,1365,16,16,0,False,25.0,1.8
seq_test_000841,P1042778_720.mp4,test,Yawning,Female,1,1344,1389,16,16,0,False,25.0,1.8
seq_test_000842,P1042778_720.mp4,test,Yawning,Female,1,1368,1413,16,13,3,True,25.0,1.8
seq_test_000843,P1042778_720.mp4,test,Yawning,Female,1,1416,1461,16,13,3,True,25.0,1.8
seq_test_000844,P1042778_720.mp4,test,Yawning,Female,1,1440,1485,16,13,3,True,25.0,1.8
